ISO-10303-21;
HEADER;
/* Generated by software containing ST-Developer
 * from STEP Tools, Inc. (www.steptools.com) 
 */

FILE_DESCRIPTION(
/* description */ (''),
/* implementation_level */ '2;1');

FILE_NAME(
/* name */ 'B_arm.step',
/* time_stamp */ '2025-12-08T17:06:03+01:00',
/* author */ (''),
/* organization */ (''),
/* preprocessor_version */ 'ST-DEVELOPER v20.1',
/* originating_system */ 'Autodesk Translation Framework v14.21.0.0',
/* authorisation */ '');

FILE_SCHEMA (('AUTOMOTIVE_DESIGN { 1 0 10303 214 3 1 1 }'));
ENDSEC;

DATA;
#10=MECHANICAL_DESIGN_GEOMETRIC_PRESENTATION_REPRESENTATION('',(#13),#6329);
#11=SHAPE_REPRESENTATION_RELATIONSHIP('SRR','None',#6336,#12);
#12=ADVANCED_BREP_SHAPE_REPRESENTATION('',(#14),#6328);
#13=STYLED_ITEM('',(#6346),#14);
#14=MANIFOLD_SOLID_BREP('Body1',#2976);
#15=CONICAL_SURFACE('',#3135,11.25,0.785398163397449);
#16=CONICAL_SURFACE('',#3141,11.25,0.785398163397453);
#17=CONICAL_SURFACE('',#3145,11.25,0.785398163397444);
#18=CONICAL_SURFACE('',#3166,11.25,0.785398163397449);
#19=CONICAL_SURFACE('',#3169,11.25,0.785398163397449);
#20=CONICAL_SURFACE('',#3172,11.25,0.785398163397448);
#21=CONICAL_SURFACE('',#3174,11.25,0.785398163397448);
#22=CONICAL_SURFACE('',#3178,11.25,0.785398163397449);
#23=(
BOUNDED_SURFACE()
B_SPLINE_SURFACE(2,2,((#5009,#5010,#5011),(#5012,#5013,#5014),(#5015,#5016,
#5017)),.UNSPECIFIED.,.F.,.F.,.F.)
B_SPLINE_SURFACE_WITH_KNOTS((3,3),(3,3),(2.97482198550197E-15,1.5707963267949),
(0.959931088596865,1.57079632679489),.UNSPECIFIED.)
GEOMETRIC_REPRESENTATION_ITEM()
RATIONAL_B_SPLINE_SURFACE(((1.,0.953716950748225,1.),(0.707106781186549,
0.674379723206628,0.707106781186549),(1.,0.953716950748225,1.)))
REPRESENTATION_ITEM('')
SURFACE()
);
#24=(
BOUNDED_SURFACE()
B_SPLINE_SURFACE(2,2,((#5026,#5027,#5028),(#5029,#5030,#5031),(#5032,#5033,
#5034)),.UNSPECIFIED.,.F.,.F.,.F.)
B_SPLINE_SURFACE_WITH_KNOTS((3,3),(3,3),(-1.65078350016457E-15,1.5707963267949),
(1.5707963267949,2.18166156499293),.UNSPECIFIED.)
GEOMETRIC_REPRESENTATION_ITEM()
RATIONAL_B_SPLINE_SURFACE(((1.,0.953716950748225,1.),(0.707106781186549,
0.674379723206627,0.707106781186549),(1.,0.953716950748225,1.)))
REPRESENTATION_ITEM('')
SURFACE()
);
#25=ELLIPSE('',#3038,8.62704133813024,1.);
#26=ELLIPSE('',#3039,10.4606807737263,6.);
#27=ELLIPSE('',#3041,8.71723397810551,5.);
#28=ELLIPSE('',#3043,8.62704133813057,1.);
#29=ELLIPSE('',#3051,10.4606807737263,6.);
#30=ELLIPSE('',#3052,8.62704133813024,1.);
#31=ELLIPSE('',#3054,8.71723397810551,5.);
#32=ELLIPSE('',#3056,8.62704133813057,1.);
#33=FACE_BOUND('',#457,.T.);
#34=FACE_BOUND('',#458,.T.);
#35=FACE_BOUND('',#459,.T.);
#36=FACE_BOUND('',#460,.T.);
#37=FACE_BOUND('',#461,.T.);
#38=FACE_BOUND('',#462,.T.);
#39=FACE_BOUND('',#493,.T.);
#40=FACE_BOUND('',#498,.T.);
#41=FACE_BOUND('',#508,.T.);
#42=FACE_BOUND('',#534,.T.);
#43=FACE_BOUND('',#535,.T.);
#44=FACE_BOUND('',#536,.T.);
#45=FACE_BOUND('',#537,.T.);
#46=FACE_BOUND('',#538,.T.);
#47=FACE_BOUND('',#539,.T.);
#48=FACE_BOUND('',#552,.T.);
#49=FACE_BOUND('',#554,.T.);
#50=FACE_BOUND('',#581,.T.);
#51=FACE_BOUND('',#589,.T.);
#52=FACE_BOUND('',#597,.T.);
#53=FACE_BOUND('',#605,.T.);
#54=B_SPLINE_SURFACE_WITH_KNOTS('',3,3,((#4259,#4260,#4261,#4262),(#4263,
#4264,#4265,#4266),(#4267,#4268,#4269,#4270),(#4271,#4272,#4273,#4274)),
 .UNSPECIFIED.,.F.,.F.,.F.,(4,4),(4,4),(0.,0.31584829174844),(3.61635500972374,
3.68382855824133),.UNSPECIFIED.);
#55=B_SPLINE_SURFACE_WITH_KNOTS('',3,3,((#4285,#4286,#4287,#4288),(#4289,
#4290,#4291,#4292),(#4293,#4294,#4295,#4296),(#4297,#4298,#4299,#4300),
(#4301,#4302,#4303,#4304),(#4305,#4306,#4307,#4308)),.UNSPECIFIED.,.F.,
 .F.,.F.,(4,1,1,4),(4,4),(0.,0.285714285714286,0.571428571428571,1.),(3.68382855824133,
7.34177597620015),.UNSPECIFIED.);
#56=B_SPLINE_SURFACE_WITH_KNOTS('',3,3,((#4332,#4333,#4334,#4335),(#4336,
#4337,#4338,#4339),(#4340,#4341,#4342,#4343),(#4344,#4345,#4346,#4347),
(#4348,#4349,#4350,#4351),(#4352,#4353,#4354,#4355)),.UNSPECIFIED.,.F.,
 .F.,.F.,(4,1,1,4),(4,4),(0.,0.285714285714286,0.571428571428571,1.),(-8.76925913286348,
-5.11131171490467),.UNSPECIFIED.);
#57=B_SPLINE_SURFACE_WITH_KNOTS('',3,3,((#4490,#4491,#4492,#4493),(#4494,
#4495,#4496,#4497),(#4498,#4499,#4500,#4501),(#4502,#4503,#4504,#4505),
(#4506,#4507,#4508,#4509),(#4510,#4511,#4512,#4513)),.UNSPECIFIED.,.F.,
 .F.,.F.,(4,1,1,4),(4,4),(0.,0.285714285714286,0.571428571428571,1.),(-8.76925913286348,
-5.11131171490467),.UNSPECIFIED.);
#58=B_SPLINE_SURFACE_WITH_KNOTS('',3,3,((#4530,#4531,#4532,#4533),(#4534,
#4535,#4536,#4537),(#4538,#4539,#4540,#4541),(#4542,#4543,#4544,#4545)),
 .UNSPECIFIED.,.F.,.F.,.F.,(4,4),(4,4),(0.684151708252279,1.),(-8.83673268136893,
-8.76925913286348),.UNSPECIFIED.);
#59=B_SPLINE_SURFACE_WITH_KNOTS('',3,3,((#4653,#4654,#4655,#4656,#4657,
#4658),(#4659,#4660,#4661,#4662,#4663,#4664),(#4665,#4666,#4667,#4668,#4669,
#4670),(#4671,#4672,#4673,#4674,#4675,#4676),(#4677,#4678,#4679,#4680,#4681,
#4682),(#4683,#4684,#4685,#4686,#4687,#4688)),.UNSPECIFIED.,.F.,.F.,.F.,
(4,1,1,4),(4,1,1,4),(0.,0.285714285714286,0.571428571428571,1.),(2.22044604925031E-16,
0.673198425769241,1.12199737628207,1.5707963267949),.UNSPECIFIED.);
#60=B_SPLINE_SURFACE_WITH_KNOTS('',3,3,((#4711,#4712,#4713,#4714,#4715),
(#4716,#4717,#4718,#4719,#4720),(#4721,#4722,#4723,#4724,#4725),(#4726,
#4727,#4728,#4729,#4730)),.UNSPECIFIED.,.F.,.F.,.F.,(4,4),(4,1,4),(0.833294285447284,
1.),(1.5707963267949,1.91982494576996,2.38519643773672),.UNSPECIFIED.);
#61=B_SPLINE_SURFACE_WITH_KNOTS('',3,3,((#4808,#4809,#4810,#4811,#4812,
#4813),(#4814,#4815,#4816,#4817,#4818,#4819),(#4820,#4821,#4822,#4823,#4824,
#4825),(#4826,#4827,#4828,#4829,#4830,#4831),(#4832,#4833,#4834,#4835,#4836,
#4837),(#4838,#4839,#4840,#4841,#4842,#4843)),.UNSPECIFIED.,.F.,.F.,.F.,
(4,1,1,4),(4,1,1,4),(0.,0.285714285714286,0.571428571428571,1.),(2.22044604925031E-16,
0.673198425769241,1.12199737628207,1.5707963267949),.UNSPECIFIED.);
#62=B_SPLINE_SURFACE_WITH_KNOTS('',3,3,((#4866,#4867,#4868,#4869,#4870),
(#4871,#4872,#4873,#4874,#4875),(#4876,#4877,#4878,#4879,#4880),(#4881,
#4882,#4883,#4884,#4885)),.UNSPECIFIED.,.F.,.F.,.F.,(4,4),(4,1,4),(0.,0.1667057145527),
(1.5707963267949,1.91982494576994,2.38519643773666),.UNSPECIFIED.);
#63=B_SPLINE_SURFACE_WITH_KNOTS('',3,3,((#5092,#5093,#5094,#5095),(#5096,
#5097,#5098,#5099),(#5100,#5101,#5102,#5103),(#5104,#5105,#5106,#5107),
(#5108,#5109,#5110,#5111),(#5112,#5113,#5114,#5115),(#5116,#5117,#5118,
#5119),(#5120,#5121,#5122,#5123),(#5124,#5125,#5126,#5127),(#5128,#5129,
#5130,#5131)),.UNSPECIFIED.,.F.,.F.,.F.,(4,1,1,1,1,1,1,4),(4,4),(1.00921667785763,
1.07932858102086,1.14944048418409,1.21955238734731,1.28966429051054,1.35977619367377,
1.429888096837,1.50000000000023),(0.,1.),.UNSPECIFIED.);
#64=B_SPLINE_SURFACE_WITH_KNOTS('',3,3,((#5180,#5181,#5182,#5183),(#5184,
#5185,#5186,#5187),(#5188,#5189,#5190,#5191),(#5192,#5193,#5194,#5195),
(#5196,#5197,#5198,#5199),(#5200,#5201,#5202,#5203),(#5204,#5205,#5206,
#5207),(#5208,#5209,#5210,#5211),(#5212,#5213,#5214,#5215),(#5216,#5217,
#5218,#5219)),.UNSPECIFIED.,.F.,.F.,.F.,(4,1,1,1,1,1,1,4),(4,4),(0.499067632799778,
0.568532399312272,0.603264782568519,0.70746193233726,0.776926698849754,
0.846391465362248,0.915856231874742,0.985320998387236),(0.,1.),
 .UNSPECIFIED.);
#65=B_SPLINE_SURFACE_WITH_KNOTS('',3,3,((#5282,#5283,#5284,#5285),(#5286,
#5287,#5288,#5289),(#5290,#5291,#5292,#5293),(#5294,#5295,#5296,#5297)),
 .UNSPECIFIED.,.F.,.F.,.F.,(4,4),(4,4),(0.,0.315848291748437),(8.76925913286348,
8.83673268136931),.UNSPECIFIED.);
#66=B_SPLINE_SURFACE_WITH_KNOTS('',3,3,((#5464,#5465,#5466,#5467,#5468,
#5469),(#5470,#5471,#5472,#5473,#5474,#5475),(#5476,#5477,#5478,#5479,#5480,
#5481),(#5482,#5483,#5484,#5485,#5486,#5487),(#5488,#5489,#5490,#5491,#5492,
#5493),(#5494,#5495,#5496,#5497,#5498,#5499)),.UNSPECIFIED.,.F.,.F.,.F.,
(4,1,1,4),(4,1,1,4),(0.,0.285714285714286,0.571428571428571,1.),(-4.45862645812455E-5,
1.13143436718614,1.88575366948663,2.64007297178711),.UNSPECIFIED.);
#67=B_SPLINE_SURFACE_WITH_KNOTS('',3,3,((#5558,#5559,#5560,#5561,#5562,
#5563),(#5564,#5565,#5566,#5567,#5568,#5569),(#5570,#5571,#5572,#5573,#5574,
#5575),(#5576,#5577,#5578,#5579,#5580,#5581),(#5582,#5583,#5584,#5585,#5586,
#5587),(#5588,#5589,#5590,#5591,#5592,#5593)),.UNSPECIFIED.,.F.,.F.,.F.,
(4,1,1,4),(4,1,1,4),(0.,0.285714285714286,0.571428571428571,1.),(9.813014719316,
10.9444936727583,11.6988129750531,12.4531322773479),.UNSPECIFIED.);
#68=B_SPLINE_SURFACE_WITH_KNOTS('',3,3,((#5914,#5915,#5916,#5917),(#5918,
#5919,#5920,#5921),(#5922,#5923,#5924,#5925),(#5926,#5927,#5928,#5929)),
 .UNSPECIFIED.,.F.,.F.,.F.,(4,4),(4,4),(0.684151708251559,1.),(-3.68382855823961,
-3.61635500973417),.UNSPECIFIED.);
#69=B_SPLINE_SURFACE_WITH_KNOTS('',3,3,((#5934,#5935,#5936,#5937),(#5938,
#5939,#5940,#5941),(#5942,#5943,#5944,#5945),(#5946,#5947,#5948,#5949),
(#5950,#5951,#5952,#5953),(#5954,#5955,#5956,#5957)),.UNSPECIFIED.,.F.,
 .F.,.F.,(4,1,1,4),(4,4),(0.,0.285714285714286,0.571428571428571,1.),(3.68382855823961,
7.34177597619844),.UNSPECIFIED.);
#70=B_SPLINE_SURFACE_WITH_KNOTS('',3,3,((#5964,#5965,#5966,#5967),(#5968,
#5969,#5970,#5971),(#5972,#5973,#5974,#5975),(#5976,#5977,#5978,#5979),
(#5980,#5981,#5982,#5983),(#5984,#5985,#5986,#5987)),.UNSPECIFIED.,.F.,
 .F.,.F.,(4,1,1,4),(4,4),(0.,0.285714285714286,0.571428571428571,1.),(-7.50463274811037,
-7.34177597619844),.UNSPECIFIED.);
#71=B_SPLINE_SURFACE_WITH_KNOTS('',3,3,((#5999,#6000,#6001,#6002),(#6003,
#6004,#6005,#6006),(#6007,#6008,#6009,#6010),(#6011,#6012,#6013,#6014),
(#6015,#6016,#6017,#6018),(#6019,#6020,#6021,#6022)),.UNSPECIFIED.,.F.,
 .F.,.F.,(4,1,1,4),(4,4),(0.,0.285714285714286,0.571428571428571,1.),(7.50463274831312,
9.813014719316),.UNSPECIFIED.);
#72=B_SPLINE_SURFACE_WITH_KNOTS('',3,3,((#6027,#6028,#6029,#6030,#6031,
#6032),(#6033,#6034,#6035,#6036,#6037,#6038),(#6039,#6040,#6041,#6042,#6043,
#6044),(#6045,#6046,#6047,#6048,#6049,#6050),(#6051,#6052,#6053,#6054,#6055,
#6056),(#6057,#6058,#6059,#6060,#6061,#6062)),.UNSPECIFIED.,.F.,.F.,.F.,
(4,1,1,4),(4,1,1,4),(0.,0.285714285714286,0.571428571428571,1.),(-2.64007297178711,
-1.50859401833847,-0.754274716039378,4.45862597129305E-5),.UNSPECIFIED.);
#73=B_SPLINE_SURFACE_WITH_KNOTS('',3,3,((#6076,#6077,#6078,#6079),(#6080,
#6081,#6082,#6083),(#6084,#6085,#6086,#6087),(#6088,#6089,#6090,#6091),
(#6092,#6093,#6094,#6095),(#6096,#6097,#6098,#6099)),.UNSPECIFIED.,.F.,
 .F.,.F.,(4,1,1,4),(4,4),(0.,0.285714285714286,0.571428571428571,1.),(-4.94845494299272,
-2.64007297178711),.UNSPECIFIED.);
#74=B_SPLINE_SURFACE_WITH_KNOTS('',3,3,((#6111,#6112,#6113,#6114),(#6115,
#6116,#6117,#6118),(#6119,#6120,#6121,#6122),(#6123,#6124,#6125,#6126),
(#6127,#6128,#6129,#6130),(#6131,#6132,#6133,#6134)),.UNSPECIFIED.,.F.,
 .F.,.F.,(4,1,1,4),(4,4),(0.,0.285714285714286,0.571428571428571,1.),(4.94845494317519,
5.11131171490467),.UNSPECIFIED.);
#75=B_SPLINE_SURFACE_WITH_KNOTS('',3,3,((#6175,#6176,#6177,#6178,#6179,
#6180),(#6181,#6182,#6183,#6184,#6185,#6186),(#6187,#6188,#6189,#6190,#6191,
#6192),(#6193,#6194,#6195,#6196,#6197,#6198),(#6199,#6200,#6201,#6202,#6203,
#6204),(#6205,#6206,#6207,#6208,#6209,#6210)),.UNSPECIFIED.,.F.,.F.,.F.,
(4,1,1,4),(4,1,1,4),(0.,0.285714285714286,0.571428571428571,1.),(-12.4531322773446,
-11.3216533239045,-10.5673340216111,-9.81301471931772),.UNSPECIFIED.);
#76=B_SPLINE_SURFACE_WITH_KNOTS('',3,3,((#6217,#6218,#6219,#6220),(#6221,
#6222,#6223,#6224),(#6225,#6226,#6227,#6228),(#6229,#6230,#6231,#6232),
(#6233,#6234,#6235,#6236),(#6237,#6238,#6239,#6240)),.UNSPECIFIED.,.F.,
 .F.,.F.,(4,1,1,4),(4,4),(0.,0.285714285714286,0.571428571428571,1.),(-5.11131171490467,
-4.94845494299272),.UNSPECIFIED.);
#77=B_SPLINE_SURFACE_WITH_KNOTS('',3,3,((#6247,#6248,#6249,#6250),(#6251,
#6252,#6253,#6254),(#6255,#6256,#6257,#6258),(#6259,#6260,#6261,#6262),
(#6263,#6264,#6265,#6266),(#6267,#6268,#6269,#6270)),.UNSPECIFIED.,.F.,
 .F.,.F.,(4,1,1,4),(4,4),(0.,0.285714285714286,0.571428571428571,1.),(-4.94845494278998,
-2.64007297178711),.UNSPECIFIED.);
#78=B_SPLINE_SURFACE_WITH_KNOTS('',3,3,((#6271,#6272,#6273,#6274),(#6275,
#6276,#6277,#6278),(#6279,#6280,#6281,#6282),(#6283,#6284,#6285,#6286),
(#6287,#6288,#6289,#6290),(#6291,#6292,#6293,#6294)),.UNSPECIFIED.,.F.,
 .F.,.F.,(4,1,1,4),(4,4),(0.,0.285714285714286,0.571428571428571,1.),(7.50463274811209,
9.81301471931772),.UNSPECIFIED.);
#79=B_SPLINE_SURFACE_WITH_KNOTS('',3,3,((#6301,#6302,#6303,#6304),(#6305,
#6306,#6307,#6308),(#6309,#6310,#6311,#6312),(#6313,#6314,#6315,#6316),
(#6317,#6318,#6319,#6320),(#6321,#6322,#6323,#6324)),.UNSPECIFIED.,.F.,
 .F.,.F.,(4,1,1,4),(4,4),(0.,0.285714285714286,0.571428571428571,1.),(7.34177597620015,
7.50463274792962),.UNSPECIFIED.);
#80=CYLINDRICAL_SURFACE('',#2998,15.);
#81=CYLINDRICAL_SURFACE('',#3004,1.5);
#82=CYLINDRICAL_SURFACE('',#3007,1.5);
#83=CYLINDRICAL_SURFACE('',#3012,2.9);
#84=CYLINDRICAL_SURFACE('',#3014,4.00000000000006);
#85=CYLINDRICAL_SURFACE('',#3018,4.00000000000006);
#86=CYLINDRICAL_SURFACE('',#3035,5.);
#87=CYLINDRICAL_SURFACE('',#3040,5.);
#88=CYLINDRICAL_SURFACE('',#3045,1.);
#89=CYLINDRICAL_SURFACE('',#3048,5.);
#90=CYLINDRICAL_SURFACE('',#3053,5.);
#91=CYLINDRICAL_SURFACE('',#3057,1.);
#92=CYLINDRICAL_SURFACE('',#3062,1.);
#93=CYLINDRICAL_SURFACE('',#3069,2.);
#94=CYLINDRICAL_SURFACE('',#3070,1.);
#95=CYLINDRICAL_SURFACE('',#3071,1.);
#96=CYLINDRICAL_SURFACE('',#3084,2.);
#97=CYLINDRICAL_SURFACE('',#3085,1.);
#98=CYLINDRICAL_SURFACE('',#3090,1.);
#99=CYLINDRICAL_SURFACE('',#3091,1.);
#100=CYLINDRICAL_SURFACE('',#3095,4.);
#101=CYLINDRICAL_SURFACE('',#3100,2.9);
#102=CYLINDRICAL_SURFACE('',#3101,2.9);
#103=CYLINDRICAL_SURFACE('',#3104,1.5);
#104=CYLINDRICAL_SURFACE('',#3105,15.);
#105=CYLINDRICAL_SURFACE('',#3116,1.25);
#106=CYLINDRICAL_SURFACE('',#3120,12.3202774800626);
#107=CYLINDRICAL_SURFACE('',#3128,2.5);
#108=CYLINDRICAL_SURFACE('',#3138,0.700000000000002);
#109=CYLINDRICAL_SURFACE('',#3150,11.);
#110=CYLINDRICAL_SURFACE('',#3171,11.);
#111=CYLINDRICAL_SURFACE('',#3176,11.);
#112=CYLINDRICAL_SURFACE('',#3180,11.);
#113=CYLINDRICAL_SURFACE('',#3182,9.65000000000001);
#114=CYLINDRICAL_SURFACE('',#3189,11.);
#115=CYLINDRICAL_SURFACE('',#3190,11.);
#116=CYLINDRICAL_SURFACE('',#3191,2.);
#117=CYLINDRICAL_SURFACE('',#3193,2.);
#118=CYLINDRICAL_SURFACE('',#3194,2.);
#119=CYLINDRICAL_SURFACE('',#3196,2.);
#120=CYLINDRICAL_SURFACE('',#3197,2.);
#121=CYLINDRICAL_SURFACE('',#3199,1.6);
#122=CYLINDRICAL_SURFACE('',#3202,1.6);
#123=CYLINDRICAL_SURFACE('',#3207,1.6);
#124=CYLINDRICAL_SURFACE('',#3210,1.6);
#125=CYLINDRICAL_SURFACE('',#3213,1.6);
#126=CYLINDRICAL_SURFACE('',#3216,3.25);
#127=CYLINDRICAL_SURFACE('',#3219,3.25);
#128=CYLINDRICAL_SURFACE('',#3223,1.6);
#129=CYLINDRICAL_SURFACE('',#3226,3.25);
#130=CYLINDRICAL_SURFACE('',#3229,3.25);
#131=CYLINDRICAL_SURFACE('',#3233,1.6);
#132=CYLINDRICAL_SURFACE('',#3236,3.25);
#133=CYLINDRICAL_SURFACE('',#3239,3.25);
#134=CYLINDRICAL_SURFACE('',#3243,1.6);
#135=CYLINDRICAL_SURFACE('',#3246,3.25);
#136=CYLINDRICAL_SURFACE('',#3249,3.25);
#137=CYLINDRICAL_SURFACE('',#3252,10.);
#138=CYLINDRICAL_SURFACE('',#3254,20.);
#139=CYLINDRICAL_SURFACE('',#3255,20.);
#140=CYLINDRICAL_SURFACE('',#3257,10.);
#141=CIRCLE('',#2995,15.);
#142=CIRCLE('',#2996,1.);
#143=CIRCLE('',#2997,14.);
#144=CIRCLE('',#2999,15.);
#145=CIRCLE('',#3001,15.);
#146=CIRCLE('',#3002,1.);
#147=CIRCLE('',#3003,14.);
#148=CIRCLE('',#3005,1.5);
#149=CIRCLE('',#3006,1.5);
#150=CIRCLE('',#3008,1.5);
#151=CIRCLE('',#3009,1.5);
#152=CIRCLE('',#3011,2.9);
#153=CIRCLE('',#3013,2.9);
#154=CIRCLE('',#3015,4.00000000000006);
#155=CIRCLE('',#3016,4.00000000000006);
#156=CIRCLE('',#3019,4.00000000000006);
#157=CIRCLE('',#3020,4.00000000000006);
#158=CIRCLE('',#3023,11.5);
#159=CIRCLE('',#3024,11.5);
#160=CIRCLE('',#3025,3.25);
#161=CIRCLE('',#3026,3.25);
#162=CIRCLE('',#3027,3.25);
#163=CIRCLE('',#3028,3.25);
#164=CIRCLE('',#3029,3.25);
#165=CIRCLE('',#3030,3.25);
#166=CIRCLE('',#3031,3.25);
#167=CIRCLE('',#3032,3.25);
#168=CIRCLE('',#3033,11.5);
#169=CIRCLE('',#3034,11.5);
#170=CIRCLE('',#3036,5.);
#171=CIRCLE('',#3037,5.);
#172=CIRCLE('',#3042,5.);
#173=CIRCLE('',#3046,1.);
#174=CIRCLE('',#3047,1.);
#175=CIRCLE('',#3049,5.);
#176=CIRCLE('',#3050,5.);
#177=CIRCLE('',#3055,5.);
#178=CIRCLE('',#3058,1.);
#179=CIRCLE('',#3060,3.);
#180=CIRCLE('',#3061,0.999999999999995);
#181=CIRCLE('',#3063,0.999999999999997);
#182=CIRCLE('',#3065,1.);
#183=CIRCLE('',#3067,1.);
#184=CIRCLE('',#3068,2.99999999999999);
#185=CIRCLE('',#3073,14.);
#186=CIRCLE('',#3076,2.9);
#187=CIRCLE('',#3077,2.9);
#188=CIRCLE('',#3078,0.999999999999999);
#189=CIRCLE('',#3079,2.);
#190=CIRCLE('',#3080,1.);
#191=CIRCLE('',#3081,0.999999999999992);
#192=CIRCLE('',#3082,1.);
#193=CIRCLE('',#3083,1.99999999999999);
#194=CIRCLE('',#3087,14.);
#195=CIRCLE('',#3088,1.00000000000008);
#196=CIRCLE('',#3089,15.);
#197=CIRCLE('',#3094,1.5);
#198=CIRCLE('',#3096,4.);
#199=CIRCLE('',#3098,2.9);
#200=CIRCLE('',#3099,1.5);
#201=CIRCLE('',#3102,2.9);
#202=CIRCLE('',#3109,2.);
#203=CIRCLE('',#3110,2.);
#204=CIRCLE('',#3111,2.);
#205=CIRCLE('',#3112,12.3202774800626);
#206=CIRCLE('',#3113,11.5);
#207=CIRCLE('',#3114,11.5);
#208=CIRCLE('',#3117,1.25);
#209=CIRCLE('',#3118,1.25);
#210=CIRCLE('',#3121,12.3202774800626);
#211=CIRCLE('',#3123,2.5);
#212=CIRCLE('',#3124,2.);
#213=CIRCLE('',#3125,2.);
#214=CIRCLE('',#3127,0.700000000000002);
#215=CIRCLE('',#3129,2.5);
#216=CIRCLE('',#3133,0.700000000000002);
#217=CIRCLE('',#3136,11.);
#218=CIRCLE('',#3142,11.);
#219=CIRCLE('',#3143,11.5);
#220=CIRCLE('',#3146,11.);
#221=CIRCLE('',#3147,11.5);
#222=CIRCLE('',#3151,11.);
#223=CIRCLE('',#3153,2.);
#224=CIRCLE('',#3154,2.);
#225=CIRCLE('',#3155,2.);
#226=CIRCLE('',#3156,2.);
#227=CIRCLE('',#3157,2.);
#228=CIRCLE('',#3158,1.6);
#229=CIRCLE('',#3159,1.6);
#230=CIRCLE('',#3160,1.6);
#231=CIRCLE('',#3161,1.6);
#232=CIRCLE('',#3162,1.6);
#233=CIRCLE('',#3163,1.6);
#234=CIRCLE('',#3164,1.6);
#235=CIRCLE('',#3165,1.6);
#236=CIRCLE('',#3167,11.);
#237=CIRCLE('',#3173,11.);
#238=CIRCLE('',#3175,11.);
#239=CIRCLE('',#3177,11.);
#240=CIRCLE('',#3179,11.);
#241=CIRCLE('',#3181,11.);
#242=CIRCLE('',#3183,9.65000000000001);
#243=CIRCLE('',#3184,9.65000000000001);
#244=CIRCLE('',#3186,11.);
#245=CIRCLE('',#3188,11.);
#246=CIRCLE('',#3200,1.6);
#247=CIRCLE('',#3203,1.6);
#248=CIRCLE('',#3208,1.6);
#249=CIRCLE('',#3211,1.6);
#250=CIRCLE('',#3214,1.6);
#251=CIRCLE('',#3217,3.25);
#252=CIRCLE('',#3220,3.25);
#253=CIRCLE('',#3224,1.6);
#254=CIRCLE('',#3227,3.25);
#255=CIRCLE('',#3230,3.25);
#256=CIRCLE('',#3234,1.6);
#257=CIRCLE('',#3237,3.25);
#258=CIRCLE('',#3240,3.25);
#259=CIRCLE('',#3244,1.6);
#260=CIRCLE('',#3247,3.25);
#261=CIRCLE('',#3250,3.25);
#262=TOROIDAL_SURFACE('',#2994,14.,1.);
#263=TOROIDAL_SURFACE('',#3000,14.,1.);
#264=TOROIDAL_SURFACE('',#3064,2.99999999999999,0.999999999999997);
#265=TOROIDAL_SURFACE('',#3066,3.,1.);
#266=TOROIDAL_SURFACE('',#3072,14.,1.);
#267=TOROIDAL_SURFACE('',#3086,14.,1.);
#268=FACE_OUTER_BOUND('',#436,.T.);
#269=FACE_OUTER_BOUND('',#437,.T.);
#270=FACE_OUTER_BOUND('',#438,.T.);
#271=FACE_OUTER_BOUND('',#439,.T.);
#272=FACE_OUTER_BOUND('',#440,.T.);
#273=FACE_OUTER_BOUND('',#441,.T.);
#274=FACE_OUTER_BOUND('',#442,.T.);
#275=FACE_OUTER_BOUND('',#443,.T.);
#276=FACE_OUTER_BOUND('',#444,.T.);
#277=FACE_OUTER_BOUND('',#445,.T.);
#278=FACE_OUTER_BOUND('',#446,.T.);
#279=FACE_OUTER_BOUND('',#447,.T.);
#280=FACE_OUTER_BOUND('',#448,.T.);
#281=FACE_OUTER_BOUND('',#449,.T.);
#282=FACE_OUTER_BOUND('',#450,.T.);
#283=FACE_OUTER_BOUND('',#451,.T.);
#284=FACE_OUTER_BOUND('',#452,.T.);
#285=FACE_OUTER_BOUND('',#453,.T.);
#286=FACE_OUTER_BOUND('',#454,.T.);
#287=FACE_OUTER_BOUND('',#455,.T.);
#288=FACE_OUTER_BOUND('',#456,.T.);
#289=FACE_OUTER_BOUND('',#463,.T.);
#290=FACE_OUTER_BOUND('',#464,.T.);
#291=FACE_OUTER_BOUND('',#465,.T.);
#292=FACE_OUTER_BOUND('',#466,.T.);
#293=FACE_OUTER_BOUND('',#467,.T.);
#294=FACE_OUTER_BOUND('',#468,.T.);
#295=FACE_OUTER_BOUND('',#469,.T.);
#296=FACE_OUTER_BOUND('',#470,.T.);
#297=FACE_OUTER_BOUND('',#471,.T.);
#298=FACE_OUTER_BOUND('',#472,.T.);
#299=FACE_OUTER_BOUND('',#473,.T.);
#300=FACE_OUTER_BOUND('',#474,.T.);
#301=FACE_OUTER_BOUND('',#475,.T.);
#302=FACE_OUTER_BOUND('',#476,.T.);
#303=FACE_OUTER_BOUND('',#477,.T.);
#304=FACE_OUTER_BOUND('',#478,.T.);
#305=FACE_OUTER_BOUND('',#479,.T.);
#306=FACE_OUTER_BOUND('',#480,.T.);
#307=FACE_OUTER_BOUND('',#481,.T.);
#308=FACE_OUTER_BOUND('',#482,.T.);
#309=FACE_OUTER_BOUND('',#483,.T.);
#310=FACE_OUTER_BOUND('',#484,.T.);
#311=FACE_OUTER_BOUND('',#485,.T.);
#312=FACE_OUTER_BOUND('',#486,.T.);
#313=FACE_OUTER_BOUND('',#487,.T.);
#314=FACE_OUTER_BOUND('',#488,.T.);
#315=FACE_OUTER_BOUND('',#489,.T.);
#316=FACE_OUTER_BOUND('',#490,.T.);
#317=FACE_OUTER_BOUND('',#491,.T.);
#318=FACE_OUTER_BOUND('',#492,.T.);
#319=FACE_OUTER_BOUND('',#494,.T.);
#320=FACE_OUTER_BOUND('',#495,.T.);
#321=FACE_OUTER_BOUND('',#496,.T.);
#322=FACE_OUTER_BOUND('',#497,.T.);
#323=FACE_OUTER_BOUND('',#499,.T.);
#324=FACE_OUTER_BOUND('',#500,.T.);
#325=FACE_OUTER_BOUND('',#501,.T.);
#326=FACE_OUTER_BOUND('',#502,.T.);
#327=FACE_OUTER_BOUND('',#503,.T.);
#328=FACE_OUTER_BOUND('',#504,.T.);
#329=FACE_OUTER_BOUND('',#505,.T.);
#330=FACE_OUTER_BOUND('',#506,.T.);
#331=FACE_OUTER_BOUND('',#507,.T.);
#332=FACE_OUTER_BOUND('',#509,.T.);
#333=FACE_OUTER_BOUND('',#510,.T.);
#334=FACE_OUTER_BOUND('',#511,.T.);
#335=FACE_OUTER_BOUND('',#512,.T.);
#336=FACE_OUTER_BOUND('',#513,.T.);
#337=FACE_OUTER_BOUND('',#514,.T.);
#338=FACE_OUTER_BOUND('',#515,.T.);
#339=FACE_OUTER_BOUND('',#516,.T.);
#340=FACE_OUTER_BOUND('',#517,.T.);
#341=FACE_OUTER_BOUND('',#518,.T.);
#342=FACE_OUTER_BOUND('',#519,.T.);
#343=FACE_OUTER_BOUND('',#520,.T.);
#344=FACE_OUTER_BOUND('',#521,.T.);
#345=FACE_OUTER_BOUND('',#522,.T.);
#346=FACE_OUTER_BOUND('',#523,.T.);
#347=FACE_OUTER_BOUND('',#524,.T.);
#348=FACE_OUTER_BOUND('',#525,.T.);
#349=FACE_OUTER_BOUND('',#526,.T.);
#350=FACE_OUTER_BOUND('',#527,.T.);
#351=FACE_OUTER_BOUND('',#528,.T.);
#352=FACE_OUTER_BOUND('',#529,.T.);
#353=FACE_OUTER_BOUND('',#530,.T.);
#354=FACE_OUTER_BOUND('',#531,.T.);
#355=FACE_OUTER_BOUND('',#532,.T.);
#356=FACE_OUTER_BOUND('',#533,.T.);
#357=FACE_OUTER_BOUND('',#540,.T.);
#358=FACE_OUTER_BOUND('',#541,.T.);
#359=FACE_OUTER_BOUND('',#542,.T.);
#360=FACE_OUTER_BOUND('',#543,.T.);
#361=FACE_OUTER_BOUND('',#544,.T.);
#362=FACE_OUTER_BOUND('',#545,.T.);
#363=FACE_OUTER_BOUND('',#546,.T.);
#364=FACE_OUTER_BOUND('',#547,.T.);
#365=FACE_OUTER_BOUND('',#548,.T.);
#366=FACE_OUTER_BOUND('',#549,.T.);
#367=FACE_OUTER_BOUND('',#550,.T.);
#368=FACE_OUTER_BOUND('',#551,.T.);
#369=FACE_OUTER_BOUND('',#553,.T.);
#370=FACE_OUTER_BOUND('',#555,.T.);
#371=FACE_OUTER_BOUND('',#556,.T.);
#372=FACE_OUTER_BOUND('',#557,.T.);
#373=FACE_OUTER_BOUND('',#558,.T.);
#374=FACE_OUTER_BOUND('',#559,.T.);
#375=FACE_OUTER_BOUND('',#560,.T.);
#376=FACE_OUTER_BOUND('',#561,.T.);
#377=FACE_OUTER_BOUND('',#562,.T.);
#378=FACE_OUTER_BOUND('',#563,.T.);
#379=FACE_OUTER_BOUND('',#564,.T.);
#380=FACE_OUTER_BOUND('',#565,.T.);
#381=FACE_OUTER_BOUND('',#566,.T.);
#382=FACE_OUTER_BOUND('',#567,.T.);
#383=FACE_OUTER_BOUND('',#568,.T.);
#384=FACE_OUTER_BOUND('',#569,.T.);
#385=FACE_OUTER_BOUND('',#570,.T.);
#386=FACE_OUTER_BOUND('',#571,.T.);
#387=FACE_OUTER_BOUND('',#572,.T.);
#388=FACE_OUTER_BOUND('',#573,.T.);
#389=FACE_OUTER_BOUND('',#574,.T.);
#390=FACE_OUTER_BOUND('',#575,.T.);
#391=FACE_OUTER_BOUND('',#576,.T.);
#392=FACE_OUTER_BOUND('',#577,.T.);
#393=FACE_OUTER_BOUND('',#578,.T.);
#394=FACE_OUTER_BOUND('',#579,.T.);
#395=FACE_OUTER_BOUND('',#580,.T.);
#396=FACE_OUTER_BOUND('',#582,.T.);
#397=FACE_OUTER_BOUND('',#583,.T.);
#398=FACE_OUTER_BOUND('',#584,.T.);
#399=FACE_OUTER_BOUND('',#585,.T.);
#400=FACE_OUTER_BOUND('',#586,.T.);
#401=FACE_OUTER_BOUND('',#587,.T.);
#402=FACE_OUTER_BOUND('',#588,.T.);
#403=FACE_OUTER_BOUND('',#590,.T.);
#404=FACE_OUTER_BOUND('',#591,.T.);
#405=FACE_OUTER_BOUND('',#592,.T.);
#406=FACE_OUTER_BOUND('',#593,.T.);
#407=FACE_OUTER_BOUND('',#594,.T.);
#408=FACE_OUTER_BOUND('',#595,.T.);
#409=FACE_OUTER_BOUND('',#596,.T.);
#410=FACE_OUTER_BOUND('',#598,.T.);
#411=FACE_OUTER_BOUND('',#599,.T.);
#412=FACE_OUTER_BOUND('',#600,.T.);
#413=FACE_OUTER_BOUND('',#601,.T.);
#414=FACE_OUTER_BOUND('',#602,.T.);
#415=FACE_OUTER_BOUND('',#603,.T.);
#416=FACE_OUTER_BOUND('',#604,.T.);
#417=FACE_OUTER_BOUND('',#606,.T.);
#418=FACE_OUTER_BOUND('',#607,.T.);
#419=FACE_OUTER_BOUND('',#608,.T.);
#420=FACE_OUTER_BOUND('',#609,.T.);
#421=FACE_OUTER_BOUND('',#610,.T.);
#422=FACE_OUTER_BOUND('',#611,.T.);
#423=FACE_OUTER_BOUND('',#612,.T.);
#424=FACE_OUTER_BOUND('',#613,.T.);
#425=FACE_OUTER_BOUND('',#614,.T.);
#426=FACE_OUTER_BOUND('',#615,.T.);
#427=FACE_OUTER_BOUND('',#616,.T.);
#428=FACE_OUTER_BOUND('',#617,.T.);
#429=FACE_OUTER_BOUND('',#618,.T.);
#430=FACE_OUTER_BOUND('',#619,.T.);
#431=FACE_OUTER_BOUND('',#620,.T.);
#432=FACE_OUTER_BOUND('',#621,.T.);
#433=FACE_OUTER_BOUND('',#622,.T.);
#434=FACE_OUTER_BOUND('',#623,.T.);
#435=FACE_OUTER_BOUND('',#624,.T.);
#436=EDGE_LOOP('',(#1863,#1864,#1865,#1866,#1867,#1868,#1869,#1870));
#437=EDGE_LOOP('',(#1871,#1872,#1873,#1874,#1875,#1876,#1877,#1878));
#438=EDGE_LOOP('',(#1879,#1880,#1881,#1882,#1883,#1884,#1885));
#439=EDGE_LOOP('',(#1886,#1887,#1888,#1889,#1890,#1891,#1892));
#440=EDGE_LOOP('',(#1893,#1894,#1895,#1896));
#441=EDGE_LOOP('',(#1897,#1898,#1899,#1900));
#442=EDGE_LOOP('',(#1901,#1902,#1903,#1904));
#443=EDGE_LOOP('',(#1905,#1906,#1907,#1908));
#444=EDGE_LOOP('',(#1909,#1910,#1911,#1912));
#445=EDGE_LOOP('',(#1913,#1914,#1915,#1916));
#446=EDGE_LOOP('',(#1917,#1918,#1919,#1920));
#447=EDGE_LOOP('',(#1921,#1922,#1923,#1924,#1925,#1926,#1927,#1928,#1929));
#448=EDGE_LOOP('',(#1930,#1931,#1932));
#449=EDGE_LOOP('',(#1933,#1934,#1935,#1936,#1937));
#450=EDGE_LOOP('',(#1938,#1939,#1940,#1941));
#451=EDGE_LOOP('',(#1942,#1943,#1944,#1945,#1946));
#452=EDGE_LOOP('',(#1947,#1948,#1949,#1950,#1951,#1952,#1953,#1954,#1955));
#453=EDGE_LOOP('',(#1956,#1957,#1958,#1959));
#454=EDGE_LOOP('',(#1960,#1961,#1962,#1963,#1964));
#455=EDGE_LOOP('',(#1965,#1966,#1967));
#456=EDGE_LOOP('',(#1968,#1969,#1970,#1971,#1972,#1973,#1974,#1975,#1976,
#1977,#1978,#1979,#1980,#1981,#1982,#1983,#1984,#1985,#1986));
#457=EDGE_LOOP('',(#1987,#1988,#1989,#1990));
#458=EDGE_LOOP('',(#1991,#1992,#1993,#1994));
#459=EDGE_LOOP('',(#1995,#1996,#1997,#1998));
#460=EDGE_LOOP('',(#1999,#2000,#2001,#2002));
#461=EDGE_LOOP('',(#2003,#2004,#2005,#2006));
#462=EDGE_LOOP('',(#2007,#2008));
#463=EDGE_LOOP('',(#2009,#2010,#2011,#2012));
#464=EDGE_LOOP('',(#2013,#2014,#2015,#2016));
#465=EDGE_LOOP('',(#2017,#2018,#2019,#2020));
#466=EDGE_LOOP('',(#2021,#2022,#2023,#2024,#2025,#2026,#2027));
#467=EDGE_LOOP('',(#2028,#2029,#2030,#2031,#2032));
#468=EDGE_LOOP('',(#2033,#2034,#2035,#2036,#2037));
#469=EDGE_LOOP('',(#2038,#2039,#2040,#2041));
#470=EDGE_LOOP('',(#2042,#2043,#2044,#2045));
#471=EDGE_LOOP('',(#2046,#2047,#2048,#2049));
#472=EDGE_LOOP('',(#2050,#2051,#2052,#2053,#2054,#2055,#2056));
#473=EDGE_LOOP('',(#2057,#2058,#2059,#2060));
#474=EDGE_LOOP('',(#2061,#2062,#2063,#2064,#2065,#2066,#2067,#2068,#2069));
#475=EDGE_LOOP('',(#2070,#2071,#2072));
#476=EDGE_LOOP('',(#2073,#2074,#2075,#2076));
#477=EDGE_LOOP('',(#2077,#2078,#2079,#2080));
#478=EDGE_LOOP('',(#2081,#2082,#2083,#2084));
#479=EDGE_LOOP('',(#2085,#2086,#2087));
#480=EDGE_LOOP('',(#2088,#2089,#2090,#2091,#2092));
#481=EDGE_LOOP('',(#2093,#2094,#2095,#2096));
#482=EDGE_LOOP('',(#2097,#2098,#2099,#2100,#2101,#2102));
#483=EDGE_LOOP('',(#2103,#2104,#2105,#2106,#2107,#2108,#2109,#2110,#2111,
#2112,#2113,#2114,#2115,#2116,#2117,#2118));
#484=EDGE_LOOP('',(#2119,#2120,#2121,#2122));
#485=EDGE_LOOP('',(#2123,#2124,#2125,#2126));
#486=EDGE_LOOP('',(#2127,#2128,#2129,#2130));
#487=EDGE_LOOP('',(#2131,#2132,#2133,#2134));
#488=EDGE_LOOP('',(#2135,#2136,#2137,#2138));
#489=EDGE_LOOP('',(#2139,#2140,#2141,#2142));
#490=EDGE_LOOP('',(#2143,#2144,#2145,#2146));
#491=EDGE_LOOP('',(#2147,#2148,#2149,#2150,#2151,#2152));
#492=EDGE_LOOP('',(#2153,#2154,#2155,#2156,#2157,#2158,#2159,#2160,#2161,
#2162,#2163,#2164,#2165));
#493=EDGE_LOOP('',(#2166));
#494=EDGE_LOOP('',(#2167,#2168,#2169,#2170,#2171,#2172,#2173));
#495=EDGE_LOOP('',(#2174,#2175,#2176,#2177,#2178,#2179,#2180));
#496=EDGE_LOOP('',(#2181,#2182,#2183));
#497=EDGE_LOOP('',(#2184,#2185,#2186,#2187));
#498=EDGE_LOOP('',(#2188));
#499=EDGE_LOOP('',(#2189,#2190,#2191,#2192));
#500=EDGE_LOOP('',(#2193,#2194,#2195,#2196));
#501=EDGE_LOOP('',(#2197,#2198,#2199,#2200));
#502=EDGE_LOOP('',(#2201,#2202,#2203,#2204));
#503=EDGE_LOOP('',(#2205,#2206,#2207,#2208));
#504=EDGE_LOOP('',(#2209,#2210,#2211,#2212,#2213,#2214,#2215,#2216,#2217));
#505=EDGE_LOOP('',(#2218,#2219,#2220,#2221,#2222));
#506=EDGE_LOOP('',(#2223,#2224,#2225));
#507=EDGE_LOOP('',(#2226,#2227,#2228,#2229,#2230,#2231,#2232,#2233,#2234,
#2235,#2236,#2237,#2238,#2239,#2240,#2241,#2242,#2243));
#508=EDGE_LOOP('',(#2244,#2245));
#509=EDGE_LOOP('',(#2246,#2247,#2248,#2249));
#510=EDGE_LOOP('',(#2250,#2251,#2252,#2253));
#511=EDGE_LOOP('',(#2254));
#512=EDGE_LOOP('',(#2255,#2256,#2257,#2258));
#513=EDGE_LOOP('',(#2259,#2260,#2261,#2262,#2263,#2264,#2265,#2266,#2267,
#2268,#2269,#2270,#2271,#2272));
#514=EDGE_LOOP('',(#2273,#2274,#2275,#2276,#2277,#2278,#2279,#2280,#2281,
#2282));
#515=EDGE_LOOP('',(#2283,#2284,#2285,#2286));
#516=EDGE_LOOP('',(#2287,#2288,#2289,#2290));
#517=EDGE_LOOP('',(#2291,#2292,#2293,#2294));
#518=EDGE_LOOP('',(#2295,#2296,#2297,#2298,#2299,#2300,#2301,#2302,#2303,
#2304,#2305));
#519=EDGE_LOOP('',(#2306,#2307,#2308,#2309,#2310,#2311));
#520=EDGE_LOOP('',(#2312,#2313,#2314,#2315,#2316,#2317,#2318,#2319));
#521=EDGE_LOOP('',(#2320,#2321,#2322,#2323));
#522=EDGE_LOOP('',(#2324,#2325,#2326,#2327));
#523=EDGE_LOOP('',(#2328,#2329,#2330,#2331));
#524=EDGE_LOOP('',(#2332,#2333,#2334,#2335));
#525=EDGE_LOOP('',(#2336,#2337,#2338,#2339));
#526=EDGE_LOOP('',(#2340,#2341,#2342,#2343,#2344,#2345,#2346));
#527=EDGE_LOOP('',(#2347,#2348,#2349,#2350));
#528=EDGE_LOOP('',(#2351,#2352,#2353,#2354));
#529=EDGE_LOOP('',(#2355,#2356,#2357,#2358));
#530=EDGE_LOOP('',(#2359,#2360,#2361,#2362));
#531=EDGE_LOOP('',(#2363,#2364,#2365,#2366));
#532=EDGE_LOOP('',(#2367,#2368,#2369,#2370));
#533=EDGE_LOOP('',(#2371,#2372,#2373,#2374,#2375,#2376,#2377,#2378,#2379,
#2380,#2381,#2382,#2383,#2384,#2385,#2386,#2387,#2388,#2389,#2390,#2391));
#534=EDGE_LOOP('',(#2392));
#535=EDGE_LOOP('',(#2393,#2394,#2395,#2396));
#536=EDGE_LOOP('',(#2397,#2398,#2399,#2400));
#537=EDGE_LOOP('',(#2401,#2402,#2403,#2404));
#538=EDGE_LOOP('',(#2405,#2406,#2407,#2408));
#539=EDGE_LOOP('',(#2409,#2410,#2411,#2412));
#540=EDGE_LOOP('',(#2413,#2414,#2415,#2416));
#541=EDGE_LOOP('',(#2417,#2418,#2419,#2420));
#542=EDGE_LOOP('',(#2421,#2422,#2423,#2424));
#543=EDGE_LOOP('',(#2425,#2426,#2427,#2428));
#544=EDGE_LOOP('',(#2429,#2430,#2431,#2432));
#545=EDGE_LOOP('',(#2433,#2434,#2435,#2436));
#546=EDGE_LOOP('',(#2437,#2438,#2439,#2440));
#547=EDGE_LOOP('',(#2441,#2442,#2443,#2444));
#548=EDGE_LOOP('',(#2445,#2446,#2447,#2448));
#549=EDGE_LOOP('',(#2449,#2450,#2451,#2452));
#550=EDGE_LOOP('',(#2453,#2454,#2455,#2456));
#551=EDGE_LOOP('',(#2457,#2458));
#552=EDGE_LOOP('',(#2459));
#553=EDGE_LOOP('',(#2460,#2461));
#554=EDGE_LOOP('',(#2462));
#555=EDGE_LOOP('',(#2463,#2464,#2465,#2466));
#556=EDGE_LOOP('',(#2467,#2468,#2469,#2470));
#557=EDGE_LOOP('',(#2471,#2472,#2473,#2474));
#558=EDGE_LOOP('',(#2475,#2476,#2477,#2478));
#559=EDGE_LOOP('',(#2479,#2480,#2481,#2482));
#560=EDGE_LOOP('',(#2483,#2484,#2485,#2486));
#561=EDGE_LOOP('',(#2487,#2488,#2489,#2490));
#562=EDGE_LOOP('',(#2491,#2492,#2493,#2494));
#563=EDGE_LOOP('',(#2495,#2496,#2497,#2498));
#564=EDGE_LOOP('',(#2499,#2500,#2501,#2502));
#565=EDGE_LOOP('',(#2503,#2504,#2505,#2506));
#566=EDGE_LOOP('',(#2507,#2508,#2509,#2510));
#567=EDGE_LOOP('',(#2511,#2512,#2513,#2514));
#568=EDGE_LOOP('',(#2515,#2516,#2517,#2518));
#569=EDGE_LOOP('',(#2519,#2520,#2521,#2522));
#570=EDGE_LOOP('',(#2523,#2524,#2525,#2526));
#571=EDGE_LOOP('',(#2527,#2528,#2529,#2530));
#572=EDGE_LOOP('',(#2531,#2532,#2533,#2534));
#573=EDGE_LOOP('',(#2535,#2536,#2537,#2538));
#574=EDGE_LOOP('',(#2539,#2540,#2541,#2542));
#575=EDGE_LOOP('',(#2543,#2544,#2545,#2546));
#576=EDGE_LOOP('',(#2547,#2548,#2549,#2550));
#577=EDGE_LOOP('',(#2551,#2552,#2553,#2554));
#578=EDGE_LOOP('',(#2555,#2556,#2557,#2558));
#579=EDGE_LOOP('',(#2559,#2560,#2561,#2562));
#580=EDGE_LOOP('',(#2563,#2564,#2565,#2566));
#581=EDGE_LOOP('',(#2567,#2568,#2569,#2570));
#582=EDGE_LOOP('',(#2571,#2572,#2573,#2574));
#583=EDGE_LOOP('',(#2575,#2576,#2577,#2578));
#584=EDGE_LOOP('',(#2579,#2580,#2581,#2582));
#585=EDGE_LOOP('',(#2583,#2584,#2585,#2586));
#586=EDGE_LOOP('',(#2587,#2588,#2589,#2590));
#587=EDGE_LOOP('',(#2591,#2592,#2593,#2594));
#588=EDGE_LOOP('',(#2595,#2596,#2597,#2598));
#589=EDGE_LOOP('',(#2599,#2600,#2601,#2602));
#590=EDGE_LOOP('',(#2603,#2604,#2605,#2606));
#591=EDGE_LOOP('',(#2607,#2608,#2609,#2610));
#592=EDGE_LOOP('',(#2611,#2612,#2613,#2614));
#593=EDGE_LOOP('',(#2615,#2616,#2617,#2618));
#594=EDGE_LOOP('',(#2619,#2620,#2621,#2622));
#595=EDGE_LOOP('',(#2623,#2624,#2625,#2626));
#596=EDGE_LOOP('',(#2627,#2628,#2629,#2630));
#597=EDGE_LOOP('',(#2631,#2632,#2633,#2634));
#598=EDGE_LOOP('',(#2635,#2636,#2637,#2638));
#599=EDGE_LOOP('',(#2639,#2640,#2641,#2642));
#600=EDGE_LOOP('',(#2643,#2644,#2645,#2646));
#601=EDGE_LOOP('',(#2647,#2648,#2649,#2650));
#602=EDGE_LOOP('',(#2651,#2652,#2653,#2654));
#603=EDGE_LOOP('',(#2655,#2656,#2657,#2658));
#604=EDGE_LOOP('',(#2659,#2660,#2661,#2662));
#605=EDGE_LOOP('',(#2663,#2664,#2665,#2666));
#606=EDGE_LOOP('',(#2667,#2668,#2669));
#607=EDGE_LOOP('',(#2670,#2671,#2672,#2673,#2674));
#608=EDGE_LOOP('',(#2675,#2676,#2677,#2678));
#609=EDGE_LOOP('',(#2679,#2680,#2681,#2682));
#610=EDGE_LOOP('',(#2683,#2684,#2685,#2686));
#611=EDGE_LOOP('',(#2687,#2688,#2689,#2690));
#612=EDGE_LOOP('',(#2691,#2692,#2693,#2694));
#613=EDGE_LOOP('',(#2695,#2696,#2697,#2698));
#614=EDGE_LOOP('',(#2699,#2700,#2701,#2702));
#615=EDGE_LOOP('',(#2703,#2704,#2705,#2706));
#616=EDGE_LOOP('',(#2707,#2708,#2709,#2710));
#617=EDGE_LOOP('',(#2711,#2712,#2713,#2714));
#618=EDGE_LOOP('',(#2715,#2716,#2717,#2718));
#619=EDGE_LOOP('',(#2719,#2720,#2721,#2722));
#620=EDGE_LOOP('',(#2723,#2724,#2725,#2726));
#621=EDGE_LOOP('',(#2727,#2728,#2729,#2730));
#622=EDGE_LOOP('',(#2731,#2732,#2733,#2734));
#623=EDGE_LOOP('',(#2735,#2736,#2737,#2738));
#624=EDGE_LOOP('',(#2739,#2740,#2741,#2742));
#625=B_SPLINE_CURVE_WITH_KNOTS('',3,(#4015,#4016,#4017,#4018,#4019,#4020,
#4021,#4022,#4023,#4024),.UNSPECIFIED.,.F.,.F.,(4,2,2,2,4),(0.,0.0370093462206957,
0.0740412849022029,0.111102624401451,0.148191934207568),.UNSPECIFIED.);
#626=B_SPLINE_CURVE_WITH_KNOTS('',3,(#4028,#4029,#4030,#4031,#4032,#4033,
#4034,#4035,#4036,#4037),.UNSPECIFIED.,.F.,.F.,(4,2,2,2,4),(-0.148191934207568,
-0.11110262440145,-0.0740412849022025,-0.0370093462206957,0.),
 .UNSPECIFIED.);
#627=B_SPLINE_CURVE_WITH_KNOTS('',3,(#4054,#4055,#4056,#4057,#4058,#4059,
#4060,#4061,#4062,#4063),.UNSPECIFIED.,.F.,.F.,(4,2,2,2,4),(0.,0.0370078723177771,
0.0740405995804339,0.111105673970317,0.148201524219417),.UNSPECIFIED.);
#628=B_SPLINE_CURVE_WITH_KNOTS('',3,(#4067,#4068,#4069,#4070,#4071,#4072,
#4073,#4074,#4075,#4076),.UNSPECIFIED.,.F.,.F.,(4,2,2,2,4),(-0.148201524219416,
-0.111105673970316,-0.0740405995804337,-0.0370078723177771,0.),
 .UNSPECIFIED.);
#629=B_SPLINE_CURVE_WITH_KNOTS('',3,(#4085,#4086,#4087,#4088,#4089,#4090),
 .UNSPECIFIED.,.F.,.F.,(4,2,4),(-0.293156217543035,-0.293113234385648,0.),
 .UNSPECIFIED.);
#630=B_SPLINE_CURVE_WITH_KNOTS('',3,(#4092,#4093,#4094,#4095),
 .UNSPECIFIED.,.F.,.F.,(4,4),(-0.581299655899213,-0.293156217543035),
 .UNSPECIFIED.);
#631=B_SPLINE_CURVE_WITH_KNOTS('',3,(#4112,#4113,#4114,#4115,#4116,#4117),
 .UNSPECIFIED.,.F.,.F.,(4,2,4),(-0.296660232825807,-0.296648355698119,0.),
 .UNSPECIFIED.);
#632=B_SPLINE_CURVE_WITH_KNOTS('',3,(#4119,#4120,#4121,#4122,#4123,#4124,
#4125),.UNSPECIFIED.,.F.,.F.,(4,3,4),(-0.595566052197393,-0.40271113783808,
-0.296660232825807),.UNSPECIFIED.);
#633=B_SPLINE_CURVE_WITH_KNOTS('',3,(#4156,#4157,#4158,#4159),
 .UNSPECIFIED.,.F.,.F.,(4,4),(-0.0843711203074136,0.),.UNSPECIFIED.);
#634=B_SPLINE_CURVE_WITH_KNOTS('',3,(#4169,#4170,#4171,#4172),
 .UNSPECIFIED.,.F.,.F.,(4,4),(-0.0840279571426477,0.),.UNSPECIFIED.);
#635=B_SPLINE_CURVE_WITH_KNOTS('',3,(#4174,#4175,#4176,#4177,#4178,#4179,
#4180,#4181,#4182,#4183,#4184,#4185,#4186,#4187,#4188,#4189,#4190,#4191,
#4192,#4193,#4194,#4195,#4196,#4197,#4198,#4199,#4200,#4201,#4202,#4203,
#4204,#4205,#4206,#4207,#4208,#4209,#4210,#4211,#4212,#4213),
 .UNSPECIFIED.,.F.,.F.,(4,3,3,3,3,3,3,3,3,3,3,3,3,4),(-0.204133926727314,
-0.203271343902385,-0.186224637536316,-0.167828577764944,-0.148890851820929,
-0.129949849684624,-0.121273311100136,-0.103862014842185,-0.0857577095743288,
-0.067245067544367,-0.0490861033676579,-0.0340424414683247,-0.0151866625881791,
0.),.UNSPECIFIED.);
#636=B_SPLINE_CURVE_WITH_KNOTS('',3,(#4216,#4217,#4218,#4219,#4220,#4221,
#4222,#4223,#4224,#4225,#4226,#4227,#4228,#4229,#4230,#4231,#4232,#4233,
#4234,#4235,#4236,#4237,#4238,#4239,#4240,#4241,#4242,#4243,#4244,#4245,
#4246,#4247,#4248,#4249,#4250,#4251,#4252,#4253,#4254,#4255,#4256,#4257,
#4258),.UNSPECIFIED.,.F.,.F.,(4,3,3,3,3,3,3,3,3,3,3,3,3,3,4),(-0.235168204334334,
-0.215364000622006,-0.194223365651398,-0.172772722717161,-0.151868676740746,
-0.144920548030828,-0.123121570801733,-0.115008406795021,-0.0933597883392352,
-0.0714634220285045,-0.0504656846266644,-0.0303430690574008,-0.0115685908022099,
0.,0.000997937290115999),.UNSPECIFIED.);
#637=B_SPLINE_CURVE_WITH_KNOTS('',3,(#4276,#4277,#4278,#4279,#4280),
 .UNSPECIFIED.,.F.,.F.,(4,1,4),(0.,0.285714285714286,0.316337047357949),
 .UNSPECIFIED.);
#638=B_SPLINE_CURVE_WITH_KNOTS('',3,(#4281,#4282,#4283,#4284),
 .UNSPECIFIED.,.F.,.F.,(4,4),(-3.68382855824133,-3.61635500972374),
 .UNSPECIFIED.);
#639=B_SPLINE_CURVE_WITH_KNOTS('',3,(#4310,#4311,#4312,#4313),
 .UNSPECIFIED.,.F.,.F.,(4,4),(3.88380278253154,7.34177597620015),
 .UNSPECIFIED.);
#640=B_SPLINE_CURVE_WITH_KNOTS('',3,(#4315,#4316,#4317,#4318,#4319,#4320),
 .UNSPECIFIED.,.F.,.F.,(4,1,1,4),(0.,0.285714285714286,0.571428571428571,
1.),.UNSPECIFIED.);
#641=B_SPLINE_CURVE_WITH_KNOTS('',3,(#4321,#4322,#4323,#4324),
 .UNSPECIFIED.,.F.,.F.,(4,4),(-7.34177597620015,-3.68382855824133),
 .UNSPECIFIED.);
#642=B_SPLINE_CURVE_WITH_KNOTS('',3,(#4327,#4328,#4329,#4330),
 .UNSPECIFIED.,.F.,.F.,(4,4),(5.11131171490467,8.5692849085733),
 .UNSPECIFIED.);
#643=B_SPLINE_CURVE_WITH_KNOTS('',3,(#4357,#4358,#4359,#4360),
 .UNSPECIFIED.,.F.,.F.,(4,4),(0.685246361554091,1.),.UNSPECIFIED.);
#644=B_SPLINE_CURVE_WITH_KNOTS('',3,(#4362,#4363,#4364,#4365),
 .UNSPECIFIED.,.F.,.F.,(4,4),(-8.76925913286348,-5.11131171490467),
 .UNSPECIFIED.);
#645=B_SPLINE_CURVE_WITH_KNOTS('',3,(#4366,#4367,#4368,#4369,#4370,#4371),
 .UNSPECIFIED.,.F.,.F.,(4,1,1,4),(-1.,-0.571428571428571,-0.285714285714286,
0.),.UNSPECIFIED.);
#646=B_SPLINE_CURVE_WITH_KNOTS('',3,(#4375,#4376,#4377,#4378,#4379,#4380,
#4381,#4382,#4383,#4384,#4385,#4386,#4387,#4388,#4389,#4390,#4391,#4392,
#4393,#4394,#4395,#4396,#4397,#4398,#4399,#4400,#4401,#4402,#4403,#4404,
#4405,#4406,#4407,#4408,#4409,#4410,#4411,#4412,#4413,#4414,#4415,#4416,
#4417),.UNSPECIFIED.,.F.,.F.,(4,3,3,3,3,3,3,3,3,3,3,3,3,3,4),(-0.235168204415689,
-0.215363037383942,-0.194222619305569,-0.172772070532268,-0.151866412025392,
-0.14492054808263,-0.123121589089497,-0.115008406836068,-0.0933590371684737,
-0.0714645882999051,-0.0504728479137621,-0.0303568102009203,-0.0115888176603493,
0.,0.000997937290976431),.UNSPECIFIED.);
#647=B_SPLINE_CURVE_WITH_KNOTS('',3,(#4419,#4420,#4421,#4422),
 .UNSPECIFIED.,.F.,.F.,(4,4),(-0.084371120306594,0.),.UNSPECIFIED.);
#648=B_SPLINE_CURVE_WITH_KNOTS('',3,(#4432,#4433,#4434,#4435),
 .UNSPECIFIED.,.F.,.F.,(4,4),(-0.0840279571423708,0.),.UNSPECIFIED.);
#649=B_SPLINE_CURVE_WITH_KNOTS('',3,(#4437,#4438,#4439,#4440,#4441,#4442,
#4443,#4444,#4445,#4446,#4447,#4448,#4449,#4450,#4451,#4452,#4453,#4454,
#4455,#4456,#4457,#4458,#4459,#4460,#4461,#4462,#4463,#4464,#4465,#4466,
#4467,#4468,#4469,#4470,#4471,#4472,#4473,#4474,#4475,#4476),
 .UNSPECIFIED.,.F.,.F.,(4,3,3,3,3,3,3,3,3,3,3,3,3,4),(-0.204133926735204,
-0.203271343910197,-0.186229593438523,-0.16783864461239,-0.148904968115562,
-0.129965074434184,-0.121273311103065,-0.103862014844503,-0.0857576396671271,
-0.0672447647179798,-0.0490870197273783,-0.0340424414687198,-0.0151857279290792,
0.),.UNSPECIFIED.);
#650=B_SPLINE_CURVE_WITH_KNOTS('',3,(#4480,#4481,#4482,#4483),
 .UNSPECIFIED.,.F.,.F.,(4,4),(5.11131171490467,8.5692849076362),
 .UNSPECIFIED.);
#651=B_SPLINE_CURVE_WITH_KNOTS('',3,(#4486,#4487,#4488,#4489),
 .UNSPECIFIED.,.F.,.F.,(4,4),(3.88380278346693,7.34177597619844),
 .UNSPECIFIED.);
#652=B_SPLINE_CURVE_WITH_KNOTS('',3,(#4515,#4516,#4517,#4518),
 .UNSPECIFIED.,.F.,.F.,(4,4),(-1.,-0.684151708252279),.UNSPECIFIED.);
#653=B_SPLINE_CURVE_WITH_KNOTS('',3,(#4520,#4521,#4522,#4523),
 .UNSPECIFIED.,.F.,.F.,(4,4),(-8.76925913286348,-5.11131171490467),
 .UNSPECIFIED.);
#654=B_SPLINE_CURVE_WITH_KNOTS('',3,(#4524,#4525,#4526,#4527,#4528,#4529),
 .UNSPECIFIED.,.F.,.F.,(4,1,1,4),(-1.,-0.571428571428571,-0.285714285714286,
0.),.UNSPECIFIED.);
#655=B_SPLINE_CURVE_WITH_KNOTS('',3,(#4546,#4547,#4548,#4549),
 .UNSPECIFIED.,.F.,.F.,(4,4),(-8.83673268136893,-8.76925914391887),
 .UNSPECIFIED.);
#656=B_SPLINE_CURVE_WITH_KNOTS('',3,(#4552,#4553,#4554,#4555),
 .UNSPECIFIED.,.F.,.F.,(4,4),(-7.50463274792962,-7.34177599334114),
 .UNSPECIFIED.);
#657=B_SPLINE_CURVE_WITH_KNOTS('',3,(#4557,#4558,#4559,#4560),
 .UNSPECIFIED.,.F.,.F.,(4,4),(-9.81301471931772,-7.50463274811209),
 .UNSPECIFIED.);
#658=B_SPLINE_CURVE_WITH_KNOTS('',3,(#4562,#4563,#4564,#4565,#4566,#4567),
 .UNSPECIFIED.,.F.,.F.,(4,1,1,4),(-12.4531322773446,-11.3216533239045,-10.5673340216111,
-9.81301471931772),.UNSPECIFIED.);
#659=B_SPLINE_CURVE_WITH_KNOTS('',3,(#4569,#4570,#4571,#4572,#4573,#4574),
 .UNSPECIFIED.,.F.,.F.,(4,1,1,4),(-2.34916937579784,-1.88575366948663,-1.13143436718614,
4.41449651164928E-5),.UNSPECIFIED.);
#660=B_SPLINE_CURVE_WITH_KNOTS('',3,(#4584,#4585,#4586,#4587),
 .UNSPECIFIED.,.F.,.F.,(4,4),(-2.42276504790022,-2.40801762815407),
 .UNSPECIFIED.);
#661=B_SPLINE_CURVE_WITH_KNOTS('',3,(#4589,#4590,#4591,#4592),
 .UNSPECIFIED.,.F.,.F.,(4,4),(-2.64007297178711,-2.42276504790022),
 .UNSPECIFIED.);
#662=B_SPLINE_CURVE_WITH_KNOTS('',3,(#4594,#4595,#4596,#4597),
 .UNSPECIFIED.,.F.,.F.,(4,4),(-4.94845494278998,-2.64007299360198),
 .UNSPECIFIED.);
#663=B_SPLINE_CURVE_WITH_KNOTS('',3,(#4598,#4599,#4600,#4601),
 .UNSPECIFIED.,.F.,.F.,(4,4),(-5.11131171490467,-4.9484549466421),
 .UNSPECIFIED.);
#664=B_SPLINE_CURVE_WITH_KNOTS('',3,(#4691,#4692,#4693,#4694,#4695,#4696,
#4697,#4698,#4699,#4700,#4701,#4702),.UNSPECIFIED.,.F.,.F.,(4,2,2,2,2,4),
(0.,0.119841258377938,0.216532834298265,0.296889663163607,0.36862809307556,
0.36957111996405),.UNSPECIFIED.);
#665=B_SPLINE_CURVE_WITH_KNOTS('',3,(#4732,#4733,#4734,#4735),
 .UNSPECIFIED.,.F.,.F.,(4,4),(0.313455080026181,0.574452507896262),
 .UNSPECIFIED.);
#666=B_SPLINE_CURVE_WITH_KNOTS('',3,(#4739,#4740,#4741,#4742,#4743,#4744,
#4745,#4746,#4747,#4748,#4749,#4750,#4751,#4752,#4753,#4754,#4755,#4756,
#4757,#4758,#4759,#4760,#4761,#4762,#4763,#4764,#4765,#4766),
 .UNSPECIFIED.,.F.,.F.,(4,3,3,3,3,3,3,3,3,4),(0.109114600920838,0.119289155553266,
0.13128404686736,0.143903868625623,0.155020043178894,0.168142678186965,
0.181633806912281,0.194392504287239,0.195124935637597,0.195667048357702),
 .UNSPECIFIED.);
#667=B_SPLINE_CURVE_WITH_KNOTS('',3,(#4768,#4769,#4770,#4771,#4772,#4773),
 .UNSPECIFIED.,.F.,.F.,(4,2,4),(0.0523152683983464,0.0592064018500458,0.148188478454308),
 .UNSPECIFIED.);
#668=B_SPLINE_CURVE_WITH_KNOTS('',3,(#4775,#4776,#4777,#4778,#4779,#4780),
 .UNSPECIFIED.,.F.,.F.,(4,2,4),(0.0436137580530189,0.091979229704304,0.098175092933333),
 .UNSPECIFIED.);
#669=B_SPLINE_CURVE_WITH_KNOTS('',3,(#4781,#4782,#4783,#4784,#4785,#4786,
#4787,#4788),.UNSPECIFIED.,.F.,.F.,(4,2,2,4),(0.119500319491459,0.128564187913787,
0.183039114512341,0.212837934838073),.UNSPECIFIED.);
#670=B_SPLINE_CURVE_WITH_KNOTS('',3,(#4846,#4847,#4848,#4849,#4850,#4851,
#4852,#4853,#4854,#4855,#4856,#4857),.UNSPECIFIED.,.F.,.F.,(4,2,2,2,2,4),
(-0.00103847448328641,0.,0.078999364098697,0.167489423816464,0.273967534615678,
0.405938398327733),.UNSPECIFIED.);
#671=B_SPLINE_CURVE_WITH_KNOTS('',3,(#4887,#4888,#4889,#4890),
 .UNSPECIFIED.,.F.,.F.,(4,4),(0.,0.373523209129475),.UNSPECIFIED.);
#672=B_SPLINE_CURVE_WITH_KNOTS('',3,(#4892,#4893,#4894,#4895,#4896,#4897,
#4898,#4899),.UNSPECIFIED.,.F.,.F.,(4,2,2,4),(0.252727714339635,0.267930221874094,
0.288814093719586,0.293198179128504),.UNSPECIFIED.);
#673=B_SPLINE_CURVE_WITH_KNOTS('',3,(#4901,#4902,#4903,#4904,#4905,#4906,
#4907,#4908,#4909,#4910,#4911,#4912,#4913,#4914,#4915,#4916,#4917,#4918,
#4919),.UNSPECIFIED.,.F.,.F.,(4,3,3,3,3,3,4),(0.210791254082831,0.242108919876587,
0.272129542531858,0.283081715061321,0.305864138537781,0.328072430335611,
0.342063061730149),.UNSPECIFIED.);
#674=B_SPLINE_CURVE_WITH_KNOTS('',3,(#4921,#4922,#4923,#4924,#4925,#4926),
 .UNSPECIFIED.,.F.,.F.,(4,2,4),(0.0977300539365795,0.129261674073266,0.172003031524913),
 .UNSPECIFIED.);
#675=B_SPLINE_CURVE_WITH_KNOTS('',3,(#4928,#4929,#4930,#4931,#4932,#4933,
#4934,#4935),.UNSPECIFIED.,.F.,.F.,(4,2,2,4),(-0.00099165163299144,0.,0.102076985602982,
0.140912883267311),.UNSPECIFIED.);
#676=B_SPLINE_CURVE_WITH_KNOTS('',3,(#4975,#4976,#4977,#4978,#4979,#4980,
#4981,#4982,#4983,#4984),.UNSPECIFIED.,.F.,.F.,(4,1,1,1,1,1,1,4),(-0.985320998387236,
-0.915856231874742,-0.846391465362248,-0.776926698849754,-0.70746193233726,
-0.603264782568519,-0.568532399312272,-0.504470413892738),.UNSPECIFIED.);
#677=B_SPLINE_CURVE_WITH_KNOTS('',3,(#4987,#4988,#4989,#4990,#4991,#4992,
#4993,#4994,#4995,#4996,#4997,#4998,#4999,#5000,#5001,#5002,#5003,#5004,
#5005,#5006,#5007,#5008),.UNSPECIFIED.,.F.,.F.,(4,3,3,3,3,3,3,4),(-0.488980103387651,
-0.429888096837003,-0.359776193673773,-0.289664290510544,-0.219552387347315,
-0.149440484184085,-0.0793285810208556,-0.00921667785762628),
 .UNSPECIFIED.);
#678=B_SPLINE_CURVE_WITH_KNOTS('',3,(#5058,#5059,#5060,#5061,#5062,#5063,
#5064,#5065,#5066,#5067,#5068,#5069,#5070,#5071,#5072,#5073,#5074,#5075,
#5076,#5077,#5078,#5079),.UNSPECIFIED.,.F.,.F.,(4,3,3,3,3,3,3,4),(0.0170851106331693,
0.0793285810208557,0.149440484184085,0.219552387347315,0.289664290510544,
0.359776193673773,0.429888096837003,0.499999999999896),.UNSPECIFIED.);
#679=B_SPLINE_CURVE_WITH_KNOTS('',3,(#5080,#5081,#5082,#5083,#5084,#5085,
#5086,#5087,#5088,#5089),.UNSPECIFIED.,.F.,.F.,(4,1,1,1,1,1,1,4),(0.49999999999999,
0.568532399312272,0.603264782568519,0.70746193233726,0.776926698849754,
0.846391465362248,0.915856231874742,0.98291488936683),.UNSPECIFIED.);
#680=B_SPLINE_CURVE_WITH_KNOTS('',3,(#5133,#5134,#5135,#5136,#5137,#5138,
#5139,#5140,#5141,#5142,#5143,#5144,#5145,#5146,#5147,#5148),
 .UNSPECIFIED.,.F.,.F.,(4,3,3,3,3,4),(0.,0.0161717960462481,0.0485147902971713,
0.113196346463033,0.242527945574668,0.299949489711743),.UNSPECIFIED.);
#681=B_SPLINE_CURVE_WITH_KNOTS('',3,(#5150,#5151,#5152,#5153),
 .UNSPECIFIED.,.F.,.F.,(4,4),(0.33939401132714,0.385520036679605),
 .UNSPECIFIED.);
#682=B_SPLINE_CURVE_WITH_KNOTS('',3,(#5154,#5155,#5156,#5157,#5158,#5159,
#5160,#5161,#5162,#5163,#5164,#5165,#5166,#5167,#5168,#5169,#5170,#5171,
#5172,#5173,#5174,#5175,#5176,#5177,#5178,#5179),.UNSPECIFIED.,.F.,.F.,
(4,2,2,2,2,2,2,2,2,2,2,2,4),(0.162767299584358,0.162768422107513,0.162770042921004,
0.162773512262143,0.162777755544253,0.162790641797125,0.16280863208519,
0.162845420819263,0.162939424562766,0.163245255435268,0.164777249048582,
0.173923132675867,0.222791229647563),.UNSPECIFIED.);
#683=B_SPLINE_CURVE_WITH_KNOTS('',3,(#5221,#5222,#5223,#5224,#5225,#5226,
#5227,#5228,#5229,#5230,#5231,#5232,#5233,#5234,#5235,#5236,#5237,#5238,
#5239,#5240,#5241,#5242,#5243,#5244,#5245,#5246,#5247,#5248,#5249,#5250,
#5251,#5252),.UNSPECIFIED.,.F.,.F.,(4,2,2,2,2,2,2,2,2,2,2,2,2,2,2,4),(0.0837271728090838,
0.0936087719598131,0.129496882008257,0.153974422619862,0.158439871705298,
0.162180359906735,0.162457621118922,0.162597756405671,0.162669743828666,
0.16270788041602,0.162732406324043,0.16275048316339,0.162761557914688,0.162764763338183,
0.162766715444676,0.162767299584358),.UNSPECIFIED.);
#684=B_SPLINE_CURVE_WITH_KNOTS('',3,(#5254,#5255,#5256,#5257),
 .UNSPECIFIED.,.F.,.F.,(4,4),(0.290833936041624,0.331487912896383),
 .UNSPECIFIED.);
#685=B_SPLINE_CURVE_WITH_KNOTS('',3,(#5258,#5259,#5260,#5261),
 .UNSPECIFIED.,.F.,.F.,(4,4),(0.,0.291026491902037),.UNSPECIFIED.);
#686=B_SPLINE_CURVE_WITH_KNOTS('',3,(#5298,#5299,#5300,#5301),
 .UNSPECIFIED.,.F.,.F.,(4,4),(-8.83673268136931,-8.76925913286348),
 .UNSPECIFIED.);
#687=B_SPLINE_CURVE_WITH_KNOTS('',3,(#5324,#5325,#5326,#5327,#5328,#5329),
 .UNSPECIFIED.,.F.,.F.,(4,1,1,4),(-12.4531322773479,-11.6988129750531,-10.9444936727583,
-10.1039126091563),.UNSPECIFIED.);
#688=B_SPLINE_CURVE_WITH_KNOTS('',3,(#5331,#5332,#5333,#5334,#5335,#5336),
 .UNSPECIFIED.,.F.,.F.,(4,1,1,4),(-2.64007297178711,-1.50859401833847,-0.754274716039378,
4.45862597129305E-5),.UNSPECIFIED.);
#689=B_SPLINE_CURVE_WITH_KNOTS('',3,(#5338,#5339,#5340,#5341),
 .UNSPECIFIED.,.F.,.F.,(4,4),(-4.94845494299272,-2.64007297178711),
 .UNSPECIFIED.);
#690=B_SPLINE_CURVE_WITH_KNOTS('',3,(#5342,#5343,#5344,#5345),
 .UNSPECIFIED.,.F.,.F.,(4,4),(-5.11131169776367,-4.94845494317519),
 .UNSPECIFIED.);
#691=B_SPLINE_CURVE_WITH_KNOTS('',3,(#5369,#5370,#5371,#5372),
 .UNSPECIFIED.,.F.,.F.,(4,4),(-3.68382854718419,-3.61635500973417),
 .UNSPECIFIED.);
#692=B_SPLINE_CURVE_WITH_KNOTS('',3,(#5374,#5375,#5376,#5377),
 .UNSPECIFIED.,.F.,.F.,(4,4),(-7.34177597619844,-3.68382855823961),
 .UNSPECIFIED.);
#693=B_SPLINE_CURVE_WITH_KNOTS('',3,(#5379,#5380,#5381,#5382),
 .UNSPECIFIED.,.F.,.F.,(4,4),(-7.50463274446099,-7.34177597619844),
 .UNSPECIFIED.);
#694=B_SPLINE_CURVE_WITH_KNOTS('',3,(#5384,#5385,#5386,#5387),
 .UNSPECIFIED.,.F.,.F.,(4,4),(-9.81301469750113,-7.50463274831312),
 .UNSPECIFIED.);
#695=B_SPLINE_CURVE_WITH_KNOTS('',3,(#5389,#5390,#5391,#5392),
 .UNSPECIFIED.,.F.,.F.,(4,4),(-10.0450723197949,-9.813014719316),
 .UNSPECIFIED.);
#696=B_SPLINE_CURVE_WITH_KNOTS('',3,(#5435,#5436,#5437,#5438),
 .UNSPECIFIED.,.F.,.F.,(4,4),(-0.0553859483010199,0.),.UNSPECIFIED.);
#697=B_SPLINE_CURVE_WITH_KNOTS('',3,(#5441,#5442,#5443,#5444),
 .UNSPECIFIED.,.F.,.F.,(4,4),(-0.0456409475742006,0.),.UNSPECIFIED.);
#698=B_SPLINE_CURVE_WITH_KNOTS('',3,(#5453,#5454,#5455,#5456,#5457,#5458,
#5459),.UNSPECIFIED.,.F.,.F.,(4,3,4),(-0.0739783422746716,-0.0646973564232455,
-0.055443704157258),.UNSPECIFIED.);
#699=B_SPLINE_CURVE_WITH_KNOTS('',3,(#5460,#5461,#5462,#5463),
 .UNSPECIFIED.,.F.,.F.,(4,4),(-0.161753353981192,-0.143254255270432),
 .UNSPECIFIED.);
#700=B_SPLINE_CURVE_WITH_KNOTS('',3,(#5501,#5502,#5503,#5504,#5505,#5506,
#5507,#5508,#5509,#5510),.UNSPECIFIED.,.F.,.F.,(4,3,3,4),(0.,0.285714285998276,
0.571428571996552,1.00000000099397),.UNSPECIFIED.);
#701=B_SPLINE_CURVE_WITH_KNOTS('',3,(#5512,#5513,#5514,#5515,#5516,#5517),
 .UNSPECIFIED.,.F.,.F.,(4,1,1,4),(4.44089209850063E-16,1.13143436718614,
1.88575366948663,2.64007297178711),.UNSPECIFIED.);
#702=B_SPLINE_CURVE_WITH_KNOTS('',3,(#5518,#5519,#5520,#5521,#5522,#5523),
 .UNSPECIFIED.,.F.,.F.,(4,1,1,4),(-1.,-0.571428571428571,-0.285714285714286,
0.),.UNSPECIFIED.);
#703=B_SPLINE_CURVE_WITH_KNOTS('',3,(#5528,#5529,#5530,#5531,#5532,#5533,
#5534,#5535,#5536,#5537),.UNSPECIFIED.,.F.,.F.,(4,2,2,2,4),(0.,0.0157134865063129,
0.0314269730126258,0.0471404595189386,0.0628539460252515),.UNSPECIFIED.);
#704=B_SPLINE_CURVE_WITH_KNOTS('',3,(#5538,#5539,#5540,#5541,#5542,#5543,
#5544,#5545,#5546,#5547),.UNSPECIFIED.,.F.,.F.,(4,2,2,2,4),(0.,0.0157134865063129,
0.0314269730126258,0.0471404595189386,0.0628539460252515),.UNSPECIFIED.);
#705=B_SPLINE_CURVE_WITH_KNOTS('',3,(#5595,#5596,#5597,#5598,#5599,#5600),
 .UNSPECIFIED.,.F.,.F.,(4,1,1,4),(-1.,-0.571428571428571,-0.285714285714286,
0.),.UNSPECIFIED.);
#706=B_SPLINE_CURVE_WITH_KNOTS('',3,(#5602,#5603,#5604,#5605,#5606,#5607),
 .UNSPECIFIED.,.F.,.F.,(4,1,1,4),(9.813014719316,10.9444936727583,11.6988129750531,
12.4530876911031),.UNSPECIFIED.);
#707=B_SPLINE_CURVE_WITH_KNOTS('',3,(#5608,#5609,#5610,#5611,#5612,#5613,
#5614,#5615,#5616,#5617),.UNSPECIFIED.,.F.,.F.,(4,3,3,4),(0.,0.428571429006885,
0.714285714999636,1.00000000099397),.UNSPECIFIED.);
#708=B_SPLINE_CURVE_WITH_KNOTS('',3,(#5716,#5717,#5718,#5719,#5720,#5721,
#5722,#5723,#5724,#5725),.UNSPECIFIED.,.F.,.F.,(4,2,2,2,4),(0.,0.0157134865063129,
0.0314269730126258,0.0471404595189386,0.0628539460252515),.UNSPECIFIED.);
#709=B_SPLINE_CURVE_WITH_KNOTS('',3,(#5728,#5729,#5730,#5731,#5732,#5733,
#5734,#5735,#5736,#5737),.UNSPECIFIED.,.F.,.F.,(4,2,2,2,4),(0.,0.0157134865063129,
0.0314269730126258,0.0471404595189386,0.0628539460252515),.UNSPECIFIED.);
#710=B_SPLINE_CURVE_WITH_KNOTS('',3,(#5930,#5931,#5932,#5933),
 .UNSPECIFIED.,.F.,.F.,(4,4),(0.684151708251559,1.),.UNSPECIFIED.);
#711=B_SPLINE_CURVE_WITH_KNOTS('',3,(#5958,#5959,#5960,#5961,#5962,#5963),
 .UNSPECIFIED.,.F.,.F.,(4,1,1,4),(-1.,-0.571428571428571,-0.285714285714286,
0.),.UNSPECIFIED.);
#712=B_SPLINE_CURVE_WITH_KNOTS('',3,(#5989,#5990,#5991,#5992,#5993,#5994),
 .UNSPECIFIED.,.F.,.F.,(4,1,1,4),(0.,0.285714285714286,0.571428571428571,
1.),.UNSPECIFIED.);
#713=B_SPLINE_CURVE_WITH_KNOTS('',3,(#5995,#5996,#5997,#5998),
 .UNSPECIFIED.,.F.,.F.,(4,4),(7.34177597619844,7.50463274446099),
 .UNSPECIFIED.);
#714=B_SPLINE_CURVE_WITH_KNOTS('',3,(#6023,#6024,#6025,#6026),
 .UNSPECIFIED.,.F.,.F.,(4,4),(7.50463274851586,9.81301469750113),
 .UNSPECIFIED.);
#715=B_SPLINE_CURVE_WITH_KNOTS('',3,(#6064,#6065,#6066,#6067,#6068,#6069),
 .UNSPECIFIED.,.F.,.F.,(4,1,1,4),(-2.85260367844514E-16,0.754274716039378,
1.50859401833847,2.64007297178711),.UNSPECIFIED.);
#716=B_SPLINE_CURVE_WITH_KNOTS('',3,(#6070,#6071,#6072,#6073,#6074,#6075),
 .UNSPECIFIED.,.F.,.F.,(4,1,1,4),(0.,0.285714285714286,0.571428571428571,
1.),.UNSPECIFIED.);
#717=B_SPLINE_CURVE_WITH_KNOTS('',3,(#6101,#6102,#6103,#6104,#6105,#6106),
 .UNSPECIFIED.,.F.,.F.,(4,1,1,4),(0.,0.285714285714286,0.571428571428571,
1.),.UNSPECIFIED.);
#718=B_SPLINE_CURVE_WITH_KNOTS('',3,(#6107,#6108,#6109,#6110),
 .UNSPECIFIED.,.F.,.F.,(4,4),(2.64007297178711,4.94845494299272),
 .UNSPECIFIED.);
#719=B_SPLINE_CURVE_WITH_KNOTS('',3,(#6135,#6136,#6137,#6138),
 .UNSPECIFIED.,.F.,.F.,(4,4),(4.94845494335766,5.11131169776367),
 .UNSPECIFIED.);
#720=B_SPLINE_CURVE_WITH_KNOTS('',3,(#6142,#6143,#6144,#6145),
 .UNSPECIFIED.,.F.,.F.,(4,4),(7.34177599334114,7.50463274774715),
 .UNSPECIFIED.);
#721=B_SPLINE_CURVE_WITH_KNOTS('',3,(#6149,#6150,#6151,#6152),
 .UNSPECIFIED.,.F.,.F.,(4,4),(7.50463274811209,9.81301471931772),
 .UNSPECIFIED.);
#722=B_SPLINE_CURVE_WITH_KNOTS('',3,(#6155,#6156,#6157,#6158,#6159,#6160),
 .UNSPECIFIED.,.F.,.F.,(4,1,1,4),(9.81301471931772,10.5673340216111,11.3216533239045,
12.4530876911048),.UNSPECIFIED.);
#723=B_SPLINE_CURVE_WITH_KNOTS('',3,(#6166,#6167,#6168,#6169),
 .UNSPECIFIED.,.F.,.F.,(4,4),(2.64007299360198,4.94845494258724),
 .UNSPECIFIED.);
#724=B_SPLINE_CURVE_WITH_KNOTS('',3,(#6171,#6172,#6173,#6174),
 .UNSPECIFIED.,.F.,.F.,(4,4),(4.9484549466421,5.11131171490467),
 .UNSPECIFIED.);
#725=B_SPLINE_CURVE_WITH_KNOTS('',3,(#6211,#6212,#6213,#6214,#6215,#6216),
 .UNSPECIFIED.,.F.,.F.,(4,1,1,4),(-1.,-0.571428571428571,-0.285714285714286,
0.),.UNSPECIFIED.);
#726=B_SPLINE_CURVE_WITH_KNOTS('',3,(#6241,#6242,#6243,#6244,#6245,#6246),
 .UNSPECIFIED.,.F.,.F.,(4,1,1,4),(-1.,-0.571428571428571,-0.285714285714286,
0.),.UNSPECIFIED.);
#727=B_SPLINE_CURVE_WITH_KNOTS('',3,(#6295,#6296,#6297,#6298,#6299,#6300),
 .UNSPECIFIED.,.F.,.F.,(4,1,1,4),(0.,0.285714285714286,0.571428571428571,
1.),.UNSPECIFIED.);
#728=LINE('',#4011,#936);
#729=LINE('',#4013,#937);
#730=LINE('',#4026,#938);
#731=LINE('',#4039,#939);
#732=LINE('',#4041,#940);
#733=LINE('',#4042,#941);
#734=LINE('',#4046,#942);
#735=LINE('',#4048,#943);
#736=LINE('',#4050,#944);
#737=LINE('',#4052,#945);
#738=LINE('',#4065,#946);
#739=LINE('',#4077,#947);
#740=LINE('',#4081,#948);
#741=LINE('',#4083,#949);
#742=LINE('',#4097,#950);
#743=LINE('',#4099,#951);
#744=LINE('',#4100,#952);
#745=LINE('',#4104,#953);
#746=LINE('',#4106,#954);
#747=LINE('',#4108,#955);
#748=LINE('',#4110,#956);
#749=LINE('',#4126,#957);
#750=LINE('',#4136,#958);
#751=LINE('',#4163,#959);
#752=LINE('',#4165,#960);
#753=LINE('',#4215,#961);
#754=LINE('',#4331,#962);
#755=LINE('',#4426,#963);
#756=LINE('',#4428,#964);
#757=LINE('',#4477,#965);
#758=LINE('',#4485,#966);
#759=LINE('',#4576,#967);
#760=LINE('',#4578,#968);
#761=LINE('',#4580,#969);
#762=LINE('',#4582,#970);
#763=LINE('',#4602,#971);
#764=LINE('',#4607,#972);
#765=LINE('',#4610,#973);
#766=LINE('',#4613,#974);
#767=LINE('',#4617,#975);
#768=LINE('',#4621,#976);
#769=LINE('',#4625,#977);
#770=LINE('',#4629,#978);
#771=LINE('',#4633,#979);
#772=LINE('',#4637,#980);
#773=LINE('',#4641,#981);
#774=LINE('',#4651,#982);
#775=LINE('',#4709,#983);
#776=LINE('',#4791,#984);
#777=LINE('',#4793,#985);
#778=LINE('',#4794,#986);
#779=LINE('',#4798,#987);
#780=LINE('',#4801,#988);
#781=LINE('',#4807,#989);
#782=LINE('',#4865,#990);
#783=LINE('',#4939,#991);
#784=LINE('',#4942,#992);
#785=LINE('',#4945,#993);
#786=LINE('',#4948,#994);
#787=LINE('',#4950,#995);
#788=LINE('',#4952,#996);
#789=LINE('',#4963,#997);
#790=LINE('',#4964,#998);
#791=LINE('',#4966,#999);
#792=LINE('',#4968,#1000);
#793=LINE('',#5039,#1001);
#794=LINE('',#5040,#1002);
#795=LINE('',#5042,#1003);
#796=LINE('',#5043,#1004);
#797=LINE('',#5050,#1005);
#798=LINE('',#5052,#1006);
#799=LINE('',#5053,#1007);
#800=LINE('',#5055,#1008);
#801=LINE('',#5273,#1009);
#802=LINE('',#5278,#1010);
#803=LINE('',#5280,#1011);
#804=LINE('',#5281,#1012);
#805=LINE('',#5304,#1013);
#806=LINE('',#5308,#1014);
#807=LINE('',#5312,#1015);
#808=LINE('',#5316,#1016);
#809=LINE('',#5320,#1017);
#810=LINE('',#5322,#1018);
#811=LINE('',#5352,#1019);
#812=LINE('',#5353,#1020);
#813=LINE('',#5358,#1021);
#814=LINE('',#5363,#1022);
#815=LINE('',#5366,#1023);
#816=LINE('',#5394,#1024);
#817=LINE('',#5398,#1025);
#818=LINE('',#5402,#1026);
#819=LINE('',#5405,#1027);
#820=LINE('',#5408,#1028);
#821=LINE('',#5410,#1029);
#822=LINE('',#5412,#1030);
#823=LINE('',#5416,#1031);
#824=LINE('',#5417,#1032);
#825=LINE('',#5418,#1033);
#826=LINE('',#5421,#1034);
#827=LINE('',#5424,#1035);
#828=LINE('',#5427,#1036);
#829=LINE('',#5428,#1037);
#830=LINE('',#5431,#1038);
#831=LINE('',#5432,#1039);
#832=LINE('',#5440,#1040);
#833=LINE('',#5446,#1041);
#834=LINE('',#5450,#1042);
#835=LINE('',#5451,#1043);
#836=LINE('',#5549,#1044);
#837=LINE('',#5551,#1045);
#838=LINE('',#5553,#1046);
#839=LINE('',#5556,#1047);
#840=LINE('',#5557,#1048);
#841=LINE('',#5621,#1049);
#842=LINE('',#5625,#1050);
#843=LINE('',#5630,#1051);
#844=LINE('',#5631,#1052);
#845=LINE('',#5632,#1053);
#846=LINE('',#5636,#1054);
#847=LINE('',#5640,#1055);
#848=LINE('',#5641,#1056);
#849=LINE('',#5644,#1057);
#850=LINE('',#5646,#1058);
#851=LINE('',#5647,#1059);
#852=LINE('',#5650,#1060);
#853=LINE('',#5654,#1061);
#854=LINE('',#5658,#1062);
#855=LINE('',#5663,#1063);
#856=LINE('',#5667,#1064);
#857=LINE('',#5671,#1065);
#858=LINE('',#5675,#1066);
#859=LINE('',#5679,#1067);
#860=LINE('',#5683,#1068);
#861=LINE('',#5687,#1069);
#862=LINE('',#5691,#1070);
#863=LINE('',#5695,#1071);
#864=LINE('',#5699,#1072);
#865=LINE('',#5702,#1073);
#866=LINE('',#5704,#1074);
#867=LINE('',#5707,#1075);
#868=LINE('',#5709,#1076);
#869=LINE('',#5711,#1077);
#870=LINE('',#5713,#1078);
#871=LINE('',#5742,#1079);
#872=LINE('',#5745,#1080);
#873=LINE('',#5750,#1081);
#874=LINE('',#5753,#1082);
#875=LINE('',#5758,#1083);
#876=LINE('',#5767,#1084);
#877=LINE('',#5768,#1085);
#878=LINE('',#5771,#1086);
#879=LINE('',#5773,#1087);
#880=LINE('',#5775,#1088);
#881=LINE('',#5777,#1089);
#882=LINE('',#5779,#1090);
#883=LINE('',#5783,#1091);
#884=LINE('',#5786,#1092);
#885=LINE('',#5789,#1093);
#886=LINE('',#5790,#1094);
#887=LINE('',#5793,#1095);
#888=LINE('',#5796,#1096);
#889=LINE('',#5799,#1097);
#890=LINE('',#5800,#1098);
#891=LINE('',#5804,#1099);
#892=LINE('',#5806,#1100);
#893=LINE('',#5807,#1101);
#894=LINE('',#5810,#1102);
#895=LINE('',#5814,#1103);
#896=LINE('',#5816,#1104);
#897=LINE('',#5817,#1105);
#898=LINE('',#5820,#1106);
#899=LINE('',#5824,#1107);
#900=LINE('',#5825,#1108);
#901=LINE('',#5830,#1109);
#902=LINE('',#5832,#1110);
#903=LINE('',#5833,#1111);
#904=LINE('',#5836,#1112);
#905=LINE('',#5840,#1113);
#906=LINE('',#5841,#1114);
#907=LINE('',#5847,#1115);
#908=LINE('',#5848,#1116);
#909=LINE('',#5853,#1117);
#910=LINE('',#5855,#1118);
#911=LINE('',#5856,#1119);
#912=LINE('',#5860,#1120);
#913=LINE('',#5863,#1121);
#914=LINE('',#5864,#1122);
#915=LINE('',#5870,#1123);
#916=LINE('',#5871,#1124);
#917=LINE('',#5876,#1125);
#918=LINE('',#5878,#1126);
#919=LINE('',#5879,#1127);
#920=LINE('',#5883,#1128);
#921=LINE('',#5886,#1129);
#922=LINE('',#5887,#1130);
#923=LINE('',#5893,#1131);
#924=LINE('',#5894,#1132);
#925=LINE('',#5899,#1133);
#926=LINE('',#5901,#1134);
#927=LINE('',#5902,#1135);
#928=LINE('',#5905,#1136);
#929=LINE('',#5909,#1137);
#930=LINE('',#5910,#1138);
#931=LINE('',#6141,#1139);
#932=LINE('',#6148,#1140);
#933=LINE('',#6154,#1141);
#934=LINE('',#6162,#1142);
#935=LINE('',#6165,#1143);
#936=VECTOR('',#3263,10.);
#937=VECTOR('',#3264,10.);
#938=VECTOR('',#3265,10.);
#939=VECTOR('',#3266,10.);
#940=VECTOR('',#3267,10.);
#941=VECTOR('',#3268,10.);
#942=VECTOR('',#3271,10.);
#943=VECTOR('',#3272,10.);
#944=VECTOR('',#3273,10.);
#945=VECTOR('',#3274,10.);
#946=VECTOR('',#3275,10.);
#947=VECTOR('',#3276,10.);
#948=VECTOR('',#3279,10.);
#949=VECTOR('',#3280,10.);
#950=VECTOR('',#3281,10.);
#951=VECTOR('',#3282,10.);
#952=VECTOR('',#3283,10.);
#953=VECTOR('',#3286,10.);
#954=VECTOR('',#3287,10.);
#955=VECTOR('',#3288,10.);
#956=VECTOR('',#3289,10.);
#957=VECTOR('',#3290,10.);
#958=VECTOR('',#3303,10.);
#959=VECTOR('',#3336,10.);
#960=VECTOR('',#3337,10.);
#961=VECTOR('',#3340,10.);
#962=VECTOR('',#3343,10.);
#963=VECTOR('',#3348,10.);
#964=VECTOR('',#3349,10.);
#965=VECTOR('',#3352,10.);
#966=VECTOR('',#3355,10.);
#967=VECTOR('',#3358,10.);
#968=VECTOR('',#3359,10.);
#969=VECTOR('',#3360,10.);
#970=VECTOR('',#3361,10.);
#971=VECTOR('',#3362,10.);
#972=VECTOR('',#3365,10.);
#973=VECTOR('',#3368,10.);
#974=VECTOR('',#3369,10.);
#975=VECTOR('',#3372,10.);
#976=VECTOR('',#3375,10.);
#977=VECTOR('',#3378,10.);
#978=VECTOR('',#3381,10.);
#979=VECTOR('',#3384,10.);
#980=VECTOR('',#3387,10.);
#981=VECTOR('',#3390,10.);
#982=VECTOR('',#3401,10.);
#983=VECTOR('',#3412,10.);
#984=VECTOR('',#3419,10.);
#985=VECTOR('',#3420,10.);
#986=VECTOR('',#3421,10.);
#987=VECTOR('',#3426,10.);
#988=VECTOR('',#3429,10.);
#989=VECTOR('',#3436,10.);
#990=VECTOR('',#3447,10.);
#991=VECTOR('',#3452,10.);
#992=VECTOR('',#3455,10.);
#993=VECTOR('',#3458,10.);
#994=VECTOR('',#3461,10.);
#995=VECTOR('',#3462,10.);
#996=VECTOR('',#3463,10.);
#997=VECTOR('',#3482,10.);
#998=VECTOR('',#3483,10.);
#999=VECTOR('',#3486,10.);
#1000=VECTOR('',#3489,10.);
#1001=VECTOR('',#3516,10.);
#1002=VECTOR('',#3517,10.);
#1003=VECTOR('',#3520,10.);
#1004=VECTOR('',#3521,10.);
#1005=VECTOR('',#3532,10.);
#1006=VECTOR('',#3535,10.);
#1007=VECTOR('',#3536,10.);
#1008=VECTOR('',#3539,10.);
#1009=VECTOR('',#3564,1.5);
#1010=VECTOR('',#3571,10.);
#1011=VECTOR('',#3572,10.);
#1012=VECTOR('',#3573,10.);
#1013=VECTOR('',#3576,10.);
#1014=VECTOR('',#3579,10.);
#1015=VECTOR('',#3582,10.);
#1016=VECTOR('',#3585,10.);
#1017=VECTOR('',#3588,10.);
#1018=VECTOR('',#3589,10.);
#1019=VECTOR('',#3596,10.);
#1020=VECTOR('',#3597,10.);
#1021=VECTOR('',#3602,1.25);
#1022=VECTOR('',#3609,10.);
#1023=VECTOR('',#3612,10.);
#1024=VECTOR('',#3615,10.);
#1025=VECTOR('',#3618,10.);
#1026=VECTOR('',#3621,10.);
#1027=VECTOR('',#3624,10.);
#1028=VECTOR('',#3627,10.);
#1029=VECTOR('',#3628,10.);
#1030=VECTOR('',#3629,10.);
#1031=VECTOR('',#3632,10.);
#1032=VECTOR('',#3633,10.);
#1033=VECTOR('',#3634,10.);
#1034=VECTOR('',#3637,10.);
#1035=VECTOR('',#3640,10.);
#1036=VECTOR('',#3643,10.);
#1037=VECTOR('',#3644,10.);
#1038=VECTOR('',#3647,10.);
#1039=VECTOR('',#3648,10.);
#1040=VECTOR('',#3651,10.);
#1041=VECTOR('',#3652,10.);
#1042=VECTOR('',#3655,10.);
#1043=VECTOR('',#3656,10.);
#1044=VECTOR('',#3665,10.);
#1045=VECTOR('',#3668,10.);
#1046=VECTOR('',#3671,10.);
#1047=VECTOR('',#3674,10.);
#1048=VECTOR('',#3675,10.);
#1049=VECTOR('',#3678,10.);
#1050=VECTOR('',#3681,10.);
#1051=VECTOR('',#3686,10.);
#1052=VECTOR('',#3687,10.);
#1053=VECTOR('',#3688,10.);
#1054=VECTOR('',#3691,10.);
#1055=VECTOR('',#3698,10.);
#1056=VECTOR('',#3699,10.);
#1057=VECTOR('',#3702,10.);
#1058=VECTOR('',#3703,10.);
#1059=VECTOR('',#3704,10.);
#1060=VECTOR('',#3707,10.);
#1061=VECTOR('',#3712,10.);
#1062=VECTOR('',#3715,10.);
#1063=VECTOR('',#3720,10.);
#1064=VECTOR('',#3723,10.);
#1065=VECTOR('',#3726,10.);
#1066=VECTOR('',#3729,10.);
#1067=VECTOR('',#3732,10.);
#1068=VECTOR('',#3735,10.);
#1069=VECTOR('',#3738,10.);
#1070=VECTOR('',#3741,10.);
#1071=VECTOR('',#3744,10.);
#1072=VECTOR('',#3747,10.);
#1073=VECTOR('',#3752,10.);
#1074=VECTOR('',#3753,10.);
#1075=VECTOR('',#3758,10.);
#1076=VECTOR('',#3761,10.);
#1077=VECTOR('',#3764,10.);
#1078=VECTOR('',#3767,10.);
#1079=VECTOR('',#3778,10.);
#1080=VECTOR('',#3781,10.);
#1081=VECTOR('',#3788,10.);
#1082=VECTOR('',#3791,10.);
#1083=VECTOR('',#3796,9.65000000000001);
#1084=VECTOR('',#3813,10.);
#1085=VECTOR('',#3814,10.);
#1086=VECTOR('',#3819,10.);
#1087=VECTOR('',#3822,10.);
#1088=VECTOR('',#3825,10.);
#1089=VECTOR('',#3828,10.);
#1090=VECTOR('',#3831,10.);
#1091=VECTOR('',#3836,10.);
#1092=VECTOR('',#3839,10.);
#1093=VECTOR('',#3842,10.);
#1094=VECTOR('',#3843,10.);
#1095=VECTOR('',#3846,10.);
#1096=VECTOR('',#3849,10.);
#1097=VECTOR('',#3852,10.);
#1098=VECTOR('',#3853,10.);
#1099=VECTOR('',#3858,10.);
#1100=VECTOR('',#3859,10.);
#1101=VECTOR('',#3860,10.);
#1102=VECTOR('',#3863,10.);
#1103=VECTOR('',#3868,10.);
#1104=VECTOR('',#3869,10.);
#1105=VECTOR('',#3870,10.);
#1106=VECTOR('',#3873,10.);
#1107=VECTOR('',#3878,10.);
#1108=VECTOR('',#3879,10.);
#1109=VECTOR('',#3886,10.);
#1110=VECTOR('',#3887,10.);
#1111=VECTOR('',#3888,10.);
#1112=VECTOR('',#3891,10.);
#1113=VECTOR('',#3896,10.);
#1114=VECTOR('',#3897,10.);
#1115=VECTOR('',#3906,10.);
#1116=VECTOR('',#3907,10.);
#1117=VECTOR('',#3914,10.);
#1118=VECTOR('',#3915,10.);
#1119=VECTOR('',#3916,10.);
#1120=VECTOR('',#3921,10.);
#1121=VECTOR('',#3924,10.);
#1122=VECTOR('',#3925,10.);
#1123=VECTOR('',#3934,10.);
#1124=VECTOR('',#3935,10.);
#1125=VECTOR('',#3942,10.);
#1126=VECTOR('',#3943,10.);
#1127=VECTOR('',#3944,10.);
#1128=VECTOR('',#3949,10.);
#1129=VECTOR('',#3952,10.);
#1130=VECTOR('',#3953,10.);
#1131=VECTOR('',#3962,10.);
#1132=VECTOR('',#3963,10.);
#1133=VECTOR('',#3970,10.);
#1134=VECTOR('',#3971,10.);
#1135=VECTOR('',#3972,10.);
#1136=VECTOR('',#3975,10.);
#1137=VECTOR('',#3980,10.);
#1138=VECTOR('',#3981,10.);
#1139=VECTOR('',#3990,10.);
#1140=VECTOR('',#3993,10.);
#1141=VECTOR('',#3996,10.);
#1142=VECTOR('',#3999,10.);
#1143=VECTOR('',#4002,10.);
#1144=VERTEX_POINT('',#4009);
#1145=VERTEX_POINT('',#4010);
#1146=VERTEX_POINT('',#4012);
#1147=VERTEX_POINT('',#4014);
#1148=VERTEX_POINT('',#4025);
#1149=VERTEX_POINT('',#4027);
#1150=VERTEX_POINT('',#4038);
#1151=VERTEX_POINT('',#4040);
#1152=VERTEX_POINT('',#4044);
#1153=VERTEX_POINT('',#4045);
#1154=VERTEX_POINT('',#4047);
#1155=VERTEX_POINT('',#4049);
#1156=VERTEX_POINT('',#4051);
#1157=VERTEX_POINT('',#4053);
#1158=VERTEX_POINT('',#4064);
#1159=VERTEX_POINT('',#4066);
#1160=VERTEX_POINT('',#4079);
#1161=VERTEX_POINT('',#4080);
#1162=VERTEX_POINT('',#4082);
#1163=VERTEX_POINT('',#4084);
#1164=VERTEX_POINT('',#4091);
#1165=VERTEX_POINT('',#4096);
#1166=VERTEX_POINT('',#4098);
#1167=VERTEX_POINT('',#4102);
#1168=VERTEX_POINT('',#4103);
#1169=VERTEX_POINT('',#4105);
#1170=VERTEX_POINT('',#4107);
#1171=VERTEX_POINT('',#4109);
#1172=VERTEX_POINT('',#4111);
#1173=VERTEX_POINT('',#4118);
#1174=VERTEX_POINT('',#4128);
#1175=VERTEX_POINT('',#4130);
#1176=VERTEX_POINT('',#4134);
#1177=VERTEX_POINT('',#4138);
#1178=VERTEX_POINT('',#4140);
#1179=VERTEX_POINT('',#4154);
#1180=VERTEX_POINT('',#4155);
#1181=VERTEX_POINT('',#4160);
#1182=VERTEX_POINT('',#4162);
#1183=VERTEX_POINT('',#4164);
#1184=VERTEX_POINT('',#4166);
#1185=VERTEX_POINT('',#4168);
#1186=VERTEX_POINT('',#4173);
#1187=VERTEX_POINT('',#4214);
#1188=VERTEX_POINT('',#4275);
#1189=VERTEX_POINT('',#4309);
#1190=VERTEX_POINT('',#4314);
#1191=VERTEX_POINT('',#4326);
#1192=VERTEX_POINT('',#4356);
#1193=VERTEX_POINT('',#4361);
#1194=VERTEX_POINT('',#4373);
#1195=VERTEX_POINT('',#4374);
#1196=VERTEX_POINT('',#4418);
#1197=VERTEX_POINT('',#4423);
#1198=VERTEX_POINT('',#4425);
#1199=VERTEX_POINT('',#4427);
#1200=VERTEX_POINT('',#4429);
#1201=VERTEX_POINT('',#4431);
#1202=VERTEX_POINT('',#4436);
#1203=VERTEX_POINT('',#4479);
#1204=VERTEX_POINT('',#4484);
#1205=VERTEX_POINT('',#4514);
#1206=VERTEX_POINT('',#4519);
#1207=VERTEX_POINT('',#4551);
#1208=VERTEX_POINT('',#4556);
#1209=VERTEX_POINT('',#4561);
#1210=VERTEX_POINT('',#4568);
#1211=VERTEX_POINT('',#4575);
#1212=VERTEX_POINT('',#4577);
#1213=VERTEX_POINT('',#4579);
#1214=VERTEX_POINT('',#4581);
#1215=VERTEX_POINT('',#4583);
#1216=VERTEX_POINT('',#4588);
#1217=VERTEX_POINT('',#4593);
#1218=VERTEX_POINT('',#4603);
#1219=VERTEX_POINT('',#4604);
#1220=VERTEX_POINT('',#4606);
#1221=VERTEX_POINT('',#4608);
#1222=VERTEX_POINT('',#4611);
#1223=VERTEX_POINT('',#4612);
#1224=VERTEX_POINT('',#4614);
#1225=VERTEX_POINT('',#4616);
#1226=VERTEX_POINT('',#4619);
#1227=VERTEX_POINT('',#4620);
#1228=VERTEX_POINT('',#4622);
#1229=VERTEX_POINT('',#4624);
#1230=VERTEX_POINT('',#4627);
#1231=VERTEX_POINT('',#4628);
#1232=VERTEX_POINT('',#4630);
#1233=VERTEX_POINT('',#4632);
#1234=VERTEX_POINT('',#4635);
#1235=VERTEX_POINT('',#4636);
#1236=VERTEX_POINT('',#4638);
#1237=VERTEX_POINT('',#4640);
#1238=VERTEX_POINT('',#4643);
#1239=VERTEX_POINT('',#4644);
#1240=VERTEX_POINT('',#4648);
#1241=VERTEX_POINT('',#4650);
#1242=VERTEX_POINT('',#4689);
#1243=VERTEX_POINT('',#4690);
#1244=VERTEX_POINT('',#4706);
#1245=VERTEX_POINT('',#4708);
#1246=VERTEX_POINT('',#4731);
#1247=VERTEX_POINT('',#4736);
#1248=VERTEX_POINT('',#4738);
#1249=VERTEX_POINT('',#4767);
#1250=VERTEX_POINT('',#4774);
#1251=VERTEX_POINT('',#4790);
#1252=VERTEX_POINT('',#4792);
#1253=VERTEX_POINT('',#4796);
#1254=VERTEX_POINT('',#4799);
#1255=VERTEX_POINT('',#4803);
#1256=VERTEX_POINT('',#4805);
#1257=VERTEX_POINT('',#4844);
#1258=VERTEX_POINT('',#4845);
#1259=VERTEX_POINT('',#4861);
#1260=VERTEX_POINT('',#4863);
#1261=VERTEX_POINT('',#4886);
#1262=VERTEX_POINT('',#4891);
#1263=VERTEX_POINT('',#4900);
#1264=VERTEX_POINT('',#4920);
#1265=VERTEX_POINT('',#4927);
#1266=VERTEX_POINT('',#4938);
#1267=VERTEX_POINT('',#4940);
#1268=VERTEX_POINT('',#4944);
#1269=VERTEX_POINT('',#4946);
#1270=VERTEX_POINT('',#4949);
#1271=VERTEX_POINT('',#4951);
#1272=VERTEX_POINT('',#4959);
#1273=VERTEX_POINT('',#4974);
#1274=VERTEX_POINT('',#4985);
#1275=VERTEX_POINT('',#5018);
#1276=VERTEX_POINT('',#5019);
#1277=VERTEX_POINT('',#5021);
#1278=VERTEX_POINT('',#5023);
#1279=VERTEX_POINT('',#5035);
#1280=VERTEX_POINT('',#5045);
#1281=VERTEX_POINT('',#5057);
#1282=VERTEX_POINT('',#5090);
#1283=VERTEX_POINT('',#5132);
#1284=VERTEX_POINT('',#5149);
#1285=VERTEX_POINT('',#5220);
#1286=VERTEX_POINT('',#5253);
#1287=VERTEX_POINT('',#5266);
#1288=VERTEX_POINT('',#5277);
#1289=VERTEX_POINT('',#5279);
#1290=VERTEX_POINT('',#5303);
#1291=VERTEX_POINT('',#5305);
#1292=VERTEX_POINT('',#5307);
#1293=VERTEX_POINT('',#5309);
#1294=VERTEX_POINT('',#5311);
#1295=VERTEX_POINT('',#5313);
#1296=VERTEX_POINT('',#5315);
#1297=VERTEX_POINT('',#5317);
#1298=VERTEX_POINT('',#5319);
#1299=VERTEX_POINT('',#5321);
#1300=VERTEX_POINT('',#5323);
#1301=VERTEX_POINT('',#5330);
#1302=VERTEX_POINT('',#5337);
#1303=VERTEX_POINT('',#5346);
#1304=VERTEX_POINT('',#5347);
#1305=VERTEX_POINT('',#5351);
#1306=VERTEX_POINT('',#5355);
#1307=VERTEX_POINT('',#5357);
#1308=VERTEX_POINT('',#5362);
#1309=VERTEX_POINT('',#5364);
#1310=VERTEX_POINT('',#5368);
#1311=VERTEX_POINT('',#5373);
#1312=VERTEX_POINT('',#5378);
#1313=VERTEX_POINT('',#5383);
#1314=VERTEX_POINT('',#5388);
#1315=VERTEX_POINT('',#5393);
#1316=VERTEX_POINT('',#5395);
#1317=VERTEX_POINT('',#5397);
#1318=VERTEX_POINT('',#5399);
#1319=VERTEX_POINT('',#5401);
#1320=VERTEX_POINT('',#5403);
#1321=VERTEX_POINT('',#5407);
#1322=VERTEX_POINT('',#5409);
#1323=VERTEX_POINT('',#5411);
#1324=VERTEX_POINT('',#5413);
#1325=VERTEX_POINT('',#5415);
#1326=VERTEX_POINT('',#5420);
#1327=VERTEX_POINT('',#5422);
#1328=VERTEX_POINT('',#5426);
#1329=VERTEX_POINT('',#5430);
#1330=VERTEX_POINT('',#5434);
#1331=VERTEX_POINT('',#5439);
#1332=VERTEX_POINT('',#5445);
#1333=VERTEX_POINT('',#5447);
#1334=VERTEX_POINT('',#5449);
#1335=VERTEX_POINT('',#5500);
#1336=VERTEX_POINT('',#5511);
#1337=VERTEX_POINT('',#5525);
#1338=VERTEX_POINT('',#5526);
#1339=VERTEX_POINT('',#5555);
#1340=VERTEX_POINT('',#5594);
#1341=VERTEX_POINT('',#5601);
#1342=VERTEX_POINT('',#5619);
#1343=VERTEX_POINT('',#5620);
#1344=VERTEX_POINT('',#5622);
#1345=VERTEX_POINT('',#5624);
#1346=VERTEX_POINT('',#5628);
#1347=VERTEX_POINT('',#5629);
#1348=VERTEX_POINT('',#5634);
#1349=VERTEX_POINT('',#5635);
#1350=VERTEX_POINT('',#5643);
#1351=VERTEX_POINT('',#5645);
#1352=VERTEX_POINT('',#5649);
#1353=VERTEX_POINT('',#5653);
#1354=VERTEX_POINT('',#5655);
#1355=VERTEX_POINT('',#5657);
#1356=VERTEX_POINT('',#5660);
#1357=VERTEX_POINT('',#5662);
#1358=VERTEX_POINT('',#5664);
#1359=VERTEX_POINT('',#5666);
#1360=VERTEX_POINT('',#5669);
#1361=VERTEX_POINT('',#5670);
#1362=VERTEX_POINT('',#5672);
#1363=VERTEX_POINT('',#5674);
#1364=VERTEX_POINT('',#5677);
#1365=VERTEX_POINT('',#5678);
#1366=VERTEX_POINT('',#5680);
#1367=VERTEX_POINT('',#5682);
#1368=VERTEX_POINT('',#5685);
#1369=VERTEX_POINT('',#5686);
#1370=VERTEX_POINT('',#5688);
#1371=VERTEX_POINT('',#5690);
#1372=VERTEX_POINT('',#5693);
#1373=VERTEX_POINT('',#5694);
#1374=VERTEX_POINT('',#5696);
#1375=VERTEX_POINT('',#5698);
#1376=VERTEX_POINT('',#5703);
#1377=VERTEX_POINT('',#5715);
#1378=VERTEX_POINT('',#5726);
#1379=VERTEX_POINT('',#5741);
#1380=VERTEX_POINT('',#5743);
#1381=VERTEX_POINT('',#5749);
#1382=VERTEX_POINT('',#5751);
#1383=VERTEX_POINT('',#5755);
#1384=VERTEX_POINT('',#5757);
#1385=VERTEX_POINT('',#5782);
#1386=VERTEX_POINT('',#5784);
#1387=VERTEX_POINT('',#5788);
#1388=VERTEX_POINT('',#5792);
#1389=VERTEX_POINT('',#5794);
#1390=VERTEX_POINT('',#5798);
#1391=VERTEX_POINT('',#5803);
#1392=VERTEX_POINT('',#5805);
#1393=VERTEX_POINT('',#5809);
#1394=VERTEX_POINT('',#5813);
#1395=VERTEX_POINT('',#5815);
#1396=VERTEX_POINT('',#5819);
#1397=VERTEX_POINT('',#5823);
#1398=VERTEX_POINT('',#5829);
#1399=VERTEX_POINT('',#5831);
#1400=VERTEX_POINT('',#5835);
#1401=VERTEX_POINT('',#5839);
#1402=VERTEX_POINT('',#5846);
#1403=VERTEX_POINT('',#5852);
#1404=VERTEX_POINT('',#5854);
#1405=VERTEX_POINT('',#5858);
#1406=VERTEX_POINT('',#5862);
#1407=VERTEX_POINT('',#5869);
#1408=VERTEX_POINT('',#5875);
#1409=VERTEX_POINT('',#5877);
#1410=VERTEX_POINT('',#5881);
#1411=VERTEX_POINT('',#5885);
#1412=VERTEX_POINT('',#5892);
#1413=VERTEX_POINT('',#5898);
#1414=VERTEX_POINT('',#5900);
#1415=VERTEX_POINT('',#5904);
#1416=VERTEX_POINT('',#5908);
#1417=VERTEX_POINT('',#5988);
#1418=VERTEX_POINT('',#6063);
#1419=VERTEX_POINT('',#6100);
#1420=VERTEX_POINT('',#6140);
#1421=VERTEX_POINT('',#6147);
#1422=VERTEX_POINT('',#6164);
#1423=EDGE_CURVE('',#1144,#1145,#728,.T.);
#1424=EDGE_CURVE('',#1146,#1144,#729,.T.);
#1425=EDGE_CURVE('',#1147,#1146,#625,.T.);
#1426=EDGE_CURVE('',#1148,#1147,#730,.T.);
#1427=EDGE_CURVE('',#1149,#1148,#626,.T.);
#1428=EDGE_CURVE('',#1150,#1149,#731,.T.);
#1429=EDGE_CURVE('',#1151,#1150,#732,.T.);
#1430=EDGE_CURVE('',#1145,#1151,#733,.T.);
#1431=EDGE_CURVE('',#1152,#1153,#734,.T.);
#1432=EDGE_CURVE('',#1154,#1152,#735,.T.);
#1433=EDGE_CURVE('',#1155,#1154,#736,.T.);
#1434=EDGE_CURVE('',#1156,#1155,#737,.T.);
#1435=EDGE_CURVE('',#1157,#1156,#627,.T.);
#1436=EDGE_CURVE('',#1158,#1157,#738,.T.);
#1437=EDGE_CURVE('',#1159,#1158,#628,.T.);
#1438=EDGE_CURVE('',#1153,#1159,#739,.T.);
#1439=EDGE_CURVE('',#1160,#1161,#740,.T.);
#1440=EDGE_CURVE('',#1162,#1160,#741,.T.);
#1441=EDGE_CURVE('',#1163,#1162,#629,.T.);
#1442=EDGE_CURVE('',#1164,#1163,#630,.T.);
#1443=EDGE_CURVE('',#1165,#1164,#742,.T.);
#1444=EDGE_CURVE('',#1166,#1165,#743,.T.);
#1445=EDGE_CURVE('',#1161,#1166,#744,.T.);
#1446=EDGE_CURVE('',#1167,#1168,#745,.T.);
#1447=EDGE_CURVE('',#1169,#1167,#746,.T.);
#1448=EDGE_CURVE('',#1170,#1169,#747,.T.);
#1449=EDGE_CURVE('',#1171,#1170,#748,.T.);
#1450=EDGE_CURVE('',#1172,#1171,#631,.T.);
#1451=EDGE_CURVE('',#1173,#1172,#632,.T.);
#1452=EDGE_CURVE('',#1168,#1173,#749,.T.);
#1453=EDGE_CURVE('',#1148,#1174,#141,.T.);
#1454=EDGE_CURVE('',#1175,#1174,#142,.T.);
#1455=EDGE_CURVE('',#1175,#1149,#143,.T.);
#1456=EDGE_CURVE('',#1176,#1147,#144,.T.);
#1457=EDGE_CURVE('',#1174,#1176,#750,.T.);
#1458=EDGE_CURVE('',#1158,#1177,#145,.T.);
#1459=EDGE_CURVE('',#1178,#1177,#146,.T.);
#1460=EDGE_CURVE('',#1178,#1159,#147,.T.);
#1461=EDGE_CURVE('',#1154,#1166,#148,.T.);
#1462=EDGE_CURVE('',#1155,#1165,#149,.T.);
#1463=EDGE_CURVE('',#1170,#1150,#150,.T.);
#1464=EDGE_CURVE('',#1169,#1151,#151,.T.);
#1465=EDGE_CURVE('',#1161,#1152,#152,.T.);
#1466=EDGE_CURVE('',#1160,#1153,#153,.T.);
#1467=EDGE_CURVE('',#1179,#1180,#633,.T.);
#1468=EDGE_CURVE('',#1181,#1179,#154,.T.);
#1469=EDGE_CURVE('',#1182,#1181,#751,.T.);
#1470=EDGE_CURVE('',#1182,#1183,#752,.T.);
#1471=EDGE_CURVE('',#1184,#1183,#155,.T.);
#1472=EDGE_CURVE('',#1185,#1184,#634,.T.);
#1473=EDGE_CURVE('',#1186,#1185,#635,.T.);
#1474=EDGE_CURVE('',#1187,#1186,#753,.T.);
#1475=EDGE_CURVE('',#1180,#1187,#636,.T.);
#1476=EDGE_CURVE('',#1188,#1180,#637,.T.);
#1477=EDGE_CURVE('',#1188,#1179,#638,.T.);
#1478=EDGE_CURVE('',#1187,#1189,#639,.T.);
#1479=EDGE_CURVE('',#1190,#1189,#640,.T.);
#1480=EDGE_CURVE('',#1190,#1188,#641,.T.);
#1481=EDGE_CURVE('',#1191,#1186,#642,.T.);
#1482=EDGE_CURVE('',#1191,#1189,#754,.T.);
#1483=EDGE_CURVE('',#1185,#1192,#643,.T.);
#1484=EDGE_CURVE('',#1192,#1193,#644,.T.);
#1485=EDGE_CURVE('',#1191,#1193,#645,.T.);
#1486=EDGE_CURVE('',#1194,#1195,#646,.T.);
#1487=EDGE_CURVE('',#1196,#1194,#647,.T.);
#1488=EDGE_CURVE('',#1197,#1196,#156,.T.);
#1489=EDGE_CURVE('',#1198,#1197,#755,.T.);
#1490=EDGE_CURVE('',#1199,#1198,#756,.T.);
#1491=EDGE_CURVE('',#1200,#1199,#157,.T.);
#1492=EDGE_CURVE('',#1201,#1200,#648,.T.);
#1493=EDGE_CURVE('',#1202,#1201,#649,.T.);
#1494=EDGE_CURVE('',#1202,#1195,#757,.T.);
#1495=EDGE_CURVE('',#1203,#1202,#650,.T.);
#1496=EDGE_CURVE('',#1204,#1203,#758,.T.);
#1497=EDGE_CURVE('',#1195,#1204,#651,.T.);
#1498=EDGE_CURVE('',#1205,#1201,#652,.T.);
#1499=EDGE_CURVE('',#1205,#1206,#653,.T.);
#1500=EDGE_CURVE('',#1206,#1203,#654,.T.);
#1501=EDGE_CURVE('',#1200,#1205,#655,.T.);
#1502=EDGE_CURVE('',#1207,#1190,#656,.T.);
#1503=EDGE_CURVE('',#1208,#1207,#657,.T.);
#1504=EDGE_CURVE('',#1209,#1208,#658,.T.);
#1505=EDGE_CURVE('',#1210,#1209,#659,.T.);
#1506=EDGE_CURVE('',#1211,#1210,#759,.T.);
#1507=EDGE_CURVE('',#1211,#1212,#760,.T.);
#1508=EDGE_CURVE('',#1212,#1213,#761,.T.);
#1509=EDGE_CURVE('',#1213,#1214,#762,.T.);
#1510=EDGE_CURVE('',#1215,#1214,#660,.T.);
#1511=EDGE_CURVE('',#1216,#1215,#661,.T.);
#1512=EDGE_CURVE('',#1217,#1216,#662,.T.);
#1513=EDGE_CURVE('',#1206,#1217,#663,.T.);
#1514=EDGE_CURVE('',#1199,#1181,#763,.T.);
#1515=EDGE_CURVE('',#1218,#1219,#158,.T.);
#1516=EDGE_CURVE('',#1220,#1218,#764,.T.);
#1517=EDGE_CURVE('',#1221,#1220,#159,.T.);
#1518=EDGE_CURVE('',#1219,#1221,#765,.T.);
#1519=EDGE_CURVE('',#1222,#1223,#766,.T.);
#1520=EDGE_CURVE('',#1223,#1224,#160,.T.);
#1521=EDGE_CURVE('',#1224,#1225,#767,.T.);
#1522=EDGE_CURVE('',#1225,#1222,#161,.T.);
#1523=EDGE_CURVE('',#1226,#1227,#768,.T.);
#1524=EDGE_CURVE('',#1227,#1228,#162,.T.);
#1525=EDGE_CURVE('',#1228,#1229,#769,.T.);
#1526=EDGE_CURVE('',#1229,#1226,#163,.T.);
#1527=EDGE_CURVE('',#1230,#1231,#770,.T.);
#1528=EDGE_CURVE('',#1231,#1232,#164,.T.);
#1529=EDGE_CURVE('',#1232,#1233,#771,.T.);
#1530=EDGE_CURVE('',#1233,#1230,#165,.T.);
#1531=EDGE_CURVE('',#1234,#1235,#772,.T.);
#1532=EDGE_CURVE('',#1235,#1236,#166,.T.);
#1533=EDGE_CURVE('',#1236,#1237,#773,.T.);
#1534=EDGE_CURVE('',#1237,#1234,#167,.T.);
#1535=EDGE_CURVE('',#1238,#1239,#168,.T.);
#1536=EDGE_CURVE('',#1239,#1238,#169,.T.);
#1537=EDGE_CURVE('',#1198,#1240,#170,.T.);
#1538=EDGE_CURVE('',#1240,#1241,#774,.T.);
#1539=EDGE_CURVE('',#1241,#1199,#171,.T.);
#1540=EDGE_CURVE('',#1242,#1243,#664,.F.);
#1541=EDGE_CURVE('',#1242,#1240,#25,.T.);
#1542=EDGE_CURVE('',#1198,#1243,#26,.T.);
#1543=EDGE_CURVE('',#1199,#1244,#27,.F.);
#1544=EDGE_CURVE('',#1241,#1245,#775,.T.);
#1545=EDGE_CURVE('',#1245,#1244,#172,.T.);
#1546=EDGE_CURVE('',#1244,#1246,#665,.F.);
#1547=EDGE_CURVE('',#1245,#1247,#28,.T.);
#1548=EDGE_CURVE('',#1248,#1247,#666,.T.);
#1549=EDGE_CURVE('',#1249,#1248,#667,.T.);
#1550=EDGE_CURVE('',#1250,#1249,#668,.F.);
#1551=EDGE_CURVE('',#1246,#1250,#669,.F.);
#1552=EDGE_CURVE('',#1251,#1197,#776,.T.);
#1553=EDGE_CURVE('',#1252,#1251,#777,.T.);
#1554=EDGE_CURVE('',#1243,#1252,#778,.T.);
#1555=EDGE_CURVE('',#1248,#1253,#173,.T.);
#1556=EDGE_CURVE('',#1253,#1176,#779,.T.);
#1557=EDGE_CURVE('',#1254,#1176,#174,.T.);
#1558=EDGE_CURVE('',#1254,#1249,#780,.T.);
#1559=EDGE_CURVE('',#1255,#1182,#175,.T.);
#1560=EDGE_CURVE('',#1181,#1256,#176,.T.);
#1561=EDGE_CURVE('',#1256,#1255,#781,.T.);
#1562=EDGE_CURVE('',#1257,#1258,#670,.T.);
#1563=EDGE_CURVE('',#1258,#1182,#29,.T.);
#1564=EDGE_CURVE('',#1255,#1257,#30,.T.);
#1565=EDGE_CURVE('',#1181,#1259,#31,.T.);
#1566=EDGE_CURVE('',#1259,#1260,#177,.T.);
#1567=EDGE_CURVE('',#1260,#1256,#782,.T.);
#1568=EDGE_CURVE('',#1259,#1261,#671,.T.);
#1569=EDGE_CURVE('',#1261,#1262,#672,.T.);
#1570=EDGE_CURVE('',#1262,#1263,#673,.T.);
#1571=EDGE_CURVE('',#1264,#1263,#674,.T.);
#1572=EDGE_CURVE('',#1265,#1264,#675,.T.);
#1573=EDGE_CURVE('',#1265,#1260,#32,.T.);
#1574=EDGE_CURVE('',#1255,#1266,#783,.T.);
#1575=EDGE_CURVE('',#1266,#1267,#178,.T.);
#1576=EDGE_CURVE('',#1267,#1257,#784,.T.);
#1577=EDGE_CURVE('',#1268,#1260,#785,.T.);
#1578=EDGE_CURVE('',#1269,#1268,#179,.T.);
#1579=EDGE_CURVE('',#1177,#1269,#786,.T.);
#1580=EDGE_CURVE('',#1177,#1270,#787,.T.);
#1581=EDGE_CURVE('',#1271,#1270,#788,.T.);
#1582=EDGE_CURVE('',#1266,#1271,#180,.T.);
#1583=EDGE_CURVE('',#1265,#1268,#181,.T.);
#1584=EDGE_CURVE('',#1269,#1264,#182,.T.);
#1585=EDGE_CURVE('',#1272,#1247,#183,.T.);
#1586=EDGE_CURVE('',#1272,#1253,#184,.T.);
#1587=EDGE_CURVE('',#1261,#1246,#789,.T.);
#1588=EDGE_CURVE('',#1250,#1262,#790,.T.);
#1589=EDGE_CURVE('',#1245,#1272,#791,.T.);
#1590=EDGE_CURVE('',#1263,#1178,#792,.T.);
#1591=EDGE_CURVE('',#1146,#1254,#185,.T.);
#1592=EDGE_CURVE('',#1144,#1168,#186,.T.);
#1593=EDGE_CURVE('',#1173,#1273,#676,.T.);
#1594=EDGE_CURVE('',#1273,#1274,#187,.T.);
#1595=EDGE_CURVE('',#1274,#1162,#677,.T.);
#1596=EDGE_CURVE('',#1275,#1276,#188,.T.);
#1597=EDGE_CURVE('',#1277,#1275,#189,.F.);
#1598=EDGE_CURVE('',#1278,#1277,#190,.T.);
#1599=EDGE_CURVE('',#1278,#1276,#191,.T.);
#1600=EDGE_CURVE('',#1279,#1271,#192,.T.);
#1601=EDGE_CURVE('',#1267,#1279,#193,.F.);
#1602=EDGE_CURVE('',#1275,#1267,#793,.T.);
#1603=EDGE_CURVE('',#1279,#1277,#794,.T.);
#1604=EDGE_CURVE('',#1174,#1278,#795,.T.);
#1605=EDGE_CURVE('',#1277,#1175,#796,.T.);
#1606=EDGE_CURVE('',#1156,#1280,#194,.T.);
#1607=EDGE_CURVE('',#1280,#1270,#195,.T.);
#1608=EDGE_CURVE('',#1270,#1157,#196,.T.);
#1609=EDGE_CURVE('',#1280,#1279,#797,.T.);
#1610=EDGE_CURVE('',#1242,#1275,#798,.T.);
#1611=EDGE_CURVE('',#1276,#1240,#799,.T.);
#1612=EDGE_CURVE('',#1258,#1243,#800,.T.);
#1613=EDGE_CURVE('',#1164,#1281,#678,.T.);
#1614=EDGE_CURVE('',#1281,#1171,#679,.T.);
#1615=EDGE_CURVE('',#1282,#1282,#197,.T.);
#1616=EDGE_CURVE('',#1283,#1274,#680,.T.);
#1617=EDGE_CURVE('',#1284,#1283,#681,.T.);
#1618=EDGE_CURVE('',#1281,#1284,#682,.T.);
#1619=EDGE_CURVE('',#1285,#1281,#683,.T.);
#1620=EDGE_CURVE('',#1286,#1285,#684,.T.);
#1621=EDGE_CURVE('',#1273,#1286,#685,.T.);
#1622=EDGE_CURVE('',#1284,#1285,#198,.T.);
#1623=EDGE_CURVE('',#1286,#1283,#199,.T.);
#1624=EDGE_CURVE('',#1287,#1287,#200,.T.);
#1625=EDGE_CURVE('',#1145,#1167,#201,.T.);
#1626=EDGE_CURVE('',#1287,#1282,#801,.T.);
#1627=EDGE_CURVE('',#1288,#1258,#802,.T.);
#1628=EDGE_CURVE('',#1289,#1288,#803,.T.);
#1629=EDGE_CURVE('',#1183,#1289,#804,.T.);
#1630=EDGE_CURVE('',#1184,#1192,#686,.T.);
#1631=EDGE_CURVE('',#1289,#1290,#805,.T.);
#1632=EDGE_CURVE('',#1291,#1290,#202,.T.);
#1633=EDGE_CURVE('',#1291,#1292,#806,.T.);
#1634=EDGE_CURVE('',#1293,#1292,#203,.T.);
#1635=EDGE_CURVE('',#1293,#1294,#807,.T.);
#1636=EDGE_CURVE('',#1295,#1294,#204,.T.);
#1637=EDGE_CURVE('',#1295,#1296,#808,.T.);
#1638=EDGE_CURVE('',#1296,#1297,#205,.T.);
#1639=EDGE_CURVE('',#1297,#1298,#809,.T.);
#1640=EDGE_CURVE('',#1298,#1299,#810,.T.);
#1641=EDGE_CURVE('',#1300,#1299,#687,.T.);
#1642=EDGE_CURVE('',#1301,#1300,#688,.T.);
#1643=EDGE_CURVE('',#1302,#1301,#689,.T.);
#1644=EDGE_CURVE('',#1193,#1302,#690,.T.);
#1645=EDGE_CURVE('',#1303,#1304,#206,.T.);
#1646=EDGE_CURVE('',#1304,#1303,#207,.T.);
#1647=EDGE_CURVE('',#1305,#1288,#811,.T.);
#1648=EDGE_CURVE('',#1290,#1305,#812,.T.);
#1649=EDGE_CURVE('',#1306,#1306,#208,.T.);
#1650=EDGE_CURVE('',#1306,#1307,#813,.T.);
#1651=EDGE_CURVE('',#1307,#1307,#209,.T.);
#1652=EDGE_CURVE('',#1296,#1308,#814,.T.);
#1653=EDGE_CURVE('',#1308,#1309,#210,.T.);
#1654=EDGE_CURVE('',#1297,#1309,#815,.T.);
#1655=EDGE_CURVE('',#1310,#1196,#691,.T.);
#1656=EDGE_CURVE('',#1311,#1310,#692,.T.);
#1657=EDGE_CURVE('',#1312,#1311,#693,.T.);
#1658=EDGE_CURVE('',#1313,#1312,#694,.T.);
#1659=EDGE_CURVE('',#1314,#1313,#695,.T.);
#1660=EDGE_CURVE('',#1314,#1315,#816,.T.);
#1661=EDGE_CURVE('',#1316,#1315,#211,.T.);
#1662=EDGE_CURVE('',#1316,#1317,#817,.T.);
#1663=EDGE_CURVE('',#1318,#1317,#212,.T.);
#1664=EDGE_CURVE('',#1318,#1319,#818,.T.);
#1665=EDGE_CURVE('',#1320,#1319,#213,.T.);
#1666=EDGE_CURVE('',#1320,#1251,#819,.T.);
#1667=EDGE_CURVE('',#1309,#1321,#820,.T.);
#1668=EDGE_CURVE('',#1322,#1321,#821,.T.);
#1669=EDGE_CURVE('',#1323,#1322,#822,.T.);
#1670=EDGE_CURVE('',#1324,#1323,#214,.T.);
#1671=EDGE_CURVE('',#1325,#1324,#823,.T.);
#1672=EDGE_CURVE('',#1325,#1212,#824,.T.);
#1673=EDGE_CURVE('',#1298,#1211,#825,.T.);
#1674=EDGE_CURVE('',#1315,#1326,#826,.T.);
#1675=EDGE_CURVE('',#1326,#1327,#215,.F.);
#1676=EDGE_CURVE('',#1327,#1316,#827,.T.);
#1677=EDGE_CURVE('',#1328,#1327,#828,.T.);
#1678=EDGE_CURVE('',#1317,#1328,#829,.T.);
#1679=EDGE_CURVE('',#1329,#1325,#830,.T.);
#1680=EDGE_CURVE('',#1329,#1213,#831,.T.);
#1681=EDGE_CURVE('',#1330,#1314,#696,.T.);
#1682=EDGE_CURVE('',#1331,#1330,#832,.T.);
#1683=EDGE_CURVE('',#1331,#1214,#697,.T.);
#1684=EDGE_CURVE('',#1332,#1329,#833,.T.);
#1685=EDGE_CURVE('',#1333,#1332,#216,.T.);
#1686=EDGE_CURVE('',#1334,#1333,#834,.T.);
#1687=EDGE_CURVE('',#1326,#1334,#835,.T.);
#1688=EDGE_CURVE('',#1299,#1330,#698,.T.);
#1689=EDGE_CURVE('',#1210,#1331,#699,.T.);
#1690=EDGE_CURVE('',#1335,#1209,#700,.T.);
#1691=EDGE_CURVE('',#1335,#1336,#701,.T.);
#1692=EDGE_CURVE('',#1216,#1336,#702,.T.);
#1693=EDGE_CURVE('',#1337,#1338,#217,.T.);
#1694=EDGE_CURVE('',#1238,#1338,#703,.T.);
#1695=EDGE_CURVE('',#1337,#1239,#704,.T.);
#1696=EDGE_CURVE('',#1332,#1324,#836,.T.);
#1697=EDGE_CURVE('',#1333,#1323,#837,.T.);
#1698=EDGE_CURVE('',#1334,#1322,#838,.T.);
#1699=EDGE_CURVE('',#1339,#1295,#839,.T.);
#1700=EDGE_CURVE('',#1308,#1339,#840,.T.);
#1701=EDGE_CURVE('',#1340,#1313,#705,.T.);
#1702=EDGE_CURVE('',#1340,#1341,#706,.T.);
#1703=EDGE_CURVE('',#1341,#1300,#707,.T.);
#1704=EDGE_CURVE('',#1342,#1343,#841,.T.);
#1705=EDGE_CURVE('',#1343,#1344,#218,.T.);
#1706=EDGE_CURVE('',#1344,#1345,#842,.T.);
#1707=EDGE_CURVE('',#1345,#1342,#219,.T.);
#1708=EDGE_CURVE('',#1346,#1347,#843,.T.);
#1709=EDGE_CURVE('',#1347,#1343,#844,.T.);
#1710=EDGE_CURVE('',#1342,#1346,#845,.T.);
#1711=EDGE_CURVE('',#1348,#1349,#846,.T.);
#1712=EDGE_CURVE('',#1349,#1347,#220,.T.);
#1713=EDGE_CURVE('',#1346,#1348,#221,.T.);
#1714=EDGE_CURVE('',#1344,#1349,#847,.T.);
#1715=EDGE_CURVE('',#1348,#1345,#848,.T.);
#1716=EDGE_CURVE('',#1350,#1344,#849,.T.);
#1717=EDGE_CURVE('',#1351,#1350,#850,.T.);
#1718=EDGE_CURVE('',#1351,#1349,#851,.T.);
#1719=EDGE_CURVE('',#1352,#1343,#852,.T.);
#1720=EDGE_CURVE('',#1350,#1352,#222,.T.);
#1721=EDGE_CURVE('',#1252,#1353,#853,.T.);
#1722=EDGE_CURVE('',#1353,#1354,#223,.T.);
#1723=EDGE_CURVE('',#1354,#1355,#854,.T.);
#1724=EDGE_CURVE('',#1355,#1328,#224,.T.);
#1725=EDGE_CURVE('',#1339,#1356,#225,.T.);
#1726=EDGE_CURVE('',#1356,#1357,#855,.T.);
#1727=EDGE_CURVE('',#1357,#1358,#226,.T.);
#1728=EDGE_CURVE('',#1358,#1359,#856,.T.);
#1729=EDGE_CURVE('',#1359,#1305,#227,.T.);
#1730=EDGE_CURVE('',#1360,#1361,#857,.T.);
#1731=EDGE_CURVE('',#1362,#1360,#228,.T.);
#1732=EDGE_CURVE('',#1363,#1362,#858,.T.);
#1733=EDGE_CURVE('',#1361,#1363,#229,.T.);
#1734=EDGE_CURVE('',#1364,#1365,#859,.T.);
#1735=EDGE_CURVE('',#1366,#1364,#230,.T.);
#1736=EDGE_CURVE('',#1367,#1366,#860,.T.);
#1737=EDGE_CURVE('',#1365,#1367,#231,.T.);
#1738=EDGE_CURVE('',#1368,#1369,#861,.T.);
#1739=EDGE_CURVE('',#1370,#1368,#232,.T.);
#1740=EDGE_CURVE('',#1371,#1370,#862,.T.);
#1741=EDGE_CURVE('',#1369,#1371,#233,.T.);
#1742=EDGE_CURVE('',#1372,#1373,#863,.T.);
#1743=EDGE_CURVE('',#1374,#1372,#234,.T.);
#1744=EDGE_CURVE('',#1375,#1374,#864,.T.);
#1745=EDGE_CURVE('',#1373,#1375,#235,.T.);
#1746=EDGE_CURVE('',#1351,#1218,#865,.T.);
#1747=EDGE_CURVE('',#1219,#1376,#866,.T.);
#1748=EDGE_CURVE('',#1376,#1351,#236,.T.);
#1749=EDGE_CURVE('',#1350,#1220,#867,.T.);
#1750=EDGE_CURVE('',#1352,#1221,#868,.T.);
#1751=EDGE_CURVE('',#1352,#1376,#869,.T.);
#1752=EDGE_CURVE('',#1376,#1347,#870,.T.);
#1753=EDGE_CURVE('',#1377,#1304,#708,.T.);
#1754=EDGE_CURVE('',#1377,#1378,#237,.T.);
#1755=EDGE_CURVE('',#1378,#1303,#709,.T.);
#1756=EDGE_CURVE('',#1378,#1377,#238,.T.);
#1757=EDGE_CURVE('',#1379,#1377,#871,.T.);
#1758=EDGE_CURVE('',#1379,#1380,#239,.T.);
#1759=EDGE_CURVE('',#1380,#1378,#872,.T.);
#1760=EDGE_CURVE('',#1338,#1337,#240,.T.);
#1761=EDGE_CURVE('',#1338,#1381,#873,.T.);
#1762=EDGE_CURVE('',#1381,#1382,#241,.T.);
#1763=EDGE_CURVE('',#1337,#1382,#874,.T.);
#1764=EDGE_CURVE('',#1383,#1383,#242,.T.);
#1765=EDGE_CURVE('',#1383,#1384,#875,.T.);
#1766=EDGE_CURVE('',#1384,#1384,#243,.T.);
#1767=EDGE_CURVE('',#1380,#1379,#244,.T.);
#1768=EDGE_CURVE('',#1382,#1381,#245,.T.);
#1769=EDGE_CURVE('',#1353,#1320,#876,.T.);
#1770=EDGE_CURVE('',#1319,#1354,#877,.T.);
#1771=EDGE_CURVE('',#1355,#1318,#878,.T.);
#1772=EDGE_CURVE('',#1294,#1356,#879,.T.);
#1773=EDGE_CURVE('',#1357,#1293,#880,.T.);
#1774=EDGE_CURVE('',#1292,#1358,#881,.T.);
#1775=EDGE_CURVE('',#1359,#1291,#882,.T.);
#1776=EDGE_CURVE('',#1385,#1363,#883,.T.);
#1777=EDGE_CURVE('',#1386,#1385,#246,.T.);
#1778=EDGE_CURVE('',#1386,#1361,#884,.T.);
#1779=EDGE_CURVE('',#1387,#1362,#885,.T.);
#1780=EDGE_CURVE('',#1385,#1387,#886,.T.);
#1781=EDGE_CURVE('',#1388,#1367,#887,.T.);
#1782=EDGE_CURVE('',#1389,#1388,#247,.T.);
#1783=EDGE_CURVE('',#1389,#1365,#888,.T.);
#1784=EDGE_CURVE('',#1390,#1366,#889,.T.);
#1785=EDGE_CURVE('',#1388,#1390,#890,.T.);
#1786=EDGE_CURVE('',#1391,#1374,#891,.T.);
#1787=EDGE_CURVE('',#1392,#1391,#892,.T.);
#1788=EDGE_CURVE('',#1392,#1375,#893,.T.);
#1789=EDGE_CURVE('',#1393,#1372,#894,.T.);
#1790=EDGE_CURVE('',#1391,#1393,#248,.T.);
#1791=EDGE_CURVE('',#1394,#1370,#895,.T.);
#1792=EDGE_CURVE('',#1395,#1394,#896,.T.);
#1793=EDGE_CURVE('',#1395,#1371,#897,.T.);
#1794=EDGE_CURVE('',#1396,#1368,#898,.T.);
#1795=EDGE_CURVE('',#1394,#1396,#249,.T.);
#1796=EDGE_CURVE('',#1397,#1389,#899,.T.);
#1797=EDGE_CURVE('',#1397,#1364,#900,.T.);
#1798=EDGE_CURVE('',#1390,#1397,#250,.T.);
#1799=EDGE_CURVE('',#1234,#1398,#901,.T.);
#1800=EDGE_CURVE('',#1398,#1399,#902,.T.);
#1801=EDGE_CURVE('',#1235,#1399,#903,.T.);
#1802=EDGE_CURVE('',#1237,#1400,#904,.T.);
#1803=EDGE_CURVE('',#1400,#1398,#251,.T.);
#1804=EDGE_CURVE('',#1236,#1401,#905,.T.);
#1805=EDGE_CURVE('',#1401,#1400,#906,.T.);
#1806=EDGE_CURVE('',#1399,#1401,#252,.T.);
#1807=EDGE_CURVE('',#1402,#1369,#907,.T.);
#1808=EDGE_CURVE('',#1396,#1402,#908,.T.);
#1809=EDGE_CURVE('',#1402,#1395,#253,.T.);
#1810=EDGE_CURVE('',#1230,#1403,#909,.T.);
#1811=EDGE_CURVE('',#1404,#1403,#910,.T.);
#1812=EDGE_CURVE('',#1231,#1404,#911,.T.);
#1813=EDGE_CURVE('',#1405,#1404,#254,.T.);
#1814=EDGE_CURVE('',#1232,#1405,#912,.T.);
#1815=EDGE_CURVE('',#1406,#1405,#913,.T.);
#1816=EDGE_CURVE('',#1233,#1406,#914,.T.);
#1817=EDGE_CURVE('',#1403,#1406,#255,.T.);
#1818=EDGE_CURVE('',#1407,#1386,#915,.T.);
#1819=EDGE_CURVE('',#1407,#1360,#916,.T.);
#1820=EDGE_CURVE('',#1387,#1407,#256,.T.);
#1821=EDGE_CURVE('',#1226,#1408,#917,.T.);
#1822=EDGE_CURVE('',#1409,#1408,#918,.T.);
#1823=EDGE_CURVE('',#1227,#1409,#919,.T.);
#1824=EDGE_CURVE('',#1410,#1409,#257,.T.);
#1825=EDGE_CURVE('',#1228,#1410,#920,.T.);
#1826=EDGE_CURVE('',#1411,#1410,#921,.T.);
#1827=EDGE_CURVE('',#1229,#1411,#922,.T.);
#1828=EDGE_CURVE('',#1408,#1411,#258,.T.);
#1829=EDGE_CURVE('',#1412,#1373,#923,.T.);
#1830=EDGE_CURVE('',#1393,#1412,#924,.T.);
#1831=EDGE_CURVE('',#1412,#1392,#259,.T.);
#1832=EDGE_CURVE('',#1222,#1413,#925,.T.);
#1833=EDGE_CURVE('',#1413,#1414,#926,.T.);
#1834=EDGE_CURVE('',#1223,#1414,#927,.T.);
#1835=EDGE_CURVE('',#1225,#1415,#928,.T.);
#1836=EDGE_CURVE('',#1415,#1413,#260,.T.);
#1837=EDGE_CURVE('',#1224,#1416,#929,.T.);
#1838=EDGE_CURVE('',#1416,#1415,#930,.T.);
#1839=EDGE_CURVE('',#1414,#1416,#261,.T.);
#1840=EDGE_CURVE('',#1194,#1310,#710,.T.);
#1841=EDGE_CURVE('',#1204,#1311,#711,.T.);
#1842=EDGE_CURVE('',#1417,#1312,#712,.T.);
#1843=EDGE_CURVE('',#1204,#1417,#713,.T.);
#1844=EDGE_CURVE('',#1417,#1340,#714,.T.);
#1845=EDGE_CURVE('',#1341,#1418,#715,.T.);
#1846=EDGE_CURVE('',#1418,#1301,#716,.T.);
#1847=EDGE_CURVE('',#1419,#1302,#717,.T.);
#1848=EDGE_CURVE('',#1418,#1419,#718,.T.);
#1849=EDGE_CURVE('',#1419,#1191,#719,.T.);
#1850=EDGE_CURVE('',#1420,#1419,#931,.T.);
#1851=EDGE_CURVE('',#1189,#1420,#720,.T.);
#1852=EDGE_CURVE('',#1421,#1418,#932,.T.);
#1853=EDGE_CURVE('',#1420,#1421,#721,.T.);
#1854=EDGE_CURVE('',#1335,#1341,#933,.T.);
#1855=EDGE_CURVE('',#1421,#1335,#722,.T.);
#1856=EDGE_CURVE('',#1336,#1340,#934,.T.);
#1857=EDGE_CURVE('',#1422,#1417,#935,.T.);
#1858=EDGE_CURVE('',#1336,#1422,#723,.T.);
#1859=EDGE_CURVE('',#1422,#1203,#724,.T.);
#1860=EDGE_CURVE('',#1208,#1421,#725,.T.);
#1861=EDGE_CURVE('',#1217,#1422,#726,.T.);
#1862=EDGE_CURVE('',#1207,#1420,#727,.T.);
#1863=ORIENTED_EDGE('',*,*,#1423,.F.);
#1864=ORIENTED_EDGE('',*,*,#1424,.F.);
#1865=ORIENTED_EDGE('',*,*,#1425,.F.);
#1866=ORIENTED_EDGE('',*,*,#1426,.F.);
#1867=ORIENTED_EDGE('',*,*,#1427,.F.);
#1868=ORIENTED_EDGE('',*,*,#1428,.F.);
#1869=ORIENTED_EDGE('',*,*,#1429,.F.);
#1870=ORIENTED_EDGE('',*,*,#1430,.F.);
#1871=ORIENTED_EDGE('',*,*,#1431,.F.);
#1872=ORIENTED_EDGE('',*,*,#1432,.F.);
#1873=ORIENTED_EDGE('',*,*,#1433,.F.);
#1874=ORIENTED_EDGE('',*,*,#1434,.F.);
#1875=ORIENTED_EDGE('',*,*,#1435,.F.);
#1876=ORIENTED_EDGE('',*,*,#1436,.F.);
#1877=ORIENTED_EDGE('',*,*,#1437,.F.);
#1878=ORIENTED_EDGE('',*,*,#1438,.F.);
#1879=ORIENTED_EDGE('',*,*,#1439,.F.);
#1880=ORIENTED_EDGE('',*,*,#1440,.F.);
#1881=ORIENTED_EDGE('',*,*,#1441,.F.);
#1882=ORIENTED_EDGE('',*,*,#1442,.F.);
#1883=ORIENTED_EDGE('',*,*,#1443,.F.);
#1884=ORIENTED_EDGE('',*,*,#1444,.F.);
#1885=ORIENTED_EDGE('',*,*,#1445,.F.);
#1886=ORIENTED_EDGE('',*,*,#1446,.F.);
#1887=ORIENTED_EDGE('',*,*,#1447,.F.);
#1888=ORIENTED_EDGE('',*,*,#1448,.F.);
#1889=ORIENTED_EDGE('',*,*,#1449,.F.);
#1890=ORIENTED_EDGE('',*,*,#1450,.F.);
#1891=ORIENTED_EDGE('',*,*,#1451,.F.);
#1892=ORIENTED_EDGE('',*,*,#1452,.F.);
#1893=ORIENTED_EDGE('',*,*,#1427,.T.);
#1894=ORIENTED_EDGE('',*,*,#1453,.T.);
#1895=ORIENTED_EDGE('',*,*,#1454,.F.);
#1896=ORIENTED_EDGE('',*,*,#1455,.T.);
#1897=ORIENTED_EDGE('',*,*,#1426,.T.);
#1898=ORIENTED_EDGE('',*,*,#1456,.F.);
#1899=ORIENTED_EDGE('',*,*,#1457,.F.);
#1900=ORIENTED_EDGE('',*,*,#1453,.F.);
#1901=ORIENTED_EDGE('',*,*,#1437,.T.);
#1902=ORIENTED_EDGE('',*,*,#1458,.T.);
#1903=ORIENTED_EDGE('',*,*,#1459,.F.);
#1904=ORIENTED_EDGE('',*,*,#1460,.T.);
#1905=ORIENTED_EDGE('',*,*,#1433,.T.);
#1906=ORIENTED_EDGE('',*,*,#1461,.T.);
#1907=ORIENTED_EDGE('',*,*,#1444,.T.);
#1908=ORIENTED_EDGE('',*,*,#1462,.F.);
#1909=ORIENTED_EDGE('',*,*,#1429,.T.);
#1910=ORIENTED_EDGE('',*,*,#1463,.F.);
#1911=ORIENTED_EDGE('',*,*,#1448,.T.);
#1912=ORIENTED_EDGE('',*,*,#1464,.T.);
#1913=ORIENTED_EDGE('',*,*,#1432,.T.);
#1914=ORIENTED_EDGE('',*,*,#1465,.F.);
#1915=ORIENTED_EDGE('',*,*,#1445,.T.);
#1916=ORIENTED_EDGE('',*,*,#1461,.F.);
#1917=ORIENTED_EDGE('',*,*,#1431,.T.);
#1918=ORIENTED_EDGE('',*,*,#1466,.F.);
#1919=ORIENTED_EDGE('',*,*,#1439,.T.);
#1920=ORIENTED_EDGE('',*,*,#1465,.T.);
#1921=ORIENTED_EDGE('',*,*,#1467,.F.);
#1922=ORIENTED_EDGE('',*,*,#1468,.F.);
#1923=ORIENTED_EDGE('',*,*,#1469,.F.);
#1924=ORIENTED_EDGE('',*,*,#1470,.T.);
#1925=ORIENTED_EDGE('',*,*,#1471,.F.);
#1926=ORIENTED_EDGE('',*,*,#1472,.F.);
#1927=ORIENTED_EDGE('',*,*,#1473,.F.);
#1928=ORIENTED_EDGE('',*,*,#1474,.F.);
#1929=ORIENTED_EDGE('',*,*,#1475,.F.);
#1930=ORIENTED_EDGE('',*,*,#1467,.T.);
#1931=ORIENTED_EDGE('',*,*,#1476,.F.);
#1932=ORIENTED_EDGE('',*,*,#1477,.T.);
#1933=ORIENTED_EDGE('',*,*,#1475,.T.);
#1934=ORIENTED_EDGE('',*,*,#1478,.T.);
#1935=ORIENTED_EDGE('',*,*,#1479,.F.);
#1936=ORIENTED_EDGE('',*,*,#1480,.T.);
#1937=ORIENTED_EDGE('',*,*,#1476,.T.);
#1938=ORIENTED_EDGE('',*,*,#1474,.T.);
#1939=ORIENTED_EDGE('',*,*,#1481,.F.);
#1940=ORIENTED_EDGE('',*,*,#1482,.T.);
#1941=ORIENTED_EDGE('',*,*,#1478,.F.);
#1942=ORIENTED_EDGE('',*,*,#1473,.T.);
#1943=ORIENTED_EDGE('',*,*,#1483,.T.);
#1944=ORIENTED_EDGE('',*,*,#1484,.T.);
#1945=ORIENTED_EDGE('',*,*,#1485,.F.);
#1946=ORIENTED_EDGE('',*,*,#1481,.T.);
#1947=ORIENTED_EDGE('',*,*,#1486,.F.);
#1948=ORIENTED_EDGE('',*,*,#1487,.F.);
#1949=ORIENTED_EDGE('',*,*,#1488,.F.);
#1950=ORIENTED_EDGE('',*,*,#1489,.F.);
#1951=ORIENTED_EDGE('',*,*,#1490,.F.);
#1952=ORIENTED_EDGE('',*,*,#1491,.F.);
#1953=ORIENTED_EDGE('',*,*,#1492,.F.);
#1954=ORIENTED_EDGE('',*,*,#1493,.F.);
#1955=ORIENTED_EDGE('',*,*,#1494,.T.);
#1956=ORIENTED_EDGE('',*,*,#1494,.F.);
#1957=ORIENTED_EDGE('',*,*,#1495,.F.);
#1958=ORIENTED_EDGE('',*,*,#1496,.F.);
#1959=ORIENTED_EDGE('',*,*,#1497,.F.);
#1960=ORIENTED_EDGE('',*,*,#1493,.T.);
#1961=ORIENTED_EDGE('',*,*,#1498,.F.);
#1962=ORIENTED_EDGE('',*,*,#1499,.T.);
#1963=ORIENTED_EDGE('',*,*,#1500,.T.);
#1964=ORIENTED_EDGE('',*,*,#1495,.T.);
#1965=ORIENTED_EDGE('',*,*,#1492,.T.);
#1966=ORIENTED_EDGE('',*,*,#1501,.T.);
#1967=ORIENTED_EDGE('',*,*,#1498,.T.);
#1968=ORIENTED_EDGE('',*,*,#1468,.T.);
#1969=ORIENTED_EDGE('',*,*,#1477,.F.);
#1970=ORIENTED_EDGE('',*,*,#1480,.F.);
#1971=ORIENTED_EDGE('',*,*,#1502,.F.);
#1972=ORIENTED_EDGE('',*,*,#1503,.F.);
#1973=ORIENTED_EDGE('',*,*,#1504,.F.);
#1974=ORIENTED_EDGE('',*,*,#1505,.F.);
#1975=ORIENTED_EDGE('',*,*,#1506,.F.);
#1976=ORIENTED_EDGE('',*,*,#1507,.T.);
#1977=ORIENTED_EDGE('',*,*,#1508,.T.);
#1978=ORIENTED_EDGE('',*,*,#1509,.T.);
#1979=ORIENTED_EDGE('',*,*,#1510,.F.);
#1980=ORIENTED_EDGE('',*,*,#1511,.F.);
#1981=ORIENTED_EDGE('',*,*,#1512,.F.);
#1982=ORIENTED_EDGE('',*,*,#1513,.F.);
#1983=ORIENTED_EDGE('',*,*,#1499,.F.);
#1984=ORIENTED_EDGE('',*,*,#1501,.F.);
#1985=ORIENTED_EDGE('',*,*,#1491,.T.);
#1986=ORIENTED_EDGE('',*,*,#1514,.T.);
#1987=ORIENTED_EDGE('',*,*,#1515,.F.);
#1988=ORIENTED_EDGE('',*,*,#1516,.F.);
#1989=ORIENTED_EDGE('',*,*,#1517,.F.);
#1990=ORIENTED_EDGE('',*,*,#1518,.F.);
#1991=ORIENTED_EDGE('',*,*,#1519,.T.);
#1992=ORIENTED_EDGE('',*,*,#1520,.T.);
#1993=ORIENTED_EDGE('',*,*,#1521,.T.);
#1994=ORIENTED_EDGE('',*,*,#1522,.T.);
#1995=ORIENTED_EDGE('',*,*,#1523,.T.);
#1996=ORIENTED_EDGE('',*,*,#1524,.T.);
#1997=ORIENTED_EDGE('',*,*,#1525,.T.);
#1998=ORIENTED_EDGE('',*,*,#1526,.T.);
#1999=ORIENTED_EDGE('',*,*,#1527,.T.);
#2000=ORIENTED_EDGE('',*,*,#1528,.T.);
#2001=ORIENTED_EDGE('',*,*,#1529,.T.);
#2002=ORIENTED_EDGE('',*,*,#1530,.T.);
#2003=ORIENTED_EDGE('',*,*,#1531,.T.);
#2004=ORIENTED_EDGE('',*,*,#1532,.T.);
#2005=ORIENTED_EDGE('',*,*,#1533,.T.);
#2006=ORIENTED_EDGE('',*,*,#1534,.T.);
#2007=ORIENTED_EDGE('',*,*,#1535,.F.);
#2008=ORIENTED_EDGE('',*,*,#1536,.F.);
#2009=ORIENTED_EDGE('',*,*,#1537,.T.);
#2010=ORIENTED_EDGE('',*,*,#1538,.T.);
#2011=ORIENTED_EDGE('',*,*,#1539,.T.);
#2012=ORIENTED_EDGE('',*,*,#1490,.T.);
#2013=ORIENTED_EDGE('',*,*,#1540,.F.);
#2014=ORIENTED_EDGE('',*,*,#1541,.T.);
#2015=ORIENTED_EDGE('',*,*,#1537,.F.);
#2016=ORIENTED_EDGE('',*,*,#1542,.T.);
#2017=ORIENTED_EDGE('',*,*,#1543,.F.);
#2018=ORIENTED_EDGE('',*,*,#1539,.F.);
#2019=ORIENTED_EDGE('',*,*,#1544,.T.);
#2020=ORIENTED_EDGE('',*,*,#1545,.T.);
#2021=ORIENTED_EDGE('',*,*,#1546,.F.);
#2022=ORIENTED_EDGE('',*,*,#1545,.F.);
#2023=ORIENTED_EDGE('',*,*,#1547,.T.);
#2024=ORIENTED_EDGE('',*,*,#1548,.F.);
#2025=ORIENTED_EDGE('',*,*,#1549,.F.);
#2026=ORIENTED_EDGE('',*,*,#1550,.F.);
#2027=ORIENTED_EDGE('',*,*,#1551,.F.);
#2028=ORIENTED_EDGE('',*,*,#1489,.T.);
#2029=ORIENTED_EDGE('',*,*,#1552,.F.);
#2030=ORIENTED_EDGE('',*,*,#1553,.F.);
#2031=ORIENTED_EDGE('',*,*,#1554,.F.);
#2032=ORIENTED_EDGE('',*,*,#1542,.F.);
#2033=ORIENTED_EDGE('',*,*,#1549,.T.);
#2034=ORIENTED_EDGE('',*,*,#1555,.T.);
#2035=ORIENTED_EDGE('',*,*,#1556,.T.);
#2036=ORIENTED_EDGE('',*,*,#1557,.F.);
#2037=ORIENTED_EDGE('',*,*,#1558,.T.);
#2038=ORIENTED_EDGE('',*,*,#1559,.T.);
#2039=ORIENTED_EDGE('',*,*,#1469,.T.);
#2040=ORIENTED_EDGE('',*,*,#1560,.T.);
#2041=ORIENTED_EDGE('',*,*,#1561,.T.);
#2042=ORIENTED_EDGE('',*,*,#1562,.T.);
#2043=ORIENTED_EDGE('',*,*,#1563,.T.);
#2044=ORIENTED_EDGE('',*,*,#1559,.F.);
#2045=ORIENTED_EDGE('',*,*,#1564,.T.);
#2046=ORIENTED_EDGE('',*,*,#1565,.T.);
#2047=ORIENTED_EDGE('',*,*,#1566,.T.);
#2048=ORIENTED_EDGE('',*,*,#1567,.T.);
#2049=ORIENTED_EDGE('',*,*,#1560,.F.);
#2050=ORIENTED_EDGE('',*,*,#1568,.T.);
#2051=ORIENTED_EDGE('',*,*,#1569,.T.);
#2052=ORIENTED_EDGE('',*,*,#1570,.T.);
#2053=ORIENTED_EDGE('',*,*,#1571,.F.);
#2054=ORIENTED_EDGE('',*,*,#1572,.F.);
#2055=ORIENTED_EDGE('',*,*,#1573,.T.);
#2056=ORIENTED_EDGE('',*,*,#1566,.F.);
#2057=ORIENTED_EDGE('',*,*,#1564,.F.);
#2058=ORIENTED_EDGE('',*,*,#1574,.T.);
#2059=ORIENTED_EDGE('',*,*,#1575,.T.);
#2060=ORIENTED_EDGE('',*,*,#1576,.T.);
#2061=ORIENTED_EDGE('',*,*,#1561,.F.);
#2062=ORIENTED_EDGE('',*,*,#1567,.F.);
#2063=ORIENTED_EDGE('',*,*,#1577,.F.);
#2064=ORIENTED_EDGE('',*,*,#1578,.F.);
#2065=ORIENTED_EDGE('',*,*,#1579,.F.);
#2066=ORIENTED_EDGE('',*,*,#1580,.T.);
#2067=ORIENTED_EDGE('',*,*,#1581,.F.);
#2068=ORIENTED_EDGE('',*,*,#1582,.F.);
#2069=ORIENTED_EDGE('',*,*,#1574,.F.);
#2070=ORIENTED_EDGE('',*,*,#1573,.F.);
#2071=ORIENTED_EDGE('',*,*,#1583,.T.);
#2072=ORIENTED_EDGE('',*,*,#1577,.T.);
#2073=ORIENTED_EDGE('',*,*,#1572,.T.);
#2074=ORIENTED_EDGE('',*,*,#1584,.F.);
#2075=ORIENTED_EDGE('',*,*,#1578,.T.);
#2076=ORIENTED_EDGE('',*,*,#1583,.F.);
#2077=ORIENTED_EDGE('',*,*,#1548,.T.);
#2078=ORIENTED_EDGE('',*,*,#1585,.F.);
#2079=ORIENTED_EDGE('',*,*,#1586,.T.);
#2080=ORIENTED_EDGE('',*,*,#1555,.F.);
#2081=ORIENTED_EDGE('',*,*,#1587,.T.);
#2082=ORIENTED_EDGE('',*,*,#1551,.T.);
#2083=ORIENTED_EDGE('',*,*,#1588,.T.);
#2084=ORIENTED_EDGE('',*,*,#1569,.F.);
#2085=ORIENTED_EDGE('',*,*,#1547,.F.);
#2086=ORIENTED_EDGE('',*,*,#1589,.T.);
#2087=ORIENTED_EDGE('',*,*,#1585,.T.);
#2088=ORIENTED_EDGE('',*,*,#1571,.T.);
#2089=ORIENTED_EDGE('',*,*,#1590,.T.);
#2090=ORIENTED_EDGE('',*,*,#1459,.T.);
#2091=ORIENTED_EDGE('',*,*,#1579,.T.);
#2092=ORIENTED_EDGE('',*,*,#1584,.T.);
#2093=ORIENTED_EDGE('',*,*,#1425,.T.);
#2094=ORIENTED_EDGE('',*,*,#1591,.T.);
#2095=ORIENTED_EDGE('',*,*,#1557,.T.);
#2096=ORIENTED_EDGE('',*,*,#1456,.T.);
#2097=ORIENTED_EDGE('',*,*,#1587,.F.);
#2098=ORIENTED_EDGE('',*,*,#1568,.F.);
#2099=ORIENTED_EDGE('',*,*,#1565,.F.);
#2100=ORIENTED_EDGE('',*,*,#1514,.F.);
#2101=ORIENTED_EDGE('',*,*,#1543,.T.);
#2102=ORIENTED_EDGE('',*,*,#1546,.T.);
#2103=ORIENTED_EDGE('',*,*,#1424,.T.);
#2104=ORIENTED_EDGE('',*,*,#1592,.T.);
#2105=ORIENTED_EDGE('',*,*,#1452,.T.);
#2106=ORIENTED_EDGE('',*,*,#1593,.T.);
#2107=ORIENTED_EDGE('',*,*,#1594,.T.);
#2108=ORIENTED_EDGE('',*,*,#1595,.T.);
#2109=ORIENTED_EDGE('',*,*,#1440,.T.);
#2110=ORIENTED_EDGE('',*,*,#1466,.T.);
#2111=ORIENTED_EDGE('',*,*,#1438,.T.);
#2112=ORIENTED_EDGE('',*,*,#1460,.F.);
#2113=ORIENTED_EDGE('',*,*,#1590,.F.);
#2114=ORIENTED_EDGE('',*,*,#1570,.F.);
#2115=ORIENTED_EDGE('',*,*,#1588,.F.);
#2116=ORIENTED_EDGE('',*,*,#1550,.T.);
#2117=ORIENTED_EDGE('',*,*,#1558,.F.);
#2118=ORIENTED_EDGE('',*,*,#1591,.F.);
#2119=ORIENTED_EDGE('',*,*,#1596,.F.);
#2120=ORIENTED_EDGE('',*,*,#1597,.F.);
#2121=ORIENTED_EDGE('',*,*,#1598,.F.);
#2122=ORIENTED_EDGE('',*,*,#1599,.T.);
#2123=ORIENTED_EDGE('',*,*,#1600,.F.);
#2124=ORIENTED_EDGE('',*,*,#1601,.F.);
#2125=ORIENTED_EDGE('',*,*,#1575,.F.);
#2126=ORIENTED_EDGE('',*,*,#1582,.T.);
#2127=ORIENTED_EDGE('',*,*,#1597,.T.);
#2128=ORIENTED_EDGE('',*,*,#1602,.T.);
#2129=ORIENTED_EDGE('',*,*,#1601,.T.);
#2130=ORIENTED_EDGE('',*,*,#1603,.T.);
#2131=ORIENTED_EDGE('',*,*,#1454,.T.);
#2132=ORIENTED_EDGE('',*,*,#1604,.T.);
#2133=ORIENTED_EDGE('',*,*,#1598,.T.);
#2134=ORIENTED_EDGE('',*,*,#1605,.T.);
#2135=ORIENTED_EDGE('',*,*,#1435,.T.);
#2136=ORIENTED_EDGE('',*,*,#1606,.T.);
#2137=ORIENTED_EDGE('',*,*,#1607,.T.);
#2138=ORIENTED_EDGE('',*,*,#1608,.T.);
#2139=ORIENTED_EDGE('',*,*,#1600,.T.);
#2140=ORIENTED_EDGE('',*,*,#1581,.T.);
#2141=ORIENTED_EDGE('',*,*,#1607,.F.);
#2142=ORIENTED_EDGE('',*,*,#1609,.T.);
#2143=ORIENTED_EDGE('',*,*,#1541,.F.);
#2144=ORIENTED_EDGE('',*,*,#1610,.T.);
#2145=ORIENTED_EDGE('',*,*,#1596,.T.);
#2146=ORIENTED_EDGE('',*,*,#1611,.T.);
#2147=ORIENTED_EDGE('',*,*,#1576,.F.);
#2148=ORIENTED_EDGE('',*,*,#1602,.F.);
#2149=ORIENTED_EDGE('',*,*,#1610,.F.);
#2150=ORIENTED_EDGE('',*,*,#1540,.T.);
#2151=ORIENTED_EDGE('',*,*,#1612,.F.);
#2152=ORIENTED_EDGE('',*,*,#1562,.F.);
#2153=ORIENTED_EDGE('',*,*,#1434,.T.);
#2154=ORIENTED_EDGE('',*,*,#1462,.T.);
#2155=ORIENTED_EDGE('',*,*,#1443,.T.);
#2156=ORIENTED_EDGE('',*,*,#1613,.T.);
#2157=ORIENTED_EDGE('',*,*,#1614,.T.);
#2158=ORIENTED_EDGE('',*,*,#1449,.T.);
#2159=ORIENTED_EDGE('',*,*,#1463,.T.);
#2160=ORIENTED_EDGE('',*,*,#1428,.T.);
#2161=ORIENTED_EDGE('',*,*,#1455,.F.);
#2162=ORIENTED_EDGE('',*,*,#1605,.F.);
#2163=ORIENTED_EDGE('',*,*,#1603,.F.);
#2164=ORIENTED_EDGE('',*,*,#1609,.F.);
#2165=ORIENTED_EDGE('',*,*,#1606,.F.);
#2166=ORIENTED_EDGE('',*,*,#1615,.T.);
#2167=ORIENTED_EDGE('',*,*,#1441,.T.);
#2168=ORIENTED_EDGE('',*,*,#1595,.F.);
#2169=ORIENTED_EDGE('',*,*,#1616,.F.);
#2170=ORIENTED_EDGE('',*,*,#1617,.F.);
#2171=ORIENTED_EDGE('',*,*,#1618,.F.);
#2172=ORIENTED_EDGE('',*,*,#1613,.F.);
#2173=ORIENTED_EDGE('',*,*,#1442,.T.);
#2174=ORIENTED_EDGE('',*,*,#1450,.T.);
#2175=ORIENTED_EDGE('',*,*,#1614,.F.);
#2176=ORIENTED_EDGE('',*,*,#1619,.F.);
#2177=ORIENTED_EDGE('',*,*,#1620,.F.);
#2178=ORIENTED_EDGE('',*,*,#1621,.F.);
#2179=ORIENTED_EDGE('',*,*,#1593,.F.);
#2180=ORIENTED_EDGE('',*,*,#1451,.T.);
#2181=ORIENTED_EDGE('',*,*,#1619,.T.);
#2182=ORIENTED_EDGE('',*,*,#1618,.T.);
#2183=ORIENTED_EDGE('',*,*,#1622,.T.);
#2184=ORIENTED_EDGE('',*,*,#1620,.T.);
#2185=ORIENTED_EDGE('',*,*,#1622,.F.);
#2186=ORIENTED_EDGE('',*,*,#1617,.T.);
#2187=ORIENTED_EDGE('',*,*,#1623,.F.);
#2188=ORIENTED_EDGE('',*,*,#1624,.F.);
#2189=ORIENTED_EDGE('',*,*,#1621,.T.);
#2190=ORIENTED_EDGE('',*,*,#1623,.T.);
#2191=ORIENTED_EDGE('',*,*,#1616,.T.);
#2192=ORIENTED_EDGE('',*,*,#1594,.F.);
#2193=ORIENTED_EDGE('',*,*,#1423,.T.);
#2194=ORIENTED_EDGE('',*,*,#1625,.T.);
#2195=ORIENTED_EDGE('',*,*,#1446,.T.);
#2196=ORIENTED_EDGE('',*,*,#1592,.F.);
#2197=ORIENTED_EDGE('',*,*,#1430,.T.);
#2198=ORIENTED_EDGE('',*,*,#1464,.F.);
#2199=ORIENTED_EDGE('',*,*,#1447,.T.);
#2200=ORIENTED_EDGE('',*,*,#1625,.F.);
#2201=ORIENTED_EDGE('',*,*,#1624,.T.);
#2202=ORIENTED_EDGE('',*,*,#1626,.T.);
#2203=ORIENTED_EDGE('',*,*,#1615,.F.);
#2204=ORIENTED_EDGE('',*,*,#1626,.F.);
#2205=ORIENTED_EDGE('',*,*,#1436,.T.);
#2206=ORIENTED_EDGE('',*,*,#1608,.F.);
#2207=ORIENTED_EDGE('',*,*,#1580,.F.);
#2208=ORIENTED_EDGE('',*,*,#1458,.F.);
#2209=ORIENTED_EDGE('',*,*,#1538,.F.);
#2210=ORIENTED_EDGE('',*,*,#1611,.F.);
#2211=ORIENTED_EDGE('',*,*,#1599,.F.);
#2212=ORIENTED_EDGE('',*,*,#1604,.F.);
#2213=ORIENTED_EDGE('',*,*,#1457,.T.);
#2214=ORIENTED_EDGE('',*,*,#1556,.F.);
#2215=ORIENTED_EDGE('',*,*,#1586,.F.);
#2216=ORIENTED_EDGE('',*,*,#1589,.F.);
#2217=ORIENTED_EDGE('',*,*,#1544,.F.);
#2218=ORIENTED_EDGE('',*,*,#1470,.F.);
#2219=ORIENTED_EDGE('',*,*,#1563,.F.);
#2220=ORIENTED_EDGE('',*,*,#1627,.F.);
#2221=ORIENTED_EDGE('',*,*,#1628,.F.);
#2222=ORIENTED_EDGE('',*,*,#1629,.F.);
#2223=ORIENTED_EDGE('',*,*,#1472,.T.);
#2224=ORIENTED_EDGE('',*,*,#1630,.T.);
#2225=ORIENTED_EDGE('',*,*,#1483,.F.);
#2226=ORIENTED_EDGE('',*,*,#1471,.T.);
#2227=ORIENTED_EDGE('',*,*,#1629,.T.);
#2228=ORIENTED_EDGE('',*,*,#1631,.T.);
#2229=ORIENTED_EDGE('',*,*,#1632,.F.);
#2230=ORIENTED_EDGE('',*,*,#1633,.T.);
#2231=ORIENTED_EDGE('',*,*,#1634,.F.);
#2232=ORIENTED_EDGE('',*,*,#1635,.T.);
#2233=ORIENTED_EDGE('',*,*,#1636,.F.);
#2234=ORIENTED_EDGE('',*,*,#1637,.T.);
#2235=ORIENTED_EDGE('',*,*,#1638,.T.);
#2236=ORIENTED_EDGE('',*,*,#1639,.T.);
#2237=ORIENTED_EDGE('',*,*,#1640,.T.);
#2238=ORIENTED_EDGE('',*,*,#1641,.F.);
#2239=ORIENTED_EDGE('',*,*,#1642,.F.);
#2240=ORIENTED_EDGE('',*,*,#1643,.F.);
#2241=ORIENTED_EDGE('',*,*,#1644,.F.);
#2242=ORIENTED_EDGE('',*,*,#1484,.F.);
#2243=ORIENTED_EDGE('',*,*,#1630,.F.);
#2244=ORIENTED_EDGE('',*,*,#1645,.F.);
#2245=ORIENTED_EDGE('',*,*,#1646,.F.);
#2246=ORIENTED_EDGE('',*,*,#1628,.T.);
#2247=ORIENTED_EDGE('',*,*,#1647,.F.);
#2248=ORIENTED_EDGE('',*,*,#1648,.F.);
#2249=ORIENTED_EDGE('',*,*,#1631,.F.);
#2250=ORIENTED_EDGE('',*,*,#1649,.F.);
#2251=ORIENTED_EDGE('',*,*,#1650,.T.);
#2252=ORIENTED_EDGE('',*,*,#1651,.T.);
#2253=ORIENTED_EDGE('',*,*,#1650,.F.);
#2254=ORIENTED_EDGE('',*,*,#1651,.F.);
#2255=ORIENTED_EDGE('',*,*,#1638,.F.);
#2256=ORIENTED_EDGE('',*,*,#1652,.T.);
#2257=ORIENTED_EDGE('',*,*,#1653,.T.);
#2258=ORIENTED_EDGE('',*,*,#1654,.F.);
#2259=ORIENTED_EDGE('',*,*,#1488,.T.);
#2260=ORIENTED_EDGE('',*,*,#1655,.F.);
#2261=ORIENTED_EDGE('',*,*,#1656,.F.);
#2262=ORIENTED_EDGE('',*,*,#1657,.F.);
#2263=ORIENTED_EDGE('',*,*,#1658,.F.);
#2264=ORIENTED_EDGE('',*,*,#1659,.F.);
#2265=ORIENTED_EDGE('',*,*,#1660,.T.);
#2266=ORIENTED_EDGE('',*,*,#1661,.F.);
#2267=ORIENTED_EDGE('',*,*,#1662,.T.);
#2268=ORIENTED_EDGE('',*,*,#1663,.F.);
#2269=ORIENTED_EDGE('',*,*,#1664,.T.);
#2270=ORIENTED_EDGE('',*,*,#1665,.F.);
#2271=ORIENTED_EDGE('',*,*,#1666,.T.);
#2272=ORIENTED_EDGE('',*,*,#1552,.T.);
#2273=ORIENTED_EDGE('',*,*,#1654,.T.);
#2274=ORIENTED_EDGE('',*,*,#1667,.T.);
#2275=ORIENTED_EDGE('',*,*,#1668,.F.);
#2276=ORIENTED_EDGE('',*,*,#1669,.F.);
#2277=ORIENTED_EDGE('',*,*,#1670,.F.);
#2278=ORIENTED_EDGE('',*,*,#1671,.F.);
#2279=ORIENTED_EDGE('',*,*,#1672,.T.);
#2280=ORIENTED_EDGE('',*,*,#1507,.F.);
#2281=ORIENTED_EDGE('',*,*,#1673,.F.);
#2282=ORIENTED_EDGE('',*,*,#1639,.F.);
#2283=ORIENTED_EDGE('',*,*,#1661,.T.);
#2284=ORIENTED_EDGE('',*,*,#1674,.T.);
#2285=ORIENTED_EDGE('',*,*,#1675,.T.);
#2286=ORIENTED_EDGE('',*,*,#1676,.T.);
#2287=ORIENTED_EDGE('',*,*,#1676,.F.);
#2288=ORIENTED_EDGE('',*,*,#1677,.F.);
#2289=ORIENTED_EDGE('',*,*,#1678,.F.);
#2290=ORIENTED_EDGE('',*,*,#1662,.F.);
#2291=ORIENTED_EDGE('',*,*,#1508,.F.);
#2292=ORIENTED_EDGE('',*,*,#1672,.F.);
#2293=ORIENTED_EDGE('',*,*,#1679,.F.);
#2294=ORIENTED_EDGE('',*,*,#1680,.T.);
#2295=ORIENTED_EDGE('',*,*,#1674,.F.);
#2296=ORIENTED_EDGE('',*,*,#1660,.F.);
#2297=ORIENTED_EDGE('',*,*,#1681,.F.);
#2298=ORIENTED_EDGE('',*,*,#1682,.F.);
#2299=ORIENTED_EDGE('',*,*,#1683,.T.);
#2300=ORIENTED_EDGE('',*,*,#1509,.F.);
#2301=ORIENTED_EDGE('',*,*,#1680,.F.);
#2302=ORIENTED_EDGE('',*,*,#1684,.F.);
#2303=ORIENTED_EDGE('',*,*,#1685,.F.);
#2304=ORIENTED_EDGE('',*,*,#1686,.F.);
#2305=ORIENTED_EDGE('',*,*,#1687,.F.);
#2306=ORIENTED_EDGE('',*,*,#1682,.T.);
#2307=ORIENTED_EDGE('',*,*,#1688,.F.);
#2308=ORIENTED_EDGE('',*,*,#1640,.F.);
#2309=ORIENTED_EDGE('',*,*,#1673,.T.);
#2310=ORIENTED_EDGE('',*,*,#1506,.T.);
#2311=ORIENTED_EDGE('',*,*,#1689,.T.);
#2312=ORIENTED_EDGE('',*,*,#1683,.F.);
#2313=ORIENTED_EDGE('',*,*,#1689,.F.);
#2314=ORIENTED_EDGE('',*,*,#1505,.T.);
#2315=ORIENTED_EDGE('',*,*,#1690,.F.);
#2316=ORIENTED_EDGE('',*,*,#1691,.T.);
#2317=ORIENTED_EDGE('',*,*,#1692,.F.);
#2318=ORIENTED_EDGE('',*,*,#1511,.T.);
#2319=ORIENTED_EDGE('',*,*,#1510,.T.);
#2320=ORIENTED_EDGE('',*,*,#1693,.T.);
#2321=ORIENTED_EDGE('',*,*,#1694,.F.);
#2322=ORIENTED_EDGE('',*,*,#1535,.T.);
#2323=ORIENTED_EDGE('',*,*,#1695,.F.);
#2324=ORIENTED_EDGE('',*,*,#1679,.T.);
#2325=ORIENTED_EDGE('',*,*,#1671,.T.);
#2326=ORIENTED_EDGE('',*,*,#1696,.F.);
#2327=ORIENTED_EDGE('',*,*,#1684,.T.);
#2328=ORIENTED_EDGE('',*,*,#1696,.T.);
#2329=ORIENTED_EDGE('',*,*,#1670,.T.);
#2330=ORIENTED_EDGE('',*,*,#1697,.F.);
#2331=ORIENTED_EDGE('',*,*,#1685,.T.);
#2332=ORIENTED_EDGE('',*,*,#1698,.F.);
#2333=ORIENTED_EDGE('',*,*,#1686,.T.);
#2334=ORIENTED_EDGE('',*,*,#1697,.T.);
#2335=ORIENTED_EDGE('',*,*,#1669,.T.);
#2336=ORIENTED_EDGE('',*,*,#1652,.F.);
#2337=ORIENTED_EDGE('',*,*,#1637,.F.);
#2338=ORIENTED_EDGE('',*,*,#1699,.F.);
#2339=ORIENTED_EDGE('',*,*,#1700,.F.);
#2340=ORIENTED_EDGE('',*,*,#1688,.T.);
#2341=ORIENTED_EDGE('',*,*,#1681,.T.);
#2342=ORIENTED_EDGE('',*,*,#1659,.T.);
#2343=ORIENTED_EDGE('',*,*,#1701,.F.);
#2344=ORIENTED_EDGE('',*,*,#1702,.T.);
#2345=ORIENTED_EDGE('',*,*,#1703,.T.);
#2346=ORIENTED_EDGE('',*,*,#1641,.T.);
#2347=ORIENTED_EDGE('',*,*,#1704,.T.);
#2348=ORIENTED_EDGE('',*,*,#1705,.T.);
#2349=ORIENTED_EDGE('',*,*,#1706,.T.);
#2350=ORIENTED_EDGE('',*,*,#1707,.T.);
#2351=ORIENTED_EDGE('',*,*,#1708,.T.);
#2352=ORIENTED_EDGE('',*,*,#1709,.T.);
#2353=ORIENTED_EDGE('',*,*,#1704,.F.);
#2354=ORIENTED_EDGE('',*,*,#1710,.T.);
#2355=ORIENTED_EDGE('',*,*,#1711,.T.);
#2356=ORIENTED_EDGE('',*,*,#1712,.T.);
#2357=ORIENTED_EDGE('',*,*,#1708,.F.);
#2358=ORIENTED_EDGE('',*,*,#1713,.T.);
#2359=ORIENTED_EDGE('',*,*,#1706,.F.);
#2360=ORIENTED_EDGE('',*,*,#1714,.T.);
#2361=ORIENTED_EDGE('',*,*,#1711,.F.);
#2362=ORIENTED_EDGE('',*,*,#1715,.T.);
#2363=ORIENTED_EDGE('',*,*,#1714,.F.);
#2364=ORIENTED_EDGE('',*,*,#1716,.F.);
#2365=ORIENTED_EDGE('',*,*,#1717,.F.);
#2366=ORIENTED_EDGE('',*,*,#1718,.T.);
#2367=ORIENTED_EDGE('',*,*,#1705,.F.);
#2368=ORIENTED_EDGE('',*,*,#1719,.F.);
#2369=ORIENTED_EDGE('',*,*,#1720,.F.);
#2370=ORIENTED_EDGE('',*,*,#1716,.T.);
#2371=ORIENTED_EDGE('',*,*,#1627,.T.);
#2372=ORIENTED_EDGE('',*,*,#1612,.T.);
#2373=ORIENTED_EDGE('',*,*,#1554,.T.);
#2374=ORIENTED_EDGE('',*,*,#1721,.T.);
#2375=ORIENTED_EDGE('',*,*,#1722,.T.);
#2376=ORIENTED_EDGE('',*,*,#1723,.T.);
#2377=ORIENTED_EDGE('',*,*,#1724,.T.);
#2378=ORIENTED_EDGE('',*,*,#1677,.T.);
#2379=ORIENTED_EDGE('',*,*,#1675,.F.);
#2380=ORIENTED_EDGE('',*,*,#1687,.T.);
#2381=ORIENTED_EDGE('',*,*,#1698,.T.);
#2382=ORIENTED_EDGE('',*,*,#1668,.T.);
#2383=ORIENTED_EDGE('',*,*,#1667,.F.);
#2384=ORIENTED_EDGE('',*,*,#1653,.F.);
#2385=ORIENTED_EDGE('',*,*,#1700,.T.);
#2386=ORIENTED_EDGE('',*,*,#1725,.T.);
#2387=ORIENTED_EDGE('',*,*,#1726,.T.);
#2388=ORIENTED_EDGE('',*,*,#1727,.T.);
#2389=ORIENTED_EDGE('',*,*,#1728,.T.);
#2390=ORIENTED_EDGE('',*,*,#1729,.T.);
#2391=ORIENTED_EDGE('',*,*,#1647,.T.);
#2392=ORIENTED_EDGE('',*,*,#1649,.T.);
#2393=ORIENTED_EDGE('',*,*,#1730,.F.);
#2394=ORIENTED_EDGE('',*,*,#1731,.F.);
#2395=ORIENTED_EDGE('',*,*,#1732,.F.);
#2396=ORIENTED_EDGE('',*,*,#1733,.F.);
#2397=ORIENTED_EDGE('',*,*,#1734,.F.);
#2398=ORIENTED_EDGE('',*,*,#1735,.F.);
#2399=ORIENTED_EDGE('',*,*,#1736,.F.);
#2400=ORIENTED_EDGE('',*,*,#1737,.F.);
#2401=ORIENTED_EDGE('',*,*,#1738,.F.);
#2402=ORIENTED_EDGE('',*,*,#1739,.F.);
#2403=ORIENTED_EDGE('',*,*,#1740,.F.);
#2404=ORIENTED_EDGE('',*,*,#1741,.F.);
#2405=ORIENTED_EDGE('',*,*,#1742,.F.);
#2406=ORIENTED_EDGE('',*,*,#1743,.F.);
#2407=ORIENTED_EDGE('',*,*,#1744,.F.);
#2408=ORIENTED_EDGE('',*,*,#1745,.F.);
#2409=ORIENTED_EDGE('',*,*,#1707,.F.);
#2410=ORIENTED_EDGE('',*,*,#1715,.F.);
#2411=ORIENTED_EDGE('',*,*,#1713,.F.);
#2412=ORIENTED_EDGE('',*,*,#1710,.F.);
#2413=ORIENTED_EDGE('',*,*,#1746,.T.);
#2414=ORIENTED_EDGE('',*,*,#1515,.T.);
#2415=ORIENTED_EDGE('',*,*,#1747,.T.);
#2416=ORIENTED_EDGE('',*,*,#1748,.T.);
#2417=ORIENTED_EDGE('',*,*,#1749,.T.);
#2418=ORIENTED_EDGE('',*,*,#1516,.T.);
#2419=ORIENTED_EDGE('',*,*,#1746,.F.);
#2420=ORIENTED_EDGE('',*,*,#1717,.T.);
#2421=ORIENTED_EDGE('',*,*,#1750,.T.);
#2422=ORIENTED_EDGE('',*,*,#1517,.T.);
#2423=ORIENTED_EDGE('',*,*,#1749,.F.);
#2424=ORIENTED_EDGE('',*,*,#1720,.T.);
#2425=ORIENTED_EDGE('',*,*,#1747,.F.);
#2426=ORIENTED_EDGE('',*,*,#1518,.T.);
#2427=ORIENTED_EDGE('',*,*,#1750,.F.);
#2428=ORIENTED_EDGE('',*,*,#1751,.T.);
#2429=ORIENTED_EDGE('',*,*,#1712,.F.);
#2430=ORIENTED_EDGE('',*,*,#1718,.F.);
#2431=ORIENTED_EDGE('',*,*,#1748,.F.);
#2432=ORIENTED_EDGE('',*,*,#1752,.T.);
#2433=ORIENTED_EDGE('',*,*,#1753,.F.);
#2434=ORIENTED_EDGE('',*,*,#1754,.T.);
#2435=ORIENTED_EDGE('',*,*,#1755,.T.);
#2436=ORIENTED_EDGE('',*,*,#1645,.T.);
#2437=ORIENTED_EDGE('',*,*,#1753,.T.);
#2438=ORIENTED_EDGE('',*,*,#1646,.T.);
#2439=ORIENTED_EDGE('',*,*,#1755,.F.);
#2440=ORIENTED_EDGE('',*,*,#1756,.T.);
#2441=ORIENTED_EDGE('',*,*,#1754,.F.);
#2442=ORIENTED_EDGE('',*,*,#1757,.F.);
#2443=ORIENTED_EDGE('',*,*,#1758,.T.);
#2444=ORIENTED_EDGE('',*,*,#1759,.T.);
#2445=ORIENTED_EDGE('',*,*,#1695,.T.);
#2446=ORIENTED_EDGE('',*,*,#1536,.T.);
#2447=ORIENTED_EDGE('',*,*,#1694,.T.);
#2448=ORIENTED_EDGE('',*,*,#1760,.T.);
#2449=ORIENTED_EDGE('',*,*,#1760,.F.);
#2450=ORIENTED_EDGE('',*,*,#1761,.T.);
#2451=ORIENTED_EDGE('',*,*,#1762,.T.);
#2452=ORIENTED_EDGE('',*,*,#1763,.F.);
#2453=ORIENTED_EDGE('',*,*,#1764,.F.);
#2454=ORIENTED_EDGE('',*,*,#1765,.T.);
#2455=ORIENTED_EDGE('',*,*,#1766,.T.);
#2456=ORIENTED_EDGE('',*,*,#1765,.F.);
#2457=ORIENTED_EDGE('',*,*,#1767,.F.);
#2458=ORIENTED_EDGE('',*,*,#1758,.F.);
#2459=ORIENTED_EDGE('',*,*,#1764,.T.);
#2460=ORIENTED_EDGE('',*,*,#1768,.F.);
#2461=ORIENTED_EDGE('',*,*,#1762,.F.);
#2462=ORIENTED_EDGE('',*,*,#1766,.F.);
#2463=ORIENTED_EDGE('',*,*,#1693,.F.);
#2464=ORIENTED_EDGE('',*,*,#1763,.T.);
#2465=ORIENTED_EDGE('',*,*,#1768,.T.);
#2466=ORIENTED_EDGE('',*,*,#1761,.F.);
#2467=ORIENTED_EDGE('',*,*,#1756,.F.);
#2468=ORIENTED_EDGE('',*,*,#1759,.F.);
#2469=ORIENTED_EDGE('',*,*,#1767,.T.);
#2470=ORIENTED_EDGE('',*,*,#1757,.T.);
#2471=ORIENTED_EDGE('',*,*,#1722,.F.);
#2472=ORIENTED_EDGE('',*,*,#1769,.T.);
#2473=ORIENTED_EDGE('',*,*,#1665,.T.);
#2474=ORIENTED_EDGE('',*,*,#1770,.T.);
#2475=ORIENTED_EDGE('',*,*,#1553,.T.);
#2476=ORIENTED_EDGE('',*,*,#1666,.F.);
#2477=ORIENTED_EDGE('',*,*,#1769,.F.);
#2478=ORIENTED_EDGE('',*,*,#1721,.F.);
#2479=ORIENTED_EDGE('',*,*,#1724,.F.);
#2480=ORIENTED_EDGE('',*,*,#1771,.T.);
#2481=ORIENTED_EDGE('',*,*,#1663,.T.);
#2482=ORIENTED_EDGE('',*,*,#1678,.T.);
#2483=ORIENTED_EDGE('',*,*,#1725,.F.);
#2484=ORIENTED_EDGE('',*,*,#1699,.T.);
#2485=ORIENTED_EDGE('',*,*,#1636,.T.);
#2486=ORIENTED_EDGE('',*,*,#1772,.T.);
#2487=ORIENTED_EDGE('',*,*,#1772,.F.);
#2488=ORIENTED_EDGE('',*,*,#1635,.F.);
#2489=ORIENTED_EDGE('',*,*,#1773,.F.);
#2490=ORIENTED_EDGE('',*,*,#1726,.F.);
#2491=ORIENTED_EDGE('',*,*,#1727,.F.);
#2492=ORIENTED_EDGE('',*,*,#1773,.T.);
#2493=ORIENTED_EDGE('',*,*,#1634,.T.);
#2494=ORIENTED_EDGE('',*,*,#1774,.T.);
#2495=ORIENTED_EDGE('',*,*,#1729,.F.);
#2496=ORIENTED_EDGE('',*,*,#1775,.T.);
#2497=ORIENTED_EDGE('',*,*,#1632,.T.);
#2498=ORIENTED_EDGE('',*,*,#1648,.T.);
#2499=ORIENTED_EDGE('',*,*,#1774,.F.);
#2500=ORIENTED_EDGE('',*,*,#1633,.F.);
#2501=ORIENTED_EDGE('',*,*,#1775,.F.);
#2502=ORIENTED_EDGE('',*,*,#1728,.F.);
#2503=ORIENTED_EDGE('',*,*,#1733,.T.);
#2504=ORIENTED_EDGE('',*,*,#1776,.F.);
#2505=ORIENTED_EDGE('',*,*,#1777,.F.);
#2506=ORIENTED_EDGE('',*,*,#1778,.T.);
#2507=ORIENTED_EDGE('',*,*,#1732,.T.);
#2508=ORIENTED_EDGE('',*,*,#1779,.F.);
#2509=ORIENTED_EDGE('',*,*,#1780,.F.);
#2510=ORIENTED_EDGE('',*,*,#1776,.T.);
#2511=ORIENTED_EDGE('',*,*,#1737,.T.);
#2512=ORIENTED_EDGE('',*,*,#1781,.F.);
#2513=ORIENTED_EDGE('',*,*,#1782,.F.);
#2514=ORIENTED_EDGE('',*,*,#1783,.T.);
#2515=ORIENTED_EDGE('',*,*,#1736,.T.);
#2516=ORIENTED_EDGE('',*,*,#1784,.F.);
#2517=ORIENTED_EDGE('',*,*,#1785,.F.);
#2518=ORIENTED_EDGE('',*,*,#1781,.T.);
#2519=ORIENTED_EDGE('',*,*,#1770,.F.);
#2520=ORIENTED_EDGE('',*,*,#1664,.F.);
#2521=ORIENTED_EDGE('',*,*,#1771,.F.);
#2522=ORIENTED_EDGE('',*,*,#1723,.F.);
#2523=ORIENTED_EDGE('',*,*,#1744,.T.);
#2524=ORIENTED_EDGE('',*,*,#1786,.F.);
#2525=ORIENTED_EDGE('',*,*,#1787,.F.);
#2526=ORIENTED_EDGE('',*,*,#1788,.T.);
#2527=ORIENTED_EDGE('',*,*,#1743,.T.);
#2528=ORIENTED_EDGE('',*,*,#1789,.F.);
#2529=ORIENTED_EDGE('',*,*,#1790,.F.);
#2530=ORIENTED_EDGE('',*,*,#1786,.T.);
#2531=ORIENTED_EDGE('',*,*,#1740,.T.);
#2532=ORIENTED_EDGE('',*,*,#1791,.F.);
#2533=ORIENTED_EDGE('',*,*,#1792,.F.);
#2534=ORIENTED_EDGE('',*,*,#1793,.T.);
#2535=ORIENTED_EDGE('',*,*,#1739,.T.);
#2536=ORIENTED_EDGE('',*,*,#1794,.F.);
#2537=ORIENTED_EDGE('',*,*,#1795,.F.);
#2538=ORIENTED_EDGE('',*,*,#1791,.T.);
#2539=ORIENTED_EDGE('',*,*,#1734,.T.);
#2540=ORIENTED_EDGE('',*,*,#1783,.F.);
#2541=ORIENTED_EDGE('',*,*,#1796,.F.);
#2542=ORIENTED_EDGE('',*,*,#1797,.T.);
#2543=ORIENTED_EDGE('',*,*,#1735,.T.);
#2544=ORIENTED_EDGE('',*,*,#1797,.F.);
#2545=ORIENTED_EDGE('',*,*,#1798,.F.);
#2546=ORIENTED_EDGE('',*,*,#1784,.T.);
#2547=ORIENTED_EDGE('',*,*,#1531,.F.);
#2548=ORIENTED_EDGE('',*,*,#1799,.T.);
#2549=ORIENTED_EDGE('',*,*,#1800,.T.);
#2550=ORIENTED_EDGE('',*,*,#1801,.F.);
#2551=ORIENTED_EDGE('',*,*,#1534,.F.);
#2552=ORIENTED_EDGE('',*,*,#1802,.T.);
#2553=ORIENTED_EDGE('',*,*,#1803,.T.);
#2554=ORIENTED_EDGE('',*,*,#1799,.F.);
#2555=ORIENTED_EDGE('',*,*,#1533,.F.);
#2556=ORIENTED_EDGE('',*,*,#1804,.T.);
#2557=ORIENTED_EDGE('',*,*,#1805,.T.);
#2558=ORIENTED_EDGE('',*,*,#1802,.F.);
#2559=ORIENTED_EDGE('',*,*,#1532,.F.);
#2560=ORIENTED_EDGE('',*,*,#1801,.T.);
#2561=ORIENTED_EDGE('',*,*,#1806,.T.);
#2562=ORIENTED_EDGE('',*,*,#1804,.F.);
#2563=ORIENTED_EDGE('',*,*,#1806,.F.);
#2564=ORIENTED_EDGE('',*,*,#1800,.F.);
#2565=ORIENTED_EDGE('',*,*,#1803,.F.);
#2566=ORIENTED_EDGE('',*,*,#1805,.F.);
#2567=ORIENTED_EDGE('',*,*,#1796,.T.);
#2568=ORIENTED_EDGE('',*,*,#1782,.T.);
#2569=ORIENTED_EDGE('',*,*,#1785,.T.);
#2570=ORIENTED_EDGE('',*,*,#1798,.T.);
#2571=ORIENTED_EDGE('',*,*,#1738,.T.);
#2572=ORIENTED_EDGE('',*,*,#1807,.F.);
#2573=ORIENTED_EDGE('',*,*,#1808,.F.);
#2574=ORIENTED_EDGE('',*,*,#1794,.T.);
#2575=ORIENTED_EDGE('',*,*,#1741,.T.);
#2576=ORIENTED_EDGE('',*,*,#1793,.F.);
#2577=ORIENTED_EDGE('',*,*,#1809,.F.);
#2578=ORIENTED_EDGE('',*,*,#1807,.T.);
#2579=ORIENTED_EDGE('',*,*,#1527,.F.);
#2580=ORIENTED_EDGE('',*,*,#1810,.T.);
#2581=ORIENTED_EDGE('',*,*,#1811,.F.);
#2582=ORIENTED_EDGE('',*,*,#1812,.F.);
#2583=ORIENTED_EDGE('',*,*,#1528,.F.);
#2584=ORIENTED_EDGE('',*,*,#1812,.T.);
#2585=ORIENTED_EDGE('',*,*,#1813,.F.);
#2586=ORIENTED_EDGE('',*,*,#1814,.F.);
#2587=ORIENTED_EDGE('',*,*,#1529,.F.);
#2588=ORIENTED_EDGE('',*,*,#1814,.T.);
#2589=ORIENTED_EDGE('',*,*,#1815,.F.);
#2590=ORIENTED_EDGE('',*,*,#1816,.F.);
#2591=ORIENTED_EDGE('',*,*,#1530,.F.);
#2592=ORIENTED_EDGE('',*,*,#1816,.T.);
#2593=ORIENTED_EDGE('',*,*,#1817,.F.);
#2594=ORIENTED_EDGE('',*,*,#1810,.F.);
#2595=ORIENTED_EDGE('',*,*,#1817,.T.);
#2596=ORIENTED_EDGE('',*,*,#1815,.T.);
#2597=ORIENTED_EDGE('',*,*,#1813,.T.);
#2598=ORIENTED_EDGE('',*,*,#1811,.T.);
#2599=ORIENTED_EDGE('',*,*,#1792,.T.);
#2600=ORIENTED_EDGE('',*,*,#1795,.T.);
#2601=ORIENTED_EDGE('',*,*,#1808,.T.);
#2602=ORIENTED_EDGE('',*,*,#1809,.T.);
#2603=ORIENTED_EDGE('',*,*,#1730,.T.);
#2604=ORIENTED_EDGE('',*,*,#1778,.F.);
#2605=ORIENTED_EDGE('',*,*,#1818,.F.);
#2606=ORIENTED_EDGE('',*,*,#1819,.T.);
#2607=ORIENTED_EDGE('',*,*,#1731,.T.);
#2608=ORIENTED_EDGE('',*,*,#1819,.F.);
#2609=ORIENTED_EDGE('',*,*,#1820,.F.);
#2610=ORIENTED_EDGE('',*,*,#1779,.T.);
#2611=ORIENTED_EDGE('',*,*,#1523,.F.);
#2612=ORIENTED_EDGE('',*,*,#1821,.T.);
#2613=ORIENTED_EDGE('',*,*,#1822,.F.);
#2614=ORIENTED_EDGE('',*,*,#1823,.F.);
#2615=ORIENTED_EDGE('',*,*,#1524,.F.);
#2616=ORIENTED_EDGE('',*,*,#1823,.T.);
#2617=ORIENTED_EDGE('',*,*,#1824,.F.);
#2618=ORIENTED_EDGE('',*,*,#1825,.F.);
#2619=ORIENTED_EDGE('',*,*,#1525,.F.);
#2620=ORIENTED_EDGE('',*,*,#1825,.T.);
#2621=ORIENTED_EDGE('',*,*,#1826,.F.);
#2622=ORIENTED_EDGE('',*,*,#1827,.F.);
#2623=ORIENTED_EDGE('',*,*,#1526,.F.);
#2624=ORIENTED_EDGE('',*,*,#1827,.T.);
#2625=ORIENTED_EDGE('',*,*,#1828,.F.);
#2626=ORIENTED_EDGE('',*,*,#1821,.F.);
#2627=ORIENTED_EDGE('',*,*,#1828,.T.);
#2628=ORIENTED_EDGE('',*,*,#1826,.T.);
#2629=ORIENTED_EDGE('',*,*,#1824,.T.);
#2630=ORIENTED_EDGE('',*,*,#1822,.T.);
#2631=ORIENTED_EDGE('',*,*,#1818,.T.);
#2632=ORIENTED_EDGE('',*,*,#1777,.T.);
#2633=ORIENTED_EDGE('',*,*,#1780,.T.);
#2634=ORIENTED_EDGE('',*,*,#1820,.T.);
#2635=ORIENTED_EDGE('',*,*,#1742,.T.);
#2636=ORIENTED_EDGE('',*,*,#1829,.F.);
#2637=ORIENTED_EDGE('',*,*,#1830,.F.);
#2638=ORIENTED_EDGE('',*,*,#1789,.T.);
#2639=ORIENTED_EDGE('',*,*,#1745,.T.);
#2640=ORIENTED_EDGE('',*,*,#1788,.F.);
#2641=ORIENTED_EDGE('',*,*,#1831,.F.);
#2642=ORIENTED_EDGE('',*,*,#1829,.T.);
#2643=ORIENTED_EDGE('',*,*,#1519,.F.);
#2644=ORIENTED_EDGE('',*,*,#1832,.T.);
#2645=ORIENTED_EDGE('',*,*,#1833,.T.);
#2646=ORIENTED_EDGE('',*,*,#1834,.F.);
#2647=ORIENTED_EDGE('',*,*,#1522,.F.);
#2648=ORIENTED_EDGE('',*,*,#1835,.T.);
#2649=ORIENTED_EDGE('',*,*,#1836,.T.);
#2650=ORIENTED_EDGE('',*,*,#1832,.F.);
#2651=ORIENTED_EDGE('',*,*,#1521,.F.);
#2652=ORIENTED_EDGE('',*,*,#1837,.T.);
#2653=ORIENTED_EDGE('',*,*,#1838,.T.);
#2654=ORIENTED_EDGE('',*,*,#1835,.F.);
#2655=ORIENTED_EDGE('',*,*,#1520,.F.);
#2656=ORIENTED_EDGE('',*,*,#1834,.T.);
#2657=ORIENTED_EDGE('',*,*,#1839,.T.);
#2658=ORIENTED_EDGE('',*,*,#1837,.F.);
#2659=ORIENTED_EDGE('',*,*,#1839,.F.);
#2660=ORIENTED_EDGE('',*,*,#1833,.F.);
#2661=ORIENTED_EDGE('',*,*,#1836,.F.);
#2662=ORIENTED_EDGE('',*,*,#1838,.F.);
#2663=ORIENTED_EDGE('',*,*,#1787,.T.);
#2664=ORIENTED_EDGE('',*,*,#1790,.T.);
#2665=ORIENTED_EDGE('',*,*,#1830,.T.);
#2666=ORIENTED_EDGE('',*,*,#1831,.T.);
#2667=ORIENTED_EDGE('',*,*,#1487,.T.);
#2668=ORIENTED_EDGE('',*,*,#1840,.T.);
#2669=ORIENTED_EDGE('',*,*,#1655,.T.);
#2670=ORIENTED_EDGE('',*,*,#1486,.T.);
#2671=ORIENTED_EDGE('',*,*,#1497,.T.);
#2672=ORIENTED_EDGE('',*,*,#1841,.T.);
#2673=ORIENTED_EDGE('',*,*,#1656,.T.);
#2674=ORIENTED_EDGE('',*,*,#1840,.F.);
#2675=ORIENTED_EDGE('',*,*,#1842,.T.);
#2676=ORIENTED_EDGE('',*,*,#1657,.T.);
#2677=ORIENTED_EDGE('',*,*,#1841,.F.);
#2678=ORIENTED_EDGE('',*,*,#1843,.T.);
#2679=ORIENTED_EDGE('',*,*,#1701,.T.);
#2680=ORIENTED_EDGE('',*,*,#1658,.T.);
#2681=ORIENTED_EDGE('',*,*,#1842,.F.);
#2682=ORIENTED_EDGE('',*,*,#1844,.T.);
#2683=ORIENTED_EDGE('',*,*,#1703,.F.);
#2684=ORIENTED_EDGE('',*,*,#1845,.T.);
#2685=ORIENTED_EDGE('',*,*,#1846,.T.);
#2686=ORIENTED_EDGE('',*,*,#1642,.T.);
#2687=ORIENTED_EDGE('',*,*,#1847,.T.);
#2688=ORIENTED_EDGE('',*,*,#1643,.T.);
#2689=ORIENTED_EDGE('',*,*,#1846,.F.);
#2690=ORIENTED_EDGE('',*,*,#1848,.T.);
#2691=ORIENTED_EDGE('',*,*,#1485,.T.);
#2692=ORIENTED_EDGE('',*,*,#1644,.T.);
#2693=ORIENTED_EDGE('',*,*,#1847,.F.);
#2694=ORIENTED_EDGE('',*,*,#1849,.T.);
#2695=ORIENTED_EDGE('',*,*,#1849,.F.);
#2696=ORIENTED_EDGE('',*,*,#1850,.F.);
#2697=ORIENTED_EDGE('',*,*,#1851,.F.);
#2698=ORIENTED_EDGE('',*,*,#1482,.F.);
#2699=ORIENTED_EDGE('',*,*,#1848,.F.);
#2700=ORIENTED_EDGE('',*,*,#1852,.F.);
#2701=ORIENTED_EDGE('',*,*,#1853,.F.);
#2702=ORIENTED_EDGE('',*,*,#1850,.T.);
#2703=ORIENTED_EDGE('',*,*,#1845,.F.);
#2704=ORIENTED_EDGE('',*,*,#1854,.F.);
#2705=ORIENTED_EDGE('',*,*,#1855,.F.);
#2706=ORIENTED_EDGE('',*,*,#1852,.T.);
#2707=ORIENTED_EDGE('',*,*,#1702,.F.);
#2708=ORIENTED_EDGE('',*,*,#1856,.F.);
#2709=ORIENTED_EDGE('',*,*,#1691,.F.);
#2710=ORIENTED_EDGE('',*,*,#1854,.T.);
#2711=ORIENTED_EDGE('',*,*,#1844,.F.);
#2712=ORIENTED_EDGE('',*,*,#1857,.F.);
#2713=ORIENTED_EDGE('',*,*,#1858,.F.);
#2714=ORIENTED_EDGE('',*,*,#1856,.T.);
#2715=ORIENTED_EDGE('',*,*,#1843,.F.);
#2716=ORIENTED_EDGE('',*,*,#1496,.T.);
#2717=ORIENTED_EDGE('',*,*,#1859,.F.);
#2718=ORIENTED_EDGE('',*,*,#1857,.T.);
#2719=ORIENTED_EDGE('',*,*,#1690,.T.);
#2720=ORIENTED_EDGE('',*,*,#1504,.T.);
#2721=ORIENTED_EDGE('',*,*,#1860,.T.);
#2722=ORIENTED_EDGE('',*,*,#1855,.T.);
#2723=ORIENTED_EDGE('',*,*,#1861,.T.);
#2724=ORIENTED_EDGE('',*,*,#1859,.T.);
#2725=ORIENTED_EDGE('',*,*,#1500,.F.);
#2726=ORIENTED_EDGE('',*,*,#1513,.T.);
#2727=ORIENTED_EDGE('',*,*,#1692,.T.);
#2728=ORIENTED_EDGE('',*,*,#1858,.T.);
#2729=ORIENTED_EDGE('',*,*,#1861,.F.);
#2730=ORIENTED_EDGE('',*,*,#1512,.T.);
#2731=ORIENTED_EDGE('',*,*,#1862,.T.);
#2732=ORIENTED_EDGE('',*,*,#1853,.T.);
#2733=ORIENTED_EDGE('',*,*,#1860,.F.);
#2734=ORIENTED_EDGE('',*,*,#1503,.T.);
#2735=ORIENTED_EDGE('',*,*,#1479,.T.);
#2736=ORIENTED_EDGE('',*,*,#1851,.T.);
#2737=ORIENTED_EDGE('',*,*,#1862,.F.);
#2738=ORIENTED_EDGE('',*,*,#1502,.T.);
#2739=ORIENTED_EDGE('',*,*,#1709,.F.);
#2740=ORIENTED_EDGE('',*,*,#1752,.F.);
#2741=ORIENTED_EDGE('',*,*,#1751,.F.);
#2742=ORIENTED_EDGE('',*,*,#1719,.T.);
#2743=PLANE('',#2990);
#2744=PLANE('',#2991);
#2745=PLANE('',#2992);
#2746=PLANE('',#2993);
#2747=PLANE('',#3010);
#2748=PLANE('',#3017);
#2749=PLANE('',#3021);
#2750=PLANE('',#3022);
#2751=PLANE('',#3044);
#2752=PLANE('',#3059);
#2753=PLANE('',#3074);
#2754=PLANE('',#3075);
#2755=PLANE('',#3092);
#2756=PLANE('',#3093);
#2757=PLANE('',#3097);
#2758=PLANE('',#3103);
#2759=PLANE('',#3106);
#2760=PLANE('',#3107);
#2761=PLANE('',#3108);
#2762=PLANE('',#3115);
#2763=PLANE('',#3119);
#2764=PLANE('',#3122);
#2765=PLANE('',#3126);
#2766=PLANE('',#3130);
#2767=PLANE('',#3131);
#2768=PLANE('',#3132);
#2769=PLANE('',#3134);
#2770=PLANE('',#3137);
#2771=PLANE('',#3139);
#2772=PLANE('',#3140);
#2773=PLANE('',#3144);
#2774=PLANE('',#3148);
#2775=PLANE('',#3149);
#2776=PLANE('',#3152);
#2777=PLANE('',#3168);
#2778=PLANE('',#3170);
#2779=PLANE('',#3185);
#2780=PLANE('',#3187);
#2781=PLANE('',#3192);
#2782=PLANE('',#3195);
#2783=PLANE('',#3198);
#2784=PLANE('',#3201);
#2785=PLANE('',#3204);
#2786=PLANE('',#3205);
#2787=PLANE('',#3206);
#2788=PLANE('',#3209);
#2789=PLANE('',#3212);
#2790=PLANE('',#3215);
#2791=PLANE('',#3218);
#2792=PLANE('',#3221);
#2793=PLANE('',#3222);
#2794=PLANE('',#3225);
#2795=PLANE('',#3228);
#2796=PLANE('',#3231);
#2797=PLANE('',#3232);
#2798=PLANE('',#3235);
#2799=PLANE('',#3238);
#2800=PLANE('',#3241);
#2801=PLANE('',#3242);
#2802=PLANE('',#3245);
#2803=PLANE('',#3248);
#2804=PLANE('',#3251);
#2805=PLANE('',#3253);
#2806=PLANE('',#3256);
#2807=PLANE('',#3258);
#2808=ADVANCED_FACE('',(#268),#2743,.F.);
#2809=ADVANCED_FACE('',(#269),#2744,.F.);
#2810=ADVANCED_FACE('',(#270),#2745,.F.);
#2811=ADVANCED_FACE('',(#271),#2746,.F.);
#2812=ADVANCED_FACE('',(#272),#262,.T.);
#2813=ADVANCED_FACE('',(#273),#80,.T.);
#2814=ADVANCED_FACE('',(#274),#263,.T.);
#2815=ADVANCED_FACE('',(#275),#81,.F.);
#2816=ADVANCED_FACE('',(#276),#82,.F.);
#2817=ADVANCED_FACE('',(#277),#2747,.T.);
#2818=ADVANCED_FACE('',(#278),#83,.F.);
#2819=ADVANCED_FACE('',(#279),#84,.T.);
#2820=ADVANCED_FACE('',(#280),#54,.T.);
#2821=ADVANCED_FACE('',(#281),#55,.T.);
#2822=ADVANCED_FACE('',(#282),#2748,.F.);
#2823=ADVANCED_FACE('',(#283),#56,.T.);
#2824=ADVANCED_FACE('',(#284),#85,.T.);
#2825=ADVANCED_FACE('',(#285),#2749,.T.);
#2826=ADVANCED_FACE('',(#286),#57,.T.);
#2827=ADVANCED_FACE('',(#287),#58,.T.);
#2828=ADVANCED_FACE('',(#288,#33,#34,#35,#36,#37,#38),#2750,.T.);
#2829=ADVANCED_FACE('',(#289),#86,.F.);
#2830=ADVANCED_FACE('',(#290),#59,.T.);
#2831=ADVANCED_FACE('',(#291),#87,.F.);
#2832=ADVANCED_FACE('',(#292),#60,.T.);
#2833=ADVANCED_FACE('',(#293),#2751,.T.);
#2834=ADVANCED_FACE('',(#294),#88,.T.);
#2835=ADVANCED_FACE('',(#295),#89,.F.);
#2836=ADVANCED_FACE('',(#296),#61,.T.);
#2837=ADVANCED_FACE('',(#297),#90,.F.);
#2838=ADVANCED_FACE('',(#298),#62,.T.);
#2839=ADVANCED_FACE('',(#299),#91,.T.);
#2840=ADVANCED_FACE('',(#300),#2752,.T.);
#2841=ADVANCED_FACE('',(#301),#92,.T.);
#2842=ADVANCED_FACE('',(#302),#264,.T.);
#2843=ADVANCED_FACE('',(#303),#265,.T.);
#2844=ADVANCED_FACE('',(#304),#93,.F.);
#2845=ADVANCED_FACE('',(#305),#94,.T.);
#2846=ADVANCED_FACE('',(#306),#95,.T.);
#2847=ADVANCED_FACE('',(#307),#266,.T.);
#2848=ADVANCED_FACE('',(#308),#2753,.T.);
#2849=ADVANCED_FACE('',(#309),#2754,.T.);
#2850=ADVANCED_FACE('',(#310),#23,.F.);
#2851=ADVANCED_FACE('',(#311),#24,.F.);
#2852=ADVANCED_FACE('',(#312),#96,.T.);
#2853=ADVANCED_FACE('',(#313),#97,.T.);
#2854=ADVANCED_FACE('',(#314),#267,.T.);
#2855=ADVANCED_FACE('',(#315),#98,.T.);
#2856=ADVANCED_FACE('',(#316),#99,.T.);
#2857=ADVANCED_FACE('',(#317),#2755,.T.);
#2858=ADVANCED_FACE('',(#318,#39),#2756,.T.);
#2859=ADVANCED_FACE('',(#319),#63,.T.);
#2860=ADVANCED_FACE('',(#320),#64,.T.);
#2861=ADVANCED_FACE('',(#321),#100,.F.);
#2862=ADVANCED_FACE('',(#322,#40),#2757,.T.);
#2863=ADVANCED_FACE('',(#323),#101,.F.);
#2864=ADVANCED_FACE('',(#324),#102,.F.);
#2865=ADVANCED_FACE('',(#325),#2758,.T.);
#2866=ADVANCED_FACE('',(#326),#103,.F.);
#2867=ADVANCED_FACE('',(#327),#104,.T.);
#2868=ADVANCED_FACE('',(#328),#2759,.T.);
#2869=ADVANCED_FACE('',(#329),#2760,.T.);
#2870=ADVANCED_FACE('',(#330),#65,.T.);
#2871=ADVANCED_FACE('',(#331,#41),#2761,.F.);
#2872=ADVANCED_FACE('',(#332),#2762,.F.);
#2873=ADVANCED_FACE('',(#333),#105,.F.);
#2874=ADVANCED_FACE('',(#334),#2763,.T.);
#2875=ADVANCED_FACE('',(#335),#106,.T.);
#2876=ADVANCED_FACE('',(#336),#2764,.F.);
#2877=ADVANCED_FACE('',(#337),#2765,.F.);
#2878=ADVANCED_FACE('',(#338),#107,.T.);
#2879=ADVANCED_FACE('',(#339),#2766,.F.);
#2880=ADVANCED_FACE('',(#340),#2767,.F.);
#2881=ADVANCED_FACE('',(#341),#2768,.T.);
#2882=ADVANCED_FACE('',(#342),#2769,.F.);
#2883=ADVANCED_FACE('',(#343),#66,.T.);
#2884=ADVANCED_FACE('',(#344),#15,.F.);
#2885=ADVANCED_FACE('',(#345),#2770,.F.);
#2886=ADVANCED_FACE('',(#346),#108,.F.);
#2887=ADVANCED_FACE('',(#347),#2771,.F.);
#2888=ADVANCED_FACE('',(#348),#2772,.F.);
#2889=ADVANCED_FACE('',(#349),#67,.T.);
#2890=ADVANCED_FACE('',(#350),#16,.F.);
#2891=ADVANCED_FACE('',(#351),#2773,.T.);
#2892=ADVANCED_FACE('',(#352),#17,.F.);
#2893=ADVANCED_FACE('',(#353),#2774,.T.);
#2894=ADVANCED_FACE('',(#354),#2775,.F.);
#2895=ADVANCED_FACE('',(#355),#109,.F.);
#2896=ADVANCED_FACE('',(#356,#42,#43,#44,#45,#46,#47),#2776,.F.);
#2897=ADVANCED_FACE('',(#357),#18,.F.);
#2898=ADVANCED_FACE('',(#358),#2777,.T.);
#2899=ADVANCED_FACE('',(#359),#19,.F.);
#2900=ADVANCED_FACE('',(#360),#2778,.T.);
#2901=ADVANCED_FACE('',(#361),#110,.F.);
#2902=ADVANCED_FACE('',(#362),#20,.F.);
#2903=ADVANCED_FACE('',(#363),#21,.F.);
#2904=ADVANCED_FACE('',(#364),#111,.F.);
#2905=ADVANCED_FACE('',(#365),#22,.F.);
#2906=ADVANCED_FACE('',(#366),#112,.F.);
#2907=ADVANCED_FACE('',(#367),#113,.F.);
#2908=ADVANCED_FACE('',(#368,#48),#2779,.T.);
#2909=ADVANCED_FACE('',(#369,#49),#2780,.F.);
#2910=ADVANCED_FACE('',(#370),#114,.F.);
#2911=ADVANCED_FACE('',(#371),#115,.F.);
#2912=ADVANCED_FACE('',(#372),#116,.F.);
#2913=ADVANCED_FACE('',(#373),#2781,.F.);
#2914=ADVANCED_FACE('',(#374),#117,.F.);
#2915=ADVANCED_FACE('',(#375),#118,.F.);
#2916=ADVANCED_FACE('',(#376),#2782,.F.);
#2917=ADVANCED_FACE('',(#377),#119,.F.);
#2918=ADVANCED_FACE('',(#378),#120,.F.);
#2919=ADVANCED_FACE('',(#379),#2783,.F.);
#2920=ADVANCED_FACE('',(#380),#121,.F.);
#2921=ADVANCED_FACE('',(#381),#2784,.T.);
#2922=ADVANCED_FACE('',(#382),#122,.F.);
#2923=ADVANCED_FACE('',(#383),#2785,.F.);
#2924=ADVANCED_FACE('',(#384),#2786,.F.);
#2925=ADVANCED_FACE('',(#385),#2787,.F.);
#2926=ADVANCED_FACE('',(#386),#123,.F.);
#2927=ADVANCED_FACE('',(#387),#2788,.T.);
#2928=ADVANCED_FACE('',(#388),#124,.F.);
#2929=ADVANCED_FACE('',(#389),#2789,.F.);
#2930=ADVANCED_FACE('',(#390),#125,.F.);
#2931=ADVANCED_FACE('',(#391),#2790,.F.);
#2932=ADVANCED_FACE('',(#392),#126,.F.);
#2933=ADVANCED_FACE('',(#393),#2791,.F.);
#2934=ADVANCED_FACE('',(#394),#127,.F.);
#2935=ADVANCED_FACE('',(#395,#50),#2792,.T.);
#2936=ADVANCED_FACE('',(#396),#2793,.T.);
#2937=ADVANCED_FACE('',(#397),#128,.F.);
#2938=ADVANCED_FACE('',(#398),#2794,.T.);
#2939=ADVANCED_FACE('',(#399),#129,.F.);
#2940=ADVANCED_FACE('',(#400),#2795,.T.);
#2941=ADVANCED_FACE('',(#401),#130,.F.);
#2942=ADVANCED_FACE('',(#402,#51),#2796,.F.);
#2943=ADVANCED_FACE('',(#403),#2797,.T.);
#2944=ADVANCED_FACE('',(#404),#131,.F.);
#2945=ADVANCED_FACE('',(#405),#2798,.T.);
#2946=ADVANCED_FACE('',(#406),#132,.F.);
#2947=ADVANCED_FACE('',(#407),#2799,.T.);
#2948=ADVANCED_FACE('',(#408),#133,.F.);
#2949=ADVANCED_FACE('',(#409,#52),#2800,.F.);
#2950=ADVANCED_FACE('',(#410),#2801,.F.);
#2951=ADVANCED_FACE('',(#411),#134,.F.);
#2952=ADVANCED_FACE('',(#412),#2802,.F.);
#2953=ADVANCED_FACE('',(#413),#135,.F.);
#2954=ADVANCED_FACE('',(#414),#2803,.F.);
#2955=ADVANCED_FACE('',(#415),#136,.F.);
#2956=ADVANCED_FACE('',(#416,#53),#2804,.T.);
#2957=ADVANCED_FACE('',(#417),#68,.T.);
#2958=ADVANCED_FACE('',(#418),#69,.T.);
#2959=ADVANCED_FACE('',(#419),#70,.T.);
#2960=ADVANCED_FACE('',(#420),#71,.T.);
#2961=ADVANCED_FACE('',(#421),#72,.T.);
#2962=ADVANCED_FACE('',(#422),#73,.T.);
#2963=ADVANCED_FACE('',(#423),#74,.T.);
#2964=ADVANCED_FACE('',(#424),#137,.T.);
#2965=ADVANCED_FACE('',(#425),#2805,.F.);
#2966=ADVANCED_FACE('',(#426),#138,.T.);
#2967=ADVANCED_FACE('',(#427),#139,.T.);
#2968=ADVANCED_FACE('',(#428),#2806,.T.);
#2969=ADVANCED_FACE('',(#429),#140,.T.);
#2970=ADVANCED_FACE('',(#430),#75,.T.);
#2971=ADVANCED_FACE('',(#431),#76,.T.);
#2972=ADVANCED_FACE('',(#432),#77,.T.);
#2973=ADVANCED_FACE('',(#433),#78,.T.);
#2974=ADVANCED_FACE('',(#434),#79,.T.);
#2975=ADVANCED_FACE('',(#435),#2807,.F.);
#2976=CLOSED_SHELL('',(#2808,#2809,#2810,#2811,#2812,#2813,#2814,#2815,
#2816,#2817,#2818,#2819,#2820,#2821,#2822,#2823,#2824,#2825,#2826,#2827,
#2828,#2829,#2830,#2831,#2832,#2833,#2834,#2835,#2836,#2837,#2838,#2839,
#2840,#2841,#2842,#2843,#2844,#2845,#2846,#2847,#2848,#2849,#2850,#2851,
#2852,#2853,#2854,#2855,#2856,#2857,#2858,#2859,#2860,#2861,#2862,#2863,
#2864,#2865,#2866,#2867,#2868,#2869,#2870,#2871,#2872,#2873,#2874,#2875,
#2876,#2877,#2878,#2879,#2880,#2881,#2882,#2883,#2884,#2885,#2886,#2887,
#2888,#2889,#2890,#2891,#2892,#2893,#2894,#2895,#2896,#2897,#2898,#2899,
#2900,#2901,#2902,#2903,#2904,#2905,#2906,#2907,#2908,#2909,#2910,#2911,
#2912,#2913,#2914,#2915,#2916,#2917,#2918,#2919,#2920,#2921,#2922,#2923,
#2924,#2925,#2926,#2927,#2928,#2929,#2930,#2931,#2932,#2933,#2934,#2935,
#2936,#2937,#2938,#2939,#2940,#2941,#2942,#2943,#2944,#2945,#2946,#2947,
#2948,#2949,#2950,#2951,#2952,#2953,#2954,#2955,#2956,#2957,#2958,#2959,
#2960,#2961,#2962,#2963,#2964,#2965,#2966,#2967,#2968,#2969,#2970,#2971,
#2972,#2973,#2974,#2975));
#2977=DERIVED_UNIT_ELEMENT(#2979,1.);
#2978=DERIVED_UNIT_ELEMENT(#6331,-3.);
#2979=(
MASS_UNIT()
NAMED_UNIT(*)
SI_UNIT(.KILO.,.GRAM.)
);
#2980=DERIVED_UNIT((#2977,#2978));
#2981=MEASURE_REPRESENTATION_ITEM('density measure',
POSITIVE_RATIO_MEASURE(7850.),#2980);
#2982=PROPERTY_DEFINITION_REPRESENTATION(#2987,#2984);
#2983=PROPERTY_DEFINITION_REPRESENTATION(#2988,#2985);
#2984=REPRESENTATION('material name',(#2986),#6328);
#2985=REPRESENTATION('density',(#2981),#6328);
#2986=DESCRIPTIVE_REPRESENTATION_ITEM('Steel','Steel');
#2987=PROPERTY_DEFINITION('material property','material name',#6338);
#2988=PROPERTY_DEFINITION('material property','density of part',#6338);
#2989=AXIS2_PLACEMENT_3D('',#4007,#3259,#3260);
#2990=AXIS2_PLACEMENT_3D('',#4008,#3261,#3262);
#2991=AXIS2_PLACEMENT_3D('',#4043,#3269,#3270);
#2992=AXIS2_PLACEMENT_3D('',#4078,#3277,#3278);
#2993=AXIS2_PLACEMENT_3D('',#4101,#3284,#3285);
#2994=AXIS2_PLACEMENT_3D('',#4127,#3291,#3292);
#2995=AXIS2_PLACEMENT_3D('',#4129,#3293,#3294);
#2996=AXIS2_PLACEMENT_3D('',#4131,#3295,#3296);
#2997=AXIS2_PLACEMENT_3D('',#4132,#3297,#3298);
#2998=AXIS2_PLACEMENT_3D('',#4133,#3299,#3300);
#2999=AXIS2_PLACEMENT_3D('',#4135,#3301,#3302);
#3000=AXIS2_PLACEMENT_3D('',#4137,#3304,#3305);
#3001=AXIS2_PLACEMENT_3D('',#4139,#3306,#3307);
#3002=AXIS2_PLACEMENT_3D('',#4141,#3308,#3309);
#3003=AXIS2_PLACEMENT_3D('',#4142,#3310,#3311);
#3004=AXIS2_PLACEMENT_3D('',#4143,#3312,#3313);
#3005=AXIS2_PLACEMENT_3D('',#4144,#3314,#3315);
#3006=AXIS2_PLACEMENT_3D('',#4145,#3316,#3317);
#3007=AXIS2_PLACEMENT_3D('',#4146,#3318,#3319);
#3008=AXIS2_PLACEMENT_3D('',#4147,#3320,#3321);
#3009=AXIS2_PLACEMENT_3D('',#4148,#3322,#3323);
#3010=AXIS2_PLACEMENT_3D('',#4149,#3324,#3325);
#3011=AXIS2_PLACEMENT_3D('',#4150,#3326,#3327);
#3012=AXIS2_PLACEMENT_3D('',#4151,#3328,#3329);
#3013=AXIS2_PLACEMENT_3D('',#4152,#3330,#3331);
#3014=AXIS2_PLACEMENT_3D('',#4153,#3332,#3333);
#3015=AXIS2_PLACEMENT_3D('',#4161,#3334,#3335);
#3016=AXIS2_PLACEMENT_3D('',#4167,#3338,#3339);
#3017=AXIS2_PLACEMENT_3D('',#4325,#3341,#3342);
#3018=AXIS2_PLACEMENT_3D('',#4372,#3344,#3345);
#3019=AXIS2_PLACEMENT_3D('',#4424,#3346,#3347);
#3020=AXIS2_PLACEMENT_3D('',#4430,#3350,#3351);
#3021=AXIS2_PLACEMENT_3D('',#4478,#3353,#3354);
#3022=AXIS2_PLACEMENT_3D('',#4550,#3356,#3357);
#3023=AXIS2_PLACEMENT_3D('',#4605,#3363,#3364);
#3024=AXIS2_PLACEMENT_3D('',#4609,#3366,#3367);
#3025=AXIS2_PLACEMENT_3D('',#4615,#3370,#3371);
#3026=AXIS2_PLACEMENT_3D('',#4618,#3373,#3374);
#3027=AXIS2_PLACEMENT_3D('',#4623,#3376,#3377);
#3028=AXIS2_PLACEMENT_3D('',#4626,#3379,#3380);
#3029=AXIS2_PLACEMENT_3D('',#4631,#3382,#3383);
#3030=AXIS2_PLACEMENT_3D('',#4634,#3385,#3386);
#3031=AXIS2_PLACEMENT_3D('',#4639,#3388,#3389);
#3032=AXIS2_PLACEMENT_3D('',#4642,#3391,#3392);
#3033=AXIS2_PLACEMENT_3D('',#4645,#3393,#3394);
#3034=AXIS2_PLACEMENT_3D('',#4646,#3395,#3396);
#3035=AXIS2_PLACEMENT_3D('',#4647,#3397,#3398);
#3036=AXIS2_PLACEMENT_3D('',#4649,#3399,#3400);
#3037=AXIS2_PLACEMENT_3D('',#4652,#3402,#3403);
#3038=AXIS2_PLACEMENT_3D('',#4703,#3404,#3405);
#3039=AXIS2_PLACEMENT_3D('',#4704,#3406,#3407);
#3040=AXIS2_PLACEMENT_3D('',#4705,#3408,#3409);
#3041=AXIS2_PLACEMENT_3D('',#4707,#3410,#3411);
#3042=AXIS2_PLACEMENT_3D('',#4710,#3413,#3414);
#3043=AXIS2_PLACEMENT_3D('',#4737,#3415,#3416);
#3044=AXIS2_PLACEMENT_3D('',#4789,#3417,#3418);
#3045=AXIS2_PLACEMENT_3D('',#4795,#3422,#3423);
#3046=AXIS2_PLACEMENT_3D('',#4797,#3424,#3425);
#3047=AXIS2_PLACEMENT_3D('',#4800,#3427,#3428);
#3048=AXIS2_PLACEMENT_3D('',#4802,#3430,#3431);
#3049=AXIS2_PLACEMENT_3D('',#4804,#3432,#3433);
#3050=AXIS2_PLACEMENT_3D('',#4806,#3434,#3435);
#3051=AXIS2_PLACEMENT_3D('',#4858,#3437,#3438);
#3052=AXIS2_PLACEMENT_3D('',#4859,#3439,#3440);
#3053=AXIS2_PLACEMENT_3D('',#4860,#3441,#3442);
#3054=AXIS2_PLACEMENT_3D('',#4862,#3443,#3444);
#3055=AXIS2_PLACEMENT_3D('',#4864,#3445,#3446);
#3056=AXIS2_PLACEMENT_3D('',#4936,#3448,#3449);
#3057=AXIS2_PLACEMENT_3D('',#4937,#3450,#3451);
#3058=AXIS2_PLACEMENT_3D('',#4941,#3453,#3454);
#3059=AXIS2_PLACEMENT_3D('',#4943,#3456,#3457);
#3060=AXIS2_PLACEMENT_3D('',#4947,#3459,#3460);
#3061=AXIS2_PLACEMENT_3D('',#4953,#3464,#3465);
#3062=AXIS2_PLACEMENT_3D('',#4954,#3466,#3467);
#3063=AXIS2_PLACEMENT_3D('',#4955,#3468,#3469);
#3064=AXIS2_PLACEMENT_3D('',#4956,#3470,#3471);
#3065=AXIS2_PLACEMENT_3D('',#4957,#3472,#3473);
#3066=AXIS2_PLACEMENT_3D('',#4958,#3474,#3475);
#3067=AXIS2_PLACEMENT_3D('',#4960,#3476,#3477);
#3068=AXIS2_PLACEMENT_3D('',#4961,#3478,#3479);
#3069=AXIS2_PLACEMENT_3D('',#4962,#3480,#3481);
#3070=AXIS2_PLACEMENT_3D('',#4965,#3484,#3485);
#3071=AXIS2_PLACEMENT_3D('',#4967,#3487,#3488);
#3072=AXIS2_PLACEMENT_3D('',#4969,#3490,#3491);
#3073=AXIS2_PLACEMENT_3D('',#4970,#3492,#3493);
#3074=AXIS2_PLACEMENT_3D('',#4971,#3494,#3495);
#3075=AXIS2_PLACEMENT_3D('',#4972,#3496,#3497);
#3076=AXIS2_PLACEMENT_3D('',#4973,#3498,#3499);
#3077=AXIS2_PLACEMENT_3D('',#4986,#3500,#3501);
#3078=AXIS2_PLACEMENT_3D('',#5020,#3502,#3503);
#3079=AXIS2_PLACEMENT_3D('',#5022,#3504,#3505);
#3080=AXIS2_PLACEMENT_3D('',#5024,#3506,#3507);
#3081=AXIS2_PLACEMENT_3D('',#5025,#3508,#3509);
#3082=AXIS2_PLACEMENT_3D('',#5036,#3510,#3511);
#3083=AXIS2_PLACEMENT_3D('',#5037,#3512,#3513);
#3084=AXIS2_PLACEMENT_3D('',#5038,#3514,#3515);
#3085=AXIS2_PLACEMENT_3D('',#5041,#3518,#3519);
#3086=AXIS2_PLACEMENT_3D('',#5044,#3522,#3523);
#3087=AXIS2_PLACEMENT_3D('',#5046,#3524,#3525);
#3088=AXIS2_PLACEMENT_3D('',#5047,#3526,#3527);
#3089=AXIS2_PLACEMENT_3D('',#5048,#3528,#3529);
#3090=AXIS2_PLACEMENT_3D('',#5049,#3530,#3531);
#3091=AXIS2_PLACEMENT_3D('',#5051,#3533,#3534);
#3092=AXIS2_PLACEMENT_3D('',#5054,#3537,#3538);
#3093=AXIS2_PLACEMENT_3D('',#5056,#3540,#3541);
#3094=AXIS2_PLACEMENT_3D('',#5091,#3542,#3543);
#3095=AXIS2_PLACEMENT_3D('',#5262,#3544,#3545);
#3096=AXIS2_PLACEMENT_3D('',#5263,#3546,#3547);
#3097=AXIS2_PLACEMENT_3D('',#5264,#3548,#3549);
#3098=AXIS2_PLACEMENT_3D('',#5265,#3550,#3551);
#3099=AXIS2_PLACEMENT_3D('',#5267,#3552,#3553);
#3100=AXIS2_PLACEMENT_3D('',#5268,#3554,#3555);
#3101=AXIS2_PLACEMENT_3D('',#5269,#3556,#3557);
#3102=AXIS2_PLACEMENT_3D('',#5270,#3558,#3559);
#3103=AXIS2_PLACEMENT_3D('',#5271,#3560,#3561);
#3104=AXIS2_PLACEMENT_3D('',#5272,#3562,#3563);
#3105=AXIS2_PLACEMENT_3D('',#5274,#3565,#3566);
#3106=AXIS2_PLACEMENT_3D('',#5275,#3567,#3568);
#3107=AXIS2_PLACEMENT_3D('',#5276,#3569,#3570);
#3108=AXIS2_PLACEMENT_3D('',#5302,#3574,#3575);
#3109=AXIS2_PLACEMENT_3D('',#5306,#3577,#3578);
#3110=AXIS2_PLACEMENT_3D('',#5310,#3580,#3581);
#3111=AXIS2_PLACEMENT_3D('',#5314,#3583,#3584);
#3112=AXIS2_PLACEMENT_3D('',#5318,#3586,#3587);
#3113=AXIS2_PLACEMENT_3D('',#5348,#3590,#3591);
#3114=AXIS2_PLACEMENT_3D('',#5349,#3592,#3593);
#3115=AXIS2_PLACEMENT_3D('',#5350,#3594,#3595);
#3116=AXIS2_PLACEMENT_3D('',#5354,#3598,#3599);
#3117=AXIS2_PLACEMENT_3D('',#5356,#3600,#3601);
#3118=AXIS2_PLACEMENT_3D('',#5359,#3603,#3604);
#3119=AXIS2_PLACEMENT_3D('',#5360,#3605,#3606);
#3120=AXIS2_PLACEMENT_3D('',#5361,#3607,#3608);
#3121=AXIS2_PLACEMENT_3D('',#5365,#3610,#3611);
#3122=AXIS2_PLACEMENT_3D('',#5367,#3613,#3614);
#3123=AXIS2_PLACEMENT_3D('',#5396,#3616,#3617);
#3124=AXIS2_PLACEMENT_3D('',#5400,#3619,#3620);
#3125=AXIS2_PLACEMENT_3D('',#5404,#3622,#3623);
#3126=AXIS2_PLACEMENT_3D('',#5406,#3625,#3626);
#3127=AXIS2_PLACEMENT_3D('',#5414,#3630,#3631);
#3128=AXIS2_PLACEMENT_3D('',#5419,#3635,#3636);
#3129=AXIS2_PLACEMENT_3D('',#5423,#3638,#3639);
#3130=AXIS2_PLACEMENT_3D('',#5425,#3641,#3642);
#3131=AXIS2_PLACEMENT_3D('',#5429,#3645,#3646);
#3132=AXIS2_PLACEMENT_3D('',#5433,#3649,#3650);
#3133=AXIS2_PLACEMENT_3D('',#5448,#3653,#3654);
#3134=AXIS2_PLACEMENT_3D('',#5452,#3657,#3658);
#3135=AXIS2_PLACEMENT_3D('',#5524,#3659,#3660);
#3136=AXIS2_PLACEMENT_3D('',#5527,#3661,#3662);
#3137=AXIS2_PLACEMENT_3D('',#5548,#3663,#3664);
#3138=AXIS2_PLACEMENT_3D('',#5550,#3666,#3667);
#3139=AXIS2_PLACEMENT_3D('',#5552,#3669,#3670);
#3140=AXIS2_PLACEMENT_3D('',#5554,#3672,#3673);
#3141=AXIS2_PLACEMENT_3D('',#5618,#3676,#3677);
#3142=AXIS2_PLACEMENT_3D('',#5623,#3679,#3680);
#3143=AXIS2_PLACEMENT_3D('',#5626,#3682,#3683);
#3144=AXIS2_PLACEMENT_3D('',#5627,#3684,#3685);
#3145=AXIS2_PLACEMENT_3D('',#5633,#3689,#3690);
#3146=AXIS2_PLACEMENT_3D('',#5637,#3692,#3693);
#3147=AXIS2_PLACEMENT_3D('',#5638,#3694,#3695);
#3148=AXIS2_PLACEMENT_3D('',#5639,#3696,#3697);
#3149=AXIS2_PLACEMENT_3D('',#5642,#3700,#3701);
#3150=AXIS2_PLACEMENT_3D('',#5648,#3705,#3706);
#3151=AXIS2_PLACEMENT_3D('',#5651,#3708,#3709);
#3152=AXIS2_PLACEMENT_3D('',#5652,#3710,#3711);
#3153=AXIS2_PLACEMENT_3D('',#5656,#3713,#3714);
#3154=AXIS2_PLACEMENT_3D('',#5659,#3716,#3717);
#3155=AXIS2_PLACEMENT_3D('',#5661,#3718,#3719);
#3156=AXIS2_PLACEMENT_3D('',#5665,#3721,#3722);
#3157=AXIS2_PLACEMENT_3D('',#5668,#3724,#3725);
#3158=AXIS2_PLACEMENT_3D('',#5673,#3727,#3728);
#3159=AXIS2_PLACEMENT_3D('',#5676,#3730,#3731);
#3160=AXIS2_PLACEMENT_3D('',#5681,#3733,#3734);
#3161=AXIS2_PLACEMENT_3D('',#5684,#3736,#3737);
#3162=AXIS2_PLACEMENT_3D('',#5689,#3739,#3740);
#3163=AXIS2_PLACEMENT_3D('',#5692,#3742,#3743);
#3164=AXIS2_PLACEMENT_3D('',#5697,#3745,#3746);
#3165=AXIS2_PLACEMENT_3D('',#5700,#3748,#3749);
#3166=AXIS2_PLACEMENT_3D('',#5701,#3750,#3751);
#3167=AXIS2_PLACEMENT_3D('',#5705,#3754,#3755);
#3168=AXIS2_PLACEMENT_3D('',#5706,#3756,#3757);
#3169=AXIS2_PLACEMENT_3D('',#5708,#3759,#3760);
#3170=AXIS2_PLACEMENT_3D('',#5710,#3762,#3763);
#3171=AXIS2_PLACEMENT_3D('',#5712,#3765,#3766);
#3172=AXIS2_PLACEMENT_3D('',#5714,#3768,#3769);
#3173=AXIS2_PLACEMENT_3D('',#5727,#3770,#3771);
#3174=AXIS2_PLACEMENT_3D('',#5738,#3772,#3773);
#3175=AXIS2_PLACEMENT_3D('',#5739,#3774,#3775);
#3176=AXIS2_PLACEMENT_3D('',#5740,#3776,#3777);
#3177=AXIS2_PLACEMENT_3D('',#5744,#3779,#3780);
#3178=AXIS2_PLACEMENT_3D('',#5746,#3782,#3783);
#3179=AXIS2_PLACEMENT_3D('',#5747,#3784,#3785);
#3180=AXIS2_PLACEMENT_3D('',#5748,#3786,#3787);
#3181=AXIS2_PLACEMENT_3D('',#5752,#3789,#3790);
#3182=AXIS2_PLACEMENT_3D('',#5754,#3792,#3793);
#3183=AXIS2_PLACEMENT_3D('',#5756,#3794,#3795);
#3184=AXIS2_PLACEMENT_3D('',#5759,#3797,#3798);
#3185=AXIS2_PLACEMENT_3D('',#5760,#3799,#3800);
#3186=AXIS2_PLACEMENT_3D('',#5761,#3801,#3802);
#3187=AXIS2_PLACEMENT_3D('',#5762,#3803,#3804);
#3188=AXIS2_PLACEMENT_3D('',#5763,#3805,#3806);
#3189=AXIS2_PLACEMENT_3D('',#5764,#3807,#3808);
#3190=AXIS2_PLACEMENT_3D('',#5765,#3809,#3810);
#3191=AXIS2_PLACEMENT_3D('',#5766,#3811,#3812);
#3192=AXIS2_PLACEMENT_3D('',#5769,#3815,#3816);
#3193=AXIS2_PLACEMENT_3D('',#5770,#3817,#3818);
#3194=AXIS2_PLACEMENT_3D('',#5772,#3820,#3821);
#3195=AXIS2_PLACEMENT_3D('',#5774,#3823,#3824);
#3196=AXIS2_PLACEMENT_3D('',#5776,#3826,#3827);
#3197=AXIS2_PLACEMENT_3D('',#5778,#3829,#3830);
#3198=AXIS2_PLACEMENT_3D('',#5780,#3832,#3833);
#3199=AXIS2_PLACEMENT_3D('',#5781,#3834,#3835);
#3200=AXIS2_PLACEMENT_3D('',#5785,#3837,#3838);
#3201=AXIS2_PLACEMENT_3D('',#5787,#3840,#3841);
#3202=AXIS2_PLACEMENT_3D('',#5791,#3844,#3845);
#3203=AXIS2_PLACEMENT_3D('',#5795,#3847,#3848);
#3204=AXIS2_PLACEMENT_3D('',#5797,#3850,#3851);
#3205=AXIS2_PLACEMENT_3D('',#5801,#3854,#3855);
#3206=AXIS2_PLACEMENT_3D('',#5802,#3856,#3857);
#3207=AXIS2_PLACEMENT_3D('',#5808,#3861,#3862);
#3208=AXIS2_PLACEMENT_3D('',#5811,#3864,#3865);
#3209=AXIS2_PLACEMENT_3D('',#5812,#3866,#3867);
#3210=AXIS2_PLACEMENT_3D('',#5818,#3871,#3872);
#3211=AXIS2_PLACEMENT_3D('',#5821,#3874,#3875);
#3212=AXIS2_PLACEMENT_3D('',#5822,#3876,#3877);
#3213=AXIS2_PLACEMENT_3D('',#5826,#3880,#3881);
#3214=AXIS2_PLACEMENT_3D('',#5827,#3882,#3883);
#3215=AXIS2_PLACEMENT_3D('',#5828,#3884,#3885);
#3216=AXIS2_PLACEMENT_3D('',#5834,#3889,#3890);
#3217=AXIS2_PLACEMENT_3D('',#5837,#3892,#3893);
#3218=AXIS2_PLACEMENT_3D('',#5838,#3894,#3895);
#3219=AXIS2_PLACEMENT_3D('',#5842,#3898,#3899);
#3220=AXIS2_PLACEMENT_3D('',#5843,#3900,#3901);
#3221=AXIS2_PLACEMENT_3D('',#5844,#3902,#3903);
#3222=AXIS2_PLACEMENT_3D('',#5845,#3904,#3905);
#3223=AXIS2_PLACEMENT_3D('',#5849,#3908,#3909);
#3224=AXIS2_PLACEMENT_3D('',#5850,#3910,#3911);
#3225=AXIS2_PLACEMENT_3D('',#5851,#3912,#3913);
#3226=AXIS2_PLACEMENT_3D('',#5857,#3917,#3918);
#3227=AXIS2_PLACEMENT_3D('',#5859,#3919,#3920);
#3228=AXIS2_PLACEMENT_3D('',#5861,#3922,#3923);
#3229=AXIS2_PLACEMENT_3D('',#5865,#3926,#3927);
#3230=AXIS2_PLACEMENT_3D('',#5866,#3928,#3929);
#3231=AXIS2_PLACEMENT_3D('',#5867,#3930,#3931);
#3232=AXIS2_PLACEMENT_3D('',#5868,#3932,#3933);
#3233=AXIS2_PLACEMENT_3D('',#5872,#3936,#3937);
#3234=AXIS2_PLACEMENT_3D('',#5873,#3938,#3939);
#3235=AXIS2_PLACEMENT_3D('',#5874,#3940,#3941);
#3236=AXIS2_PLACEMENT_3D('',#5880,#3945,#3946);
#3237=AXIS2_PLACEMENT_3D('',#5882,#3947,#3948);
#3238=AXIS2_PLACEMENT_3D('',#5884,#3950,#3951);
#3239=AXIS2_PLACEMENT_3D('',#5888,#3954,#3955);
#3240=AXIS2_PLACEMENT_3D('',#5889,#3956,#3957);
#3241=AXIS2_PLACEMENT_3D('',#5890,#3958,#3959);
#3242=AXIS2_PLACEMENT_3D('',#5891,#3960,#3961);
#3243=AXIS2_PLACEMENT_3D('',#5895,#3964,#3965);
#3244=AXIS2_PLACEMENT_3D('',#5896,#3966,#3967);
#3245=AXIS2_PLACEMENT_3D('',#5897,#3968,#3969);
#3246=AXIS2_PLACEMENT_3D('',#5903,#3973,#3974);
#3247=AXIS2_PLACEMENT_3D('',#5906,#3976,#3977);
#3248=AXIS2_PLACEMENT_3D('',#5907,#3978,#3979);
#3249=AXIS2_PLACEMENT_3D('',#5911,#3982,#3983);
#3250=AXIS2_PLACEMENT_3D('',#5912,#3984,#3985);
#3251=AXIS2_PLACEMENT_3D('',#5913,#3986,#3987);
#3252=AXIS2_PLACEMENT_3D('',#6139,#3988,#3989);
#3253=AXIS2_PLACEMENT_3D('',#6146,#3991,#3992);
#3254=AXIS2_PLACEMENT_3D('',#6153,#3994,#3995);
#3255=AXIS2_PLACEMENT_3D('',#6161,#3997,#3998);
#3256=AXIS2_PLACEMENT_3D('',#6163,#4000,#4001);
#3257=AXIS2_PLACEMENT_3D('',#6170,#4003,#4004);
#3258=AXIS2_PLACEMENT_3D('',#6325,#4005,#4006);
#3259=DIRECTION('axis',(0.,0.,1.));
#3260=DIRECTION('refdir',(1.,0.,0.));
#3261=DIRECTION('center_axis',(1.,0.,0.));
#3262=DIRECTION('ref_axis',(0.,0.,1.));
#3263=DIRECTION('',(0.,1.,0.));
#3264=DIRECTION('',(0.,-7.04074845493457E-15,-1.));
#3265=DIRECTION('',(0.,-1.,0.));
#3266=DIRECTION('',(0.,5.14149371391E-15,1.));
#3267=DIRECTION('',(0.,1.,0.));
#3268=DIRECTION('',(0.,0.,-1.));
#3269=DIRECTION('center_axis',(-1.,0.,-1.93702427375345E-17));
#3270=DIRECTION('ref_axis',(1.93702427375345E-17,0.,-1.));
#3271=DIRECTION('',(0.,-1.,0.));
#3272=DIRECTION('',(-1.93702427375345E-17,-1.61787816296256E-69,1.));
#3273=DIRECTION('',(0.,-1.,0.));
#3274=DIRECTION('',(1.93702427375345E-17,-5.14149371391E-15,-1.));
#3275=DIRECTION('',(0.,1.,0.));
#3276=DIRECTION('',(-1.93702427375345E-17,7.04074845493457E-15,1.));
#3277=DIRECTION('center_axis',(-1.,0.,-1.93702427375345E-17));
#3278=DIRECTION('ref_axis',(1.93702427375345E-17,0.,-1.));
#3279=DIRECTION('',(0.,1.,0.));
#3280=DIRECTION('',(-1.93702427375345E-17,7.04074845493457E-15,1.));
#3281=DIRECTION('',(1.93702427375345E-17,-5.14149371391E-15,-1.));
#3282=DIRECTION('',(0.,1.,0.));
#3283=DIRECTION('',(-1.93702427375345E-17,-1.61787816296256E-69,1.));
#3284=DIRECTION('center_axis',(1.,0.,0.));
#3285=DIRECTION('ref_axis',(0.,0.,1.));
#3286=DIRECTION('',(0.,-1.,0.));
#3287=DIRECTION('',(0.,0.,-1.));
#3288=DIRECTION('',(0.,-1.,0.));
#3289=DIRECTION('',(0.,5.14149371391E-15,1.));
#3290=DIRECTION('',(0.,-7.04074845493457E-15,-1.));
#3291=DIRECTION('center_axis',(0.,-1.,5.14149371391E-15));
#3292=DIRECTION('ref_axis',(0.,-5.2106467289074E-15,-1.));
#3293=DIRECTION('center_axis',(0.,1.,-5.14149371391E-15));
#3294=DIRECTION('ref_axis',(6.12323399573676E-17,5.14403334742989E-15,1.));
#3295=DIRECTION('center_axis',(0.,-4.44089209850062E-15,-1.));
#3296=DIRECTION('ref_axis',(0.,1.,-4.44089209850062E-15));
#3297=DIRECTION('center_axis',(0.,-1.,5.14149371391E-15));
#3298=DIRECTION('ref_axis',(6.12323399573676E-17,5.14149371391E-15,1.));
#3299=DIRECTION('center_axis',(0.,1.,0.));
#3300=DIRECTION('ref_axis',(1.,0.,-4.82969550870758E-71));
#3301=DIRECTION('center_axis',(0.,-1.,7.04074845493457E-15));
#3302=DIRECTION('ref_axis',(6.12323399573677E-17,7.0406643478312E-15,1.));
#3303=DIRECTION('',(3.76158192263132E-37,-1.,8.67361737988404E-19));
#3304=DIRECTION('center_axis',(0.,-1.,7.04074845493457E-15));
#3305=DIRECTION('ref_axis',(0.,-7.105427357601E-15,-1.));
#3306=DIRECTION('center_axis',(0.,-1.,7.04074845493457E-15));
#3307=DIRECTION('ref_axis',(6.12323399573677E-17,7.0406643478312E-15,1.));
#3308=DIRECTION('center_axis',(0.,-8.88178419700124E-15,-1.));
#3309=DIRECTION('ref_axis',(0.,-1.,8.88178419700124E-15));
#3310=DIRECTION('center_axis',(0.,1.,-7.04074845493457E-15));
#3311=DIRECTION('ref_axis',(6.12323399573677E-17,7.04074845493457E-15,1.));
#3312=DIRECTION('center_axis',(0.,1.,0.));
#3313=DIRECTION('ref_axis',(-1.,0.,1.22464679914735E-16));
#3314=DIRECTION('center_axis',(8.35238971903811E-53,-1.,0.));
#3315=DIRECTION('ref_axis',(1.,0.,-6.03711938588447E-71));
#3316=DIRECTION('center_axis',(0.,-1.,5.14149371391E-15));
#3317=DIRECTION('ref_axis',(1.,0.,-6.03711938588447E-71));
#3318=DIRECTION('center_axis',(0.,1.,0.));
#3319=DIRECTION('ref_axis',(1.,0.,-6.03711938588447E-71));
#3320=DIRECTION('center_axis',(0.,-1.,5.14149371391E-15));
#3321=DIRECTION('ref_axis',(1.,0.,-6.03711938588447E-71));
#3322=DIRECTION('center_axis',(8.35238971903811E-53,-1.,0.));
#3323=DIRECTION('ref_axis',(1.,0.,-6.03711938588447E-71));
#3324=DIRECTION('center_axis',(8.35238971903811E-53,-1.,0.));
#3325=DIRECTION('ref_axis',(1.,8.35238971903811E-53,-7.24454326306137E-71));
#3326=DIRECTION('center_axis',(-8.35238971903811E-53,1.,0.));
#3327=DIRECTION('ref_axis',(1.,7.20033596468803E-53,-6.24529591643222E-71));
#3328=DIRECTION('center_axis',(0.,1.,0.));
#3329=DIRECTION('ref_axis',(-1.,0.,1.22464679914735E-16));
#3330=DIRECTION('center_axis',(0.,1.,-7.04074845493457E-15));
#3331=DIRECTION('ref_axis',(1.,0.,-6.24529591643222E-71));
#3332=DIRECTION('center_axis',(0.,0.,1.));
#3333=DIRECTION('ref_axis',(-7.77156117237598E-15,1.,0.));
#3334=DIRECTION('center_axis',(0.,0.,1.));
#3335=DIRECTION('ref_axis',(-7.77156117237598E-15,1.,0.));
#3336=DIRECTION('',(0.,0.,1.));
#3337=DIRECTION('',(0.,0.,-1.));
#3338=DIRECTION('center_axis',(0.,0.,-1.));
#3339=DIRECTION('ref_axis',(-7.77156117237598E-15,1.,0.));
#3340=DIRECTION('',(0.,0.,-1.));
#3341=DIRECTION('center_axis',(1.,0.,0.));
#3342=DIRECTION('ref_axis',(0.,-1.,0.));
#3343=DIRECTION('',(0.,0.,1.));
#3344=DIRECTION('center_axis',(0.,0.,1.));
#3345=DIRECTION('ref_axis',(7.77156117237598E-15,1.,0.));
#3346=DIRECTION('center_axis',(0.,0.,-1.));
#3347=DIRECTION('ref_axis',(7.77156117237598E-15,1.,0.));
#3348=DIRECTION('',(0.,0.,-1.));
#3349=DIRECTION('',(0.,0.,-1.));
#3350=DIRECTION('center_axis',(0.,0.,1.));
#3351=DIRECTION('ref_axis',(7.77156117237598E-15,1.,0.));
#3352=DIRECTION('',(0.,0.,-1.));
#3353=DIRECTION('center_axis',(1.,0.,0.));
#3354=DIRECTION('ref_axis',(0.,-1.,0.));
#3355=DIRECTION('',(0.,0.,1.));
#3356=DIRECTION('center_axis',(0.,0.,1.));
#3357=DIRECTION('ref_axis',(1.,0.,0.));
#3358=DIRECTION('',(1.,1.36642833800019E-15,0.));
#3359=DIRECTION('',(-1.79023462720806E-15,1.,0.));
#3360=DIRECTION('',(1.,-9.10224121408861E-31,0.));
#3361=DIRECTION('',(9.83356967959167E-33,-1.,0.));
#3362=DIRECTION('',(-1.,-8.35238971903811E-53,0.));
#3363=DIRECTION('center_axis',(0.,0.,1.));
#3364=DIRECTION('ref_axis',(1.,0.,0.));
#3365=DIRECTION('',(0.,1.,0.));
#3366=DIRECTION('center_axis',(0.,0.,1.));
#3367=DIRECTION('ref_axis',(-1.,0.,0.));
#3368=DIRECTION('',(0.,-1.,0.));
#3369=DIRECTION('',(0.,-1.,0.));
#3370=DIRECTION('center_axis',(0.,0.,-1.));
#3371=DIRECTION('ref_axis',(-1.,0.,0.));
#3372=DIRECTION('',(0.,1.,0.));
#3373=DIRECTION('center_axis',(0.,0.,-1.));
#3374=DIRECTION('ref_axis',(1.,0.,0.));
#3375=DIRECTION('',(0.,1.,0.));
#3376=DIRECTION('center_axis',(0.,0.,-1.));
#3377=DIRECTION('ref_axis',(-1.,0.,0.));
#3378=DIRECTION('',(0.,-1.,0.));
#3379=DIRECTION('center_axis',(0.,0.,-1.));
#3380=DIRECTION('ref_axis',(1.,0.,0.));
#3381=DIRECTION('',(0.,-1.,0.));
#3382=DIRECTION('center_axis',(0.,0.,-1.));
#3383=DIRECTION('ref_axis',(1.,0.,0.));
#3384=DIRECTION('',(0.,1.,0.));
#3385=DIRECTION('center_axis',(0.,0.,-1.));
#3386=DIRECTION('ref_axis',(-1.,0.,0.));
#3387=DIRECTION('',(0.,1.,0.));
#3388=DIRECTION('center_axis',(0.,0.,-1.));
#3389=DIRECTION('ref_axis',(1.,0.,0.));
#3390=DIRECTION('',(0.,-1.,0.));
#3391=DIRECTION('center_axis',(0.,0.,-1.));
#3392=DIRECTION('ref_axis',(-1.,0.,0.));
#3393=DIRECTION('center_axis',(0.,0.,1.));
#3394=DIRECTION('ref_axis',(1.,0.,0.));
#3395=DIRECTION('center_axis',(0.,0.,1.));
#3396=DIRECTION('ref_axis',(-1.,0.,0.));
#3397=DIRECTION('center_axis',(0.,0.,1.));
#3398=DIRECTION('ref_axis',(-0.707106781186547,-0.707106781186547,0.));
#3399=DIRECTION('center_axis',(0.,0.,-1.));
#3400=DIRECTION('ref_axis',(0.,-1.,0.));
#3401=DIRECTION('',(0.,0.,1.));
#3402=DIRECTION('center_axis',(0.,0.,1.));
#3403=DIRECTION('ref_axis',(-1.,0.,0.));
#3404=DIRECTION('center_axis',(0.,-0.880116171277864,0.474758385976692));
#3405=DIRECTION('ref_axis',(0.,-0.474758385976692,-0.880116171277864));
#3406=DIRECTION('center_axis',(-8.35238971903811E-53,1.,0.));
#3407=DIRECTION('ref_axis',(-1.59199441504848E-16,-1.3296957785017E-68,
-1.));
#3408=DIRECTION('center_axis',(0.,0.,1.));
#3409=DIRECTION('ref_axis',(-0.707106781186547,-0.707106781186547,0.));
#3410=DIRECTION('center_axis',(0.,-0.819152044288993,0.573576436351045));
#3411=DIRECTION('ref_axis',(0.,-0.573576436351045,-0.819152044288993));
#3412=DIRECTION('',(0.,0.,1.));
#3413=DIRECTION('center_axis',(2.22044604925031E-16,0.,1.));
#3414=DIRECTION('ref_axis',(-1.,0.,2.22044604925031E-16));
#3415=DIRECTION('center_axis',(-1.05417538249037E-15,-0.88011617127787,
0.47475838597668));
#3416=DIRECTION('ref_axis',(0.,-0.47475838597668,-0.88011617127787));
#3417=DIRECTION('center_axis',(-8.35238971903811E-53,1.,0.));
#3418=DIRECTION('ref_axis',(0.,0.,1.));
#3419=DIRECTION('',(1.,8.35238971903811E-53,0.));
#3420=DIRECTION('',(0.,0.,-1.));
#3421=DIRECTION('',(1.,8.35238971903811E-53,4.93038065763134E-32));
#3422=DIRECTION('center_axis',(0.,-7.04074845493457E-15,-1.));
#3423=DIRECTION('ref_axis',(0.707106781186549,-0.707106781186546,3.14018491736755E-15));
#3424=DIRECTION('center_axis',(0.,6.66133814775093E-15,1.));
#3425=DIRECTION('ref_axis',(0.,-1.,6.66133814775093E-15));
#3426=DIRECTION('',(0.,7.04074845493457E-15,1.));
#3427=DIRECTION('center_axis',(0.,8.88178419700124E-15,1.));
#3428=DIRECTION('ref_axis',(0.,-1.,8.88178419700124E-15));
#3429=DIRECTION('',(0.,-7.04074845493457E-15,-1.));
#3430=DIRECTION('center_axis',(0.,0.,-1.));
#3431=DIRECTION('ref_axis',(0.707106781186547,-0.707106781186547,0.));
#3432=DIRECTION('center_axis',(0.,0.,-1.));
#3433=DIRECTION('ref_axis',(1.,0.,0.));
#3434=DIRECTION('center_axis',(0.,0.,1.));
#3435=DIRECTION('ref_axis',(0.,-1.,0.));
#3436=DIRECTION('',(0.,0.,-1.));
#3437=DIRECTION('center_axis',(-8.35238971903811E-53,1.,0.));
#3438=DIRECTION('ref_axis',(1.59199441504848E-16,1.3296957785017E-68,-1.));
#3439=DIRECTION('center_axis',(0.,-0.880116171277864,0.474758385976692));
#3440=DIRECTION('ref_axis',(0.,-0.474758385976692,-0.880116171277864));
#3441=DIRECTION('center_axis',(0.,0.,1.));
#3442=DIRECTION('ref_axis',(0.707106781186547,-0.707106781186547,0.));
#3443=DIRECTION('center_axis',(0.,-0.819152044288993,0.573576436351045));
#3444=DIRECTION('ref_axis',(0.,-0.573576436351045,-0.819152044288993));
#3445=DIRECTION('center_axis',(-2.22044604925031E-16,0.,1.));
#3446=DIRECTION('ref_axis',(0.,-1.,0.));
#3447=DIRECTION('',(0.,0.,-1.));
#3448=DIRECTION('center_axis',(1.05417538249037E-15,-0.88011617127787,0.47475838597668));
#3449=DIRECTION('ref_axis',(0.,-0.47475838597668,-0.88011617127787));
#3450=DIRECTION('center_axis',(0.,-0.573576436351059,-0.819152044288982));
#3451=DIRECTION('ref_axis',(-0.707106781186548,0.579227965339562,-0.405579787672647));
#3452=DIRECTION('',(0.,0.573576436351059,0.819152044288982));
#3453=DIRECTION('center_axis',(0.,-0.573576436351061,-0.819152044288982));
#3454=DIRECTION('ref_axis',(-1.,0.,0.));
#3455=DIRECTION('',(0.,-0.573576436351059,-0.819152044288982));
#3456=DIRECTION('center_axis',(-1.,0.,0.));
#3457=DIRECTION('ref_axis',(0.,0.,1.));
#3458=DIRECTION('',(0.,-0.573576436351045,-0.819152044288993));
#3459=DIRECTION('center_axis',(-1.,0.,0.));
#3460=DIRECTION('ref_axis',(0.,0.953716950748226,-0.300705799504276));
#3461=DIRECTION('',(0.,-7.04074845493457E-15,-1.));
#3462=DIRECTION('',(-3.76158192263132E-37,1.,-8.67361737988404E-19));
#3463=DIRECTION('',(0.,5.14149371391E-15,1.));
#3464=DIRECTION('center_axis',(1.,0.,0.));
#3465=DIRECTION('ref_axis',(0.,0.953716950748223,-0.300705799504284));
#3466=DIRECTION('center_axis',(0.,0.573576436351045,0.819152044288993));
#3467=DIRECTION('ref_axis',(-0.707106781186549,-0.579227965339569,0.405579787672636));
#3468=DIRECTION('center_axis',(0.,-0.573576436351044,-0.819152044288994));
#3469=DIRECTION('ref_axis',(0.,-0.819152044288993,0.573576436351044));
#3470=DIRECTION('center_axis',(1.,0.,0.));
#3471=DIRECTION('ref_axis',(0.,0.,-1.));
#3472=DIRECTION('center_axis',(0.,6.66133814775093E-15,1.));
#3473=DIRECTION('ref_axis',(-1.,0.,0.));
#3474=DIRECTION('center_axis',(-1.,0.,0.));
#3475=DIRECTION('ref_axis',(0.,0.,1.));
#3476=DIRECTION('center_axis',(0.,-0.573576436351044,-0.819152044288994));
#3477=DIRECTION('ref_axis',(1.,0.,0.));
#3478=DIRECTION('center_axis',(1.,0.,0.));
#3479=DIRECTION('ref_axis',(0.,0.953716950748226,-0.300705799504276));
#3480=DIRECTION('center_axis',(-1.,0.,0.));
#3481=DIRECTION('ref_axis',(0.,0.953716950748226,-0.300705799504275));
#3482=DIRECTION('',(1.,0.,0.));
#3483=DIRECTION('',(-1.,0.,0.));
#3484=DIRECTION('center_axis',(0.,-0.573576436351045,-0.819152044288993));
#3485=DIRECTION('ref_axis',(0.707106781186549,-0.579227965339569,0.405579787672636));
#3486=DIRECTION('',(0.,0.573576436351045,0.819152044288993));
#3487=DIRECTION('center_axis',(0.,7.04074845493457E-15,1.));
#3488=DIRECTION('ref_axis',(-0.707106781186549,-0.707106781186546,3.14018491736755E-15));
#3489=DIRECTION('',(0.,7.04074845493457E-15,1.));
#3490=DIRECTION('center_axis',(0.,-1.,7.04074845493457E-15));
#3491=DIRECTION('ref_axis',(0.,-7.105427357601E-15,-1.));
#3492=DIRECTION('center_axis',(0.,1.,-7.04074845493457E-15));
#3493=DIRECTION('ref_axis',(6.12323399573677E-17,7.04074845493457E-15,1.));
#3494=DIRECTION('center_axis',(0.,-0.819152044288993,0.573576436351045));
#3495=DIRECTION('ref_axis',(2.15755475422538E-37,-0.573576436351045,-0.819152044288993));
#3496=DIRECTION('center_axis',(0.,-1.,7.04074845493457E-15));
#3497=DIRECTION('ref_axis',(2.64810894576423E-51,-7.04074845493457E-15,
-1.));
#3498=DIRECTION('center_axis',(0.,1.,-7.04074845493457E-15));
#3499=DIRECTION('ref_axis',(1.,0.,-6.24529591643222E-71));
#3500=DIRECTION('center_axis',(0.,1.,-7.04074845493457E-15));
#3501=DIRECTION('ref_axis',(1.,0.,-6.24529591643222E-71));
#3502=DIRECTION('center_axis',(1.81888292047679E-15,-0.573576436351059,
-0.819152044288983));
#3503=DIRECTION('ref_axis',(0.,0.819152044288983,-0.573576436351059));
#3504=DIRECTION('center_axis',(1.,0.,0.));
#3505=DIRECTION('ref_axis',(0.,1.,-4.9960036108132E-15));
#3506=DIRECTION('center_axis',(0.,5.55111512312578E-15,1.));
#3507=DIRECTION('ref_axis',(1.,0.,0.));
#3508=DIRECTION('center_axis',(-1.,0.,0.));
#3509=DIRECTION('ref_axis',(0.,0.953716950748223,-0.300705799504284));
#3510=DIRECTION('center_axis',(1.11022302462516E-15,4.44089209850062E-15,
1.));
#3511=DIRECTION('ref_axis',(0.,1.,-4.44089209850062E-15));
#3512=DIRECTION('center_axis',(-1.,0.,0.));
#3513=DIRECTION('ref_axis',(0.,0.819152044288982,-0.573576436351059));
#3514=DIRECTION('center_axis',(1.,0.,0.));
#3515=DIRECTION('ref_axis',(0.,0.953716950748224,-0.300705799504283));
#3516=DIRECTION('',(-1.,0.,0.));
#3517=DIRECTION('',(1.,0.,0.));
#3518=DIRECTION('center_axis',(0.,5.14149371391E-15,1.));
#3519=DIRECTION('ref_axis',(0.707106781186546,0.707106781186549,-3.14018491736754E-15));
#3520=DIRECTION('',(0.,-5.14149371391E-15,-1.));
#3521=DIRECTION('',(0.,5.14149371391E-15,1.));
#3522=DIRECTION('center_axis',(0.,-1.,5.14149371391E-15));
#3523=DIRECTION('ref_axis',(0.,-5.2106467289074E-15,-1.));
#3524=DIRECTION('center_axis',(0.,-1.,5.14149371391E-15));
#3525=DIRECTION('ref_axis',(6.12323399573676E-17,5.14149371391E-15,1.));
#3526=DIRECTION('center_axis',(4.44089209850062E-15,4.44089209850027E-15,
1.));
#3527=DIRECTION('ref_axis',(0.,1.,-4.44089209850027E-15));
#3528=DIRECTION('center_axis',(0.,1.,-5.14149371391E-15));
#3529=DIRECTION('ref_axis',(6.12323399573676E-17,5.14403334742989E-15,1.));
#3530=DIRECTION('center_axis',(0.,-5.14149371391E-15,-1.));
#3531=DIRECTION('ref_axis',(-0.707106781186546,0.707106781186549,-3.14018491736754E-15));
#3532=DIRECTION('',(0.,-5.14149371391E-15,-1.));
#3533=DIRECTION('center_axis',(0.,0.573576436351059,0.819152044288982));
#3534=DIRECTION('ref_axis',(0.707106781186548,0.579227965339562,-0.405579787672647));
#3535=DIRECTION('',(0.,0.573576436351059,0.819152044288982));
#3536=DIRECTION('',(0.,-0.573576436351059,-0.819152044288982));
#3537=DIRECTION('center_axis',(0.,0.819152044288982,-0.573576436351059));
#3538=DIRECTION('ref_axis',(-2.15755475422544E-37,0.573576436351059,0.819152044288982));
#3539=DIRECTION('',(1.,8.35238971903811E-53,4.93038065763134E-32));
#3540=DIRECTION('center_axis',(0.,1.,-5.14149371391E-15));
#3541=DIRECTION('ref_axis',(-1.93368871573324E-51,5.14149371391E-15,1.));
#3542=DIRECTION('center_axis',(0.,-1.,5.14149371391E-15));
#3543=DIRECTION('ref_axis',(1.,0.,-6.03711938588447E-71));
#3544=DIRECTION('center_axis',(0.,-1.,0.));
#3545=DIRECTION('ref_axis',(1.,0.,2.0679515312622E-25));
#3546=DIRECTION('center_axis',(8.35238971903811E-53,-1.,0.));
#3547=DIRECTION('ref_axis',(1.,0.,2.0679515312622E-25));
#3548=DIRECTION('center_axis',(8.35238971903811E-53,-1.,0.));
#3549=DIRECTION('ref_axis',(1.,8.35238971903811E-53,-7.24454326306137E-71));
#3550=DIRECTION('center_axis',(-8.35238971903811E-53,1.,0.));
#3551=DIRECTION('ref_axis',(1.,7.20033596468803E-53,-6.24529591643222E-71));
#3552=DIRECTION('center_axis',(8.35238971903811E-53,-1.,0.));
#3553=DIRECTION('ref_axis',(1.,0.,-6.03711938588447E-71));
#3554=DIRECTION('center_axis',(0.,1.,0.));
#3555=DIRECTION('ref_axis',(-0.00243462053702438,0.,-0.999997036307029));
#3556=DIRECTION('center_axis',(0.,1.,0.));
#3557=DIRECTION('ref_axis',(1.,0.,-6.24529591643222E-71));
#3558=DIRECTION('center_axis',(-8.35238971903811E-53,1.,0.));
#3559=DIRECTION('ref_axis',(1.,7.20033596468803E-53,-6.24529591643222E-71));
#3560=DIRECTION('center_axis',(8.35238971903811E-53,-1.,0.));
#3561=DIRECTION('ref_axis',(1.,8.35238971903811E-53,-7.24454326306137E-71));
#3562=DIRECTION('center_axis',(0.,1.,0.));
#3563=DIRECTION('ref_axis',(1.,0.,-6.03711938588447E-71));
#3564=DIRECTION('',(0.,1.,0.));
#3565=DIRECTION('center_axis',(0.,1.,0.));
#3566=DIRECTION('ref_axis',(1.,0.,-4.82969550870758E-71));
#3567=DIRECTION('center_axis',(1.,0.,0.));
#3568=DIRECTION('ref_axis',(0.,0.,-1.));
#3569=DIRECTION('center_axis',(-8.35238971903811E-53,1.,0.));
#3570=DIRECTION('ref_axis',(0.,0.,1.));
#3571=DIRECTION('',(1.,8.35238971903811E-53,4.93038065763134E-32));
#3572=DIRECTION('',(0.,0.,1.));
#3573=DIRECTION('',(1.,8.35238971903811E-53,0.));
#3574=DIRECTION('center_axis',(0.,0.,1.));
#3575=DIRECTION('ref_axis',(1.,0.,0.));
#3576=DIRECTION('',(-0.707106781186546,-0.707106781186549,0.));
#3577=DIRECTION('center_axis',(0.,0.,-1.));
#3578=DIRECTION('ref_axis',(-0.923879532511287,0.38268343236509,0.));
#3579=DIRECTION('',(1.09611821311697E-16,-1.,0.));
#3580=DIRECTION('center_axis',(0.,0.,-1.));
#3581=DIRECTION('ref_axis',(-0.923879532511287,-0.382683432365089,0.));
#3582=DIRECTION('',(0.707106781186549,-0.707106781186546,0.));
#3583=DIRECTION('center_axis',(0.,0.,-1.));
#3584=DIRECTION('ref_axis',(-0.382683432365088,-0.923879532511287,0.));
#3585=DIRECTION('',(1.,-2.82989971213335E-73,0.));
#3586=DIRECTION('center_axis',(0.,0.,-1.));
#3587=DIRECTION('ref_axis',(0.00072515766978866,0.999999737073142,0.));
#3588=DIRECTION('',(1.79023462720806E-15,-1.,0.));
#3589=DIRECTION('',(1.,1.36642833800019E-15,0.));
#3590=DIRECTION('center_axis',(0.,0.,-1.));
#3591=DIRECTION('ref_axis',(-1.,0.,0.));
#3592=DIRECTION('center_axis',(0.,0.,-1.));
#3593=DIRECTION('ref_axis',(1.,0.,0.));
#3594=DIRECTION('center_axis',(-0.707106781186549,0.707106781186546,0.));
#3595=DIRECTION('ref_axis',(-0.707106781186546,-0.707106781186549,-2.30704351931431E-55));
#3596=DIRECTION('',(0.707106781186546,0.707106781186549,-4.02949509904391E-16));
#3597=DIRECTION('',(0.,0.,1.));
#3598=DIRECTION('center_axis',(0.,1.11022302462516E-15,1.));
#3599=DIRECTION('ref_axis',(-1.,5.47382212626884E-47,0.));
#3600=DIRECTION('center_axis',(-4.93038065763134E-32,5.6985666185838E-16,
1.));
#3601=DIRECTION('ref_axis',(-1.,5.47382212626884E-47,0.));
#3602=DIRECTION('',(0.,1.11022302462516E-15,1.));
#3603=DIRECTION('center_axis',(-4.93038065763134E-32,5.6985666185838E-16,
1.));
#3604=DIRECTION('ref_axis',(-1.,-1.42433516186397E-64,-4.93038065763134E-32));
#3605=DIRECTION('center_axis',(4.93038065763134E-32,-5.6985666185838E-16,
-1.));
#3606=DIRECTION('ref_axis',(-1.,-1.42433516186397E-64,-4.93038065763134E-32));
#3607=DIRECTION('center_axis',(0.,0.,1.));
#3608=DIRECTION('ref_axis',(0.00072515766978866,0.999999737073142,0.));
#3609=DIRECTION('',(0.,0.,1.));
#3610=DIRECTION('center_axis',(-3.26265223399926E-55,-3.49290943749459E-71,
-1.));
#3611=DIRECTION('ref_axis',(0.00072515766978866,0.999999737073142,-2.36593729133802E-58));
#3612=DIRECTION('',(0.,0.,1.));
#3613=DIRECTION('center_axis',(0.,0.,1.));
#3614=DIRECTION('ref_axis',(1.,0.,0.));
#3615=DIRECTION('',(-1.79023462720806E-15,1.,0.));
#3616=DIRECTION('center_axis',(0.,0.,1.));
#3617=DIRECTION('ref_axis',(-0.923879532511287,0.382683432365089,0.));
#3618=DIRECTION('',(0.707106781186549,0.707106781186546,0.));
#3619=DIRECTION('center_axis',(0.,0.,-1.));
#3620=DIRECTION('ref_axis',(0.923879532511287,-0.38268343236509,0.));
#3621=DIRECTION('',(1.09611821311697E-16,1.,0.));
#3622=DIRECTION('center_axis',(0.,0.,-1.));
#3623=DIRECTION('ref_axis',(0.923879532511287,0.382683432365089,0.));
#3624=DIRECTION('',(-0.707106781186546,0.707106781186549,0.));
#3625=DIRECTION('center_axis',(-1.,-1.79023462720806E-15,8.69164687286413E-16));
#3626=DIRECTION('ref_axis',(8.69164687286413E-16,9.86076131526265E-32,1.));
#3627=DIRECTION('',(-1.79023462720806E-15,1.,-1.69074950015226E-72));
#3628=DIRECTION('',(1.79023462720806E-15,-1.,5.6985666185838E-16));
#3629=DIRECTION('',(-8.69164687286412E-16,5.16382802151236E-16,-1.));
#3630=DIRECTION('center_axis',(-1.,-1.79023462720806E-15,-2.30290109735688E-15));
#3631=DIRECTION('ref_axis',(-2.30290109735688E-15,-5.58013439429772E-30,
1.));
#3632=DIRECTION('',(-2.02442743657006E-15,1.,8.63585984522359E-16));
#3633=DIRECTION('',(1.03620815631681E-15,-8.88178419700125E-16,1.));
#3634=DIRECTION('',(8.69164687286413E-16,9.86076131526265E-32,1.));
#3635=DIRECTION('center_axis',(8.69164687286411E-16,8.69164687286408E-16,
1.));
#3636=DIRECTION('ref_axis',(-0.923879532511287,0.382683432365089,0.));
#3637=DIRECTION('',(8.69164687286411E-16,8.69164687286408E-16,1.));
#3638=DIRECTION('center_axis',(-4.93038065763134E-32,5.6985666185838E-16,
1.));
#3639=DIRECTION('ref_axis',(-0.923879532511287,0.382683432365089,0.));
#3640=DIRECTION('',(-8.69164687286411E-16,-8.69164687286408E-16,-1.));
#3641=DIRECTION('center_axis',(0.707106781186546,-0.707106781186549,0.));
#3642=DIRECTION('ref_axis',(0.707106781186549,0.707106781186546,-2.30704351931432E-55));
#3643=DIRECTION('',(-0.707106781186549,-0.707106781186546,4.02949509904389E-16));
#3644=DIRECTION('',(0.,0.,1.));
#3645=DIRECTION('center_axis',(9.10224121408861E-31,1.,8.88178419700125E-16));
#3646=DIRECTION('ref_axis',(-1.,-2.5829598158331E-47,1.02482125350015E-15));
#3647=DIRECTION('',(-1.,0.,0.));
#3648=DIRECTION('',(1.03620815631681E-15,-8.88178419700125E-16,1.));
#3649=DIRECTION('center_axis',(-1.,-1.79023462720806E-15,8.69164687286413E-16));
#3650=DIRECTION('ref_axis',(8.69164687286413E-16,9.86076131526265E-32,1.));
#3651=DIRECTION('',(-8.69164687286413E-16,-9.86076131526265E-32,-1.));
#3652=DIRECTION('',(2.02442743657006E-15,-1.,-8.63585984522359E-16));
#3653=DIRECTION('center_axis',(1.,1.79023462720806E-15,2.30290109735688E-15));
#3654=DIRECTION('ref_axis',(-2.30290109735688E-15,-5.58013439429772E-30,
1.));
#3655=DIRECTION('',(8.69164687286412E-16,-5.16382802151236E-16,1.));
#3656=DIRECTION('',(-1.79023462720806E-15,1.,-5.6985666185838E-16));
#3657=DIRECTION('center_axis',(1.36642833800019E-15,-1.,-1.0890436459446E-30));
#3658=DIRECTION('ref_axis',(-8.69164687286413E-16,-9.86076131526265E-32,
-1.));
#3659=DIRECTION('center_axis',(0.,0.,1.));
#3660=DIRECTION('ref_axis',(1.,0.,0.));
#3661=DIRECTION('center_axis',(0.,0.,-1.));
#3662=DIRECTION('ref_axis',(1.,0.,0.));
#3663=DIRECTION('center_axis',(1.02482125350015E-15,-8.63585984522357E-16,
1.));
#3664=DIRECTION('ref_axis',(2.02442743657006E-15,-1.,-8.63585984522359E-16));
#3665=DIRECTION('',(-1.,0.,0.));
#3666=DIRECTION('center_axis',(1.,1.36642833800019E-15,-1.02482125350014E-15));
#3667=DIRECTION('ref_axis',(1.02482125350014E-15,-1.03304027309005E-30,
1.));
#3668=DIRECTION('',(-1.,0.,0.));
#3669=DIRECTION('center_axis',(-1.36642833800019E-15,1.,5.16382802151237E-16));
#3670=DIRECTION('ref_axis',(8.69164687286412E-16,-5.16382802151236E-16,
1.));
#3671=DIRECTION('',(-1.,-1.36642833800019E-15,7.29364484785171E-31));
#3672=DIRECTION('center_axis',(-2.82989971213335E-73,-1.,0.));
#3673=DIRECTION('ref_axis',(1.,-2.82989971213335E-73,-3.26265223399926E-55));
#3674=DIRECTION('',(0.,0.,-1.));
#3675=DIRECTION('',(-1.,2.82989971213335E-73,-4.93038065763134E-32));
#3676=DIRECTION('center_axis',(4.93038065763134E-32,-1.11022302462517E-15,
-1.));
#3677=DIRECTION('ref_axis',(-1.,-1.43602302343834E-47,-2.51997233612269E-32));
#3678=DIRECTION('',(0.707106781186551,4.71027737605134E-15,0.707106781186544));
#3679=DIRECTION('center_axis',(-4.93038065763134E-32,5.6985666185838E-16,
1.));
#3680=DIRECTION('ref_axis',(-1.,0.,0.));
#3681=DIRECTION('',(0.707106781186551,3.14018491736756E-15,-0.707106781186544));
#3682=DIRECTION('center_axis',(4.93038065763134E-32,-5.6985666185838E-16,
-1.));
#3683=DIRECTION('ref_axis',(-1.,-2.80961026324892E-47,-4.93038065763134E-32));
#3684=DIRECTION('center_axis',(0.707106781186551,-4.02949509904388E-16,
-0.707106781186544));
#3685=DIRECTION('ref_axis',(-0.707106781186544,0.,-0.707106781186551));
#3686=DIRECTION('',(0.707106781186544,0.,0.707106781186551));
#3687=DIRECTION('',(0.,-1.,5.6985666185838E-16));
#3688=DIRECTION('',(0.,1.,-5.6985666185838E-16));
#3689=DIRECTION('center_axis',(4.93038065763134E-32,-1.11022302462515E-15,
-1.));
#3690=DIRECTION('ref_axis',(1.,1.43602302343834E-47,2.51997233612269E-32));
#3691=DIRECTION('',(-0.707106781186544,-3.14018491736753E-15,0.707106781186551));
#3692=DIRECTION('center_axis',(-4.93038065763134E-32,5.6985666185838E-16,
1.));
#3693=DIRECTION('ref_axis',(1.,0.,0.));
#3694=DIRECTION('center_axis',(4.93038065763134E-32,-5.6985666185838E-16,
-1.));
#3695=DIRECTION('ref_axis',(1.,2.80961026324892E-47,4.93038065763134E-32));
#3696=DIRECTION('center_axis',(-0.707106781186544,-4.02949509904392E-16,
-0.707106781186551));
#3697=DIRECTION('ref_axis',(-0.707106781186551,0.,0.707106781186544));
#3698=DIRECTION('',(0.,1.,-5.6985666185838E-16));
#3699=DIRECTION('',(0.,-1.,5.6985666185838E-16));
#3700=DIRECTION('center_axis',(1.,0.,0.));
#3701=DIRECTION('ref_axis',(0.,-1.,0.));
#3702=DIRECTION('',(0.,0.,-1.));
#3703=DIRECTION('',(0.,-1.,0.));
#3704=DIRECTION('',(0.,0.,-1.));
#3705=DIRECTION('center_axis',(0.,0.,-1.));
#3706=DIRECTION('ref_axis',(-1.,0.,0.));
#3707=DIRECTION('',(0.,0.,-1.));
#3708=DIRECTION('center_axis',(0.,0.,-1.));
#3709=DIRECTION('ref_axis',(-1.,0.,0.));
#3710=DIRECTION('center_axis',(-4.93038065763134E-32,5.6985666185838E-16,
1.));
#3711=DIRECTION('ref_axis',(1.,0.,4.93038065763134E-32));
#3712=DIRECTION('',(0.707106781186546,-0.707106781186549,4.02949509904391E-16));
#3713=DIRECTION('center_axis',(4.93038065763134E-32,-5.6985666185838E-16,
-1.));
#3714=DIRECTION('ref_axis',(0.923879532511287,0.382683432365089,0.));
#3715=DIRECTION('',(-1.09611821311697E-16,-1.,5.6985666185838E-16));
#3716=DIRECTION('center_axis',(4.93038065763134E-32,-5.6985666185838E-16,
-1.));
#3717=DIRECTION('ref_axis',(0.923879532511287,-0.38268343236509,0.));
#3718=DIRECTION('center_axis',(4.93038065763134E-32,-5.6985666185838E-16,
-1.));
#3719=DIRECTION('ref_axis',(-0.382683432365088,-0.923879532511287,0.));
#3720=DIRECTION('',(-0.707106781186549,0.707106781186546,-4.0294950990439E-16));
#3721=DIRECTION('center_axis',(4.93038065763134E-32,-5.6985666185838E-16,
-1.));
#3722=DIRECTION('ref_axis',(-0.923879532511287,-0.382683432365089,0.));
#3723=DIRECTION('',(-1.09611821311697E-16,1.,-5.6985666185838E-16));
#3724=DIRECTION('center_axis',(4.93038065763134E-32,-5.6985666185838E-16,
-1.));
#3725=DIRECTION('ref_axis',(-0.923879532511287,0.38268343236509,0.));
#3726=DIRECTION('',(0.,-1.,5.6985666185838E-16));
#3727=DIRECTION('center_axis',(4.93038065763134E-32,-5.6985666185838E-16,
-1.));
#3728=DIRECTION('ref_axis',(-1.,0.,0.));
#3729=DIRECTION('',(0.,1.,-5.6985666185838E-16));
#3730=DIRECTION('center_axis',(4.93038065763134E-32,-5.6985666185838E-16,
-1.));
#3731=DIRECTION('ref_axis',(1.,0.,0.));
#3732=DIRECTION('',(0.,-1.,5.6985666185838E-16));
#3733=DIRECTION('center_axis',(4.93038065763134E-32,-5.6985666185838E-16,
-1.));
#3734=DIRECTION('ref_axis',(1.,0.,0.));
#3735=DIRECTION('',(0.,1.,-5.6985666185838E-16));
#3736=DIRECTION('center_axis',(4.93038065763134E-32,-5.6985666185838E-16,
-1.));
#3737=DIRECTION('ref_axis',(-1.,0.,0.));
#3738=DIRECTION('',(0.,-1.,5.6985666185838E-16));
#3739=DIRECTION('center_axis',(4.93038065763134E-32,-5.6985666185838E-16,
-1.));
#3740=DIRECTION('ref_axis',(-1.,0.,0.));
#3741=DIRECTION('',(0.,1.,-5.6985666185838E-16));
#3742=DIRECTION('center_axis',(4.93038065763134E-32,-5.6985666185838E-16,
-1.));
#3743=DIRECTION('ref_axis',(1.,0.,0.));
#3744=DIRECTION('',(0.,-1.,5.6985666185838E-16));
#3745=DIRECTION('center_axis',(4.93038065763134E-32,-5.6985666185838E-16,
-1.));
#3746=DIRECTION('ref_axis',(1.,0.,0.));
#3747=DIRECTION('',(0.,1.,-5.6985666185838E-16));
#3748=DIRECTION('center_axis',(4.93038065763134E-32,-5.6985666185838E-16,
-1.));
#3749=DIRECTION('ref_axis',(-1.,0.,0.));
#3750=DIRECTION('center_axis',(0.,0.,1.));
#3751=DIRECTION('ref_axis',(1.,0.,0.));
#3752=DIRECTION('',(0.707106781186548,3.92523114670944E-15,0.707106781186547));
#3753=DIRECTION('',(0.707106781186548,2.35513868802566E-15,-0.707106781186547));
#3754=DIRECTION('center_axis',(0.,0.,-1.));
#3755=DIRECTION('ref_axis',(1.,0.,0.));
#3756=DIRECTION('center_axis',(-0.707106781186547,0.,0.707106781186548));
#3757=DIRECTION('ref_axis',(0.707106781186548,0.,0.707106781186547));
#3758=DIRECTION('',(0.707106781186548,0.,0.707106781186547));
#3759=DIRECTION('center_axis',(0.,0.,1.));
#3760=DIRECTION('ref_axis',(-1.,0.,0.));
#3761=DIRECTION('',(-0.707106781186548,-3.92523114670944E-15,0.707106781186547));
#3762=DIRECTION('center_axis',(0.707106781186546,0.,0.707106781186549));
#3763=DIRECTION('ref_axis',(0.707106781186549,0.,-0.707106781186546));
#3764=DIRECTION('',(0.,1.,0.));
#3765=DIRECTION('center_axis',(0.,0.,-1.));
#3766=DIRECTION('ref_axis',(1.,0.,0.));
#3767=DIRECTION('',(0.,0.,-1.));
#3768=DIRECTION('center_axis',(0.,0.,-1.));
#3769=DIRECTION('ref_axis',(-1.,0.,0.));
#3770=DIRECTION('center_axis',(0.,0.,1.));
#3771=DIRECTION('ref_axis',(-1.,0.,0.));
#3772=DIRECTION('center_axis',(0.,0.,-1.));
#3773=DIRECTION('ref_axis',(1.,0.,0.));
#3774=DIRECTION('center_axis',(0.,0.,1.));
#3775=DIRECTION('ref_axis',(1.,0.,0.));
#3776=DIRECTION('center_axis',(0.,0.,1.));
#3777=DIRECTION('ref_axis',(-1.,0.,0.));
#3778=DIRECTION('',(0.,0.,-1.));
#3779=DIRECTION('center_axis',(0.,8.67361737988404E-19,1.));
#3780=DIRECTION('ref_axis',(-1.,0.,0.));
#3781=DIRECTION('',(0.,0.,-1.));
#3782=DIRECTION('center_axis',(0.,0.,1.));
#3783=DIRECTION('ref_axis',(-1.,0.,0.));
#3784=DIRECTION('center_axis',(0.,0.,-1.));
#3785=DIRECTION('ref_axis',(-1.,0.,0.));
#3786=DIRECTION('center_axis',(0.,0.,1.));
#3787=DIRECTION('ref_axis',(-1.,0.,0.));
#3788=DIRECTION('',(0.,0.,-1.));
#3789=DIRECTION('center_axis',(0.,-8.67361737988404E-19,-1.));
#3790=DIRECTION('ref_axis',(-1.,0.,0.));
#3791=DIRECTION('',(0.,0.,-1.));
#3792=DIRECTION('center_axis',(0.,0.,-1.));
#3793=DIRECTION('ref_axis',(1.,3.76158192263132E-37,0.));
#3794=DIRECTION('center_axis',(-2.1305835108654E-38,8.67361737988404E-19,
1.));
#3795=DIRECTION('ref_axis',(1.,3.76158192263132E-37,2.1305835108654E-38));
#3796=DIRECTION('',(0.,0.,1.));
#3797=DIRECTION('center_axis',(-2.1305835108654E-38,8.67361737988404E-19,
1.));
#3798=DIRECTION('ref_axis',(1.,3.76158192263132E-37,2.1305835108654E-38));
#3799=DIRECTION('center_axis',(0.,-8.67361737988404E-19,-1.));
#3800=DIRECTION('ref_axis',(1.,3.76158192263132E-37,-3.26265223399926E-55));
#3801=DIRECTION('center_axis',(0.,8.67361737988404E-19,1.));
#3802=DIRECTION('ref_axis',(1.,0.,0.));
#3803=DIRECTION('center_axis',(0.,-8.67361737988404E-19,-1.));
#3804=DIRECTION('ref_axis',(1.,3.76158192263132E-37,-3.26265223399926E-55));
#3805=DIRECTION('center_axis',(0.,-8.67361737988404E-19,-1.));
#3806=DIRECTION('ref_axis',(1.,0.,0.));
#3807=DIRECTION('center_axis',(0.,0.,-1.));
#3808=DIRECTION('ref_axis',(1.,0.,0.));
#3809=DIRECTION('center_axis',(0.,0.,-1.));
#3810=DIRECTION('ref_axis',(1.,0.,0.));
#3811=DIRECTION('center_axis',(0.,0.,1.));
#3812=DIRECTION('ref_axis',(0.923879532511287,0.382683432365089,0.));
#3813=DIRECTION('',(0.,0.,-1.));
#3814=DIRECTION('',(0.,0.,1.));
#3815=DIRECTION('center_axis',(0.707106781186549,0.707106781186546,0.));
#3816=DIRECTION('ref_axis',(-0.707106781186546,0.707106781186549,2.30704351931431E-55));
#3817=DIRECTION('center_axis',(0.,0.,1.));
#3818=DIRECTION('ref_axis',(0.923879532511287,-0.38268343236509,0.));
#3819=DIRECTION('',(0.,0.,-1.));
#3820=DIRECTION('center_axis',(0.,0.,1.));
#3821=DIRECTION('ref_axis',(-0.382683432365088,-0.923879532511287,0.));
#3822=DIRECTION('',(0.,0.,1.));
#3823=DIRECTION('center_axis',(-0.707106781186546,-0.707106781186549,0.));
#3824=DIRECTION('ref_axis',(0.707106781186549,-0.707106781186546,2.30704351931432E-55));
#3825=DIRECTION('',(0.,0.,-1.));
#3826=DIRECTION('center_axis',(0.,0.,1.));
#3827=DIRECTION('ref_axis',(-0.923879532511287,-0.382683432365089,0.));
#3828=DIRECTION('',(0.,0.,1.));
#3829=DIRECTION('center_axis',(0.,0.,1.));
#3830=DIRECTION('ref_axis',(-0.923879532511287,0.38268343236509,0.));
#3831=DIRECTION('',(0.,0.,-1.));
#3832=DIRECTION('center_axis',(-1.,-1.09611821311697E-16,0.));
#3833=DIRECTION('ref_axis',(1.09611821311697E-16,-1.,3.57625253675335E-71));
#3834=DIRECTION('center_axis',(0.,0.,1.));
#3835=DIRECTION('ref_axis',(1.,0.,0.));
#3836=DIRECTION('',(0.,0.,-1.));
#3837=DIRECTION('center_axis',(0.,0.,-1.));
#3838=DIRECTION('ref_axis',(1.,0.,0.));
#3839=DIRECTION('',(0.,0.,-1.));
#3840=DIRECTION('center_axis',(1.,0.,0.));
#3841=DIRECTION('ref_axis',(0.,-1.,0.));
#3842=DIRECTION('',(0.,0.,-1.));
#3843=DIRECTION('',(0.,1.,0.));
#3844=DIRECTION('center_axis',(0.,0.,-1.));
#3845=DIRECTION('ref_axis',(-1.,0.,0.));
#3846=DIRECTION('',(0.,0.,-1.));
#3847=DIRECTION('center_axis',(0.,0.,-1.));
#3848=DIRECTION('ref_axis',(-1.,0.,0.));
#3849=DIRECTION('',(0.,0.,-1.));
#3850=DIRECTION('center_axis',(-1.,0.,0.));
#3851=DIRECTION('ref_axis',(0.,1.,0.));
#3852=DIRECTION('',(0.,0.,-1.));
#3853=DIRECTION('',(0.,1.,0.));
#3854=DIRECTION('center_axis',(1.,-1.09611821311697E-16,0.));
#3855=DIRECTION('ref_axis',(1.09611821311697E-16,1.,-3.57625253675335E-71));
#3856=DIRECTION('center_axis',(-1.,0.,0.));
#3857=DIRECTION('ref_axis',(0.,1.,0.));
#3858=DIRECTION('',(0.,0.,-1.));
#3859=DIRECTION('',(0.,1.,0.));
#3860=DIRECTION('',(0.,0.,-1.));
#3861=DIRECTION('center_axis',(0.,0.,-1.));
#3862=DIRECTION('ref_axis',(1.,0.,0.));
#3863=DIRECTION('',(0.,0.,-1.));
#3864=DIRECTION('center_axis',(0.,0.,-1.));
#3865=DIRECTION('ref_axis',(1.,0.,0.));
#3866=DIRECTION('center_axis',(1.,0.,0.));
#3867=DIRECTION('ref_axis',(0.,-1.,0.));
#3868=DIRECTION('',(0.,0.,-1.));
#3869=DIRECTION('',(0.,1.,0.));
#3870=DIRECTION('',(0.,0.,-1.));
#3871=DIRECTION('center_axis',(0.,0.,1.));
#3872=DIRECTION('ref_axis',(-1.,0.,0.));
#3873=DIRECTION('',(0.,0.,-1.));
#3874=DIRECTION('center_axis',(0.,0.,-1.));
#3875=DIRECTION('ref_axis',(-1.,0.,0.));
#3876=DIRECTION('center_axis',(1.,0.,0.));
#3877=DIRECTION('ref_axis',(0.,-1.,0.));
#3878=DIRECTION('',(0.,-1.,0.));
#3879=DIRECTION('',(0.,0.,-1.));
#3880=DIRECTION('center_axis',(0.,0.,-1.));
#3881=DIRECTION('ref_axis',(1.,0.,0.));
#3882=DIRECTION('center_axis',(0.,0.,-1.));
#3883=DIRECTION('ref_axis',(1.,0.,0.));
#3884=DIRECTION('center_axis',(-1.,0.,0.));
#3885=DIRECTION('ref_axis',(0.,1.,0.));
#3886=DIRECTION('',(0.,0.,-1.));
#3887=DIRECTION('',(0.,1.,0.));
#3888=DIRECTION('',(0.,0.,-1.));
#3889=DIRECTION('center_axis',(0.,0.,-1.));
#3890=DIRECTION('ref_axis',(-1.,0.,0.));
#3891=DIRECTION('',(0.,0.,-1.));
#3892=DIRECTION('center_axis',(0.,0.,-1.));
#3893=DIRECTION('ref_axis',(-1.,0.,0.));
#3894=DIRECTION('center_axis',(1.,0.,0.));
#3895=DIRECTION('ref_axis',(0.,-1.,0.));
#3896=DIRECTION('',(0.,0.,-1.));
#3897=DIRECTION('',(0.,-1.,0.));
#3898=DIRECTION('center_axis',(0.,0.,-1.));
#3899=DIRECTION('ref_axis',(1.,0.,0.));
#3900=DIRECTION('center_axis',(0.,0.,-1.));
#3901=DIRECTION('ref_axis',(1.,0.,0.));
#3902=DIRECTION('center_axis',(0.,0.,1.));
#3903=DIRECTION('ref_axis',(-1.,0.,0.));
#3904=DIRECTION('center_axis',(-1.,0.,0.));
#3905=DIRECTION('ref_axis',(0.,1.,0.));
#3906=DIRECTION('',(0.,0.,-1.));
#3907=DIRECTION('',(0.,-1.,0.));
#3908=DIRECTION('center_axis',(0.,0.,1.));
#3909=DIRECTION('ref_axis',(1.,0.,0.));
#3910=DIRECTION('center_axis',(0.,0.,-1.));
#3911=DIRECTION('ref_axis',(1.,0.,0.));
#3912=DIRECTION('center_axis',(-1.,0.,0.));
#3913=DIRECTION('ref_axis',(0.,1.,0.));
#3914=DIRECTION('',(0.,0.,-1.));
#3915=DIRECTION('',(0.,1.,0.));
#3916=DIRECTION('',(0.,0.,-1.));
#3917=DIRECTION('center_axis',(0.,0.,1.));
#3918=DIRECTION('ref_axis',(1.,0.,0.));
#3919=DIRECTION('center_axis',(0.,0.,1.));
#3920=DIRECTION('ref_axis',(1.,0.,0.));
#3921=DIRECTION('',(0.,0.,-1.));
#3922=DIRECTION('center_axis',(1.,0.,0.));
#3923=DIRECTION('ref_axis',(0.,-1.,0.));
#3924=DIRECTION('',(0.,-1.,0.));
#3925=DIRECTION('',(0.,0.,-1.));
#3926=DIRECTION('center_axis',(0.,0.,1.));
#3927=DIRECTION('ref_axis',(-1.,0.,0.));
#3928=DIRECTION('center_axis',(0.,0.,1.));
#3929=DIRECTION('ref_axis',(-1.,0.,0.));
#3930=DIRECTION('center_axis',(0.,0.,-1.));
#3931=DIRECTION('ref_axis',(1.,0.,0.));
#3932=DIRECTION('center_axis',(-1.,0.,0.));
#3933=DIRECTION('ref_axis',(0.,1.,0.));
#3934=DIRECTION('',(0.,-1.,0.));
#3935=DIRECTION('',(0.,0.,-1.));
#3936=DIRECTION('center_axis',(0.,0.,1.));
#3937=DIRECTION('ref_axis',(-1.,0.,0.));
#3938=DIRECTION('center_axis',(0.,0.,-1.));
#3939=DIRECTION('ref_axis',(-1.,0.,0.));
#3940=DIRECTION('center_axis',(1.,0.,0.));
#3941=DIRECTION('ref_axis',(0.,-1.,0.));
#3942=DIRECTION('',(0.,0.,-1.));
#3943=DIRECTION('',(0.,-1.,0.));
#3944=DIRECTION('',(0.,0.,-1.));
#3945=DIRECTION('center_axis',(0.,0.,1.));
#3946=DIRECTION('ref_axis',(-1.,0.,0.));
#3947=DIRECTION('center_axis',(0.,0.,1.));
#3948=DIRECTION('ref_axis',(-1.,0.,0.));
#3949=DIRECTION('',(0.,0.,-1.));
#3950=DIRECTION('center_axis',(-1.,0.,0.));
#3951=DIRECTION('ref_axis',(0.,1.,0.));
#3952=DIRECTION('',(0.,1.,0.));
#3953=DIRECTION('',(0.,0.,-1.));
#3954=DIRECTION('center_axis',(0.,0.,1.));
#3955=DIRECTION('ref_axis',(1.,0.,0.));
#3956=DIRECTION('center_axis',(0.,0.,1.));
#3957=DIRECTION('ref_axis',(1.,0.,0.));
#3958=DIRECTION('center_axis',(0.,0.,-1.));
#3959=DIRECTION('ref_axis',(-1.,0.,0.));
#3960=DIRECTION('center_axis',(1.,0.,0.));
#3961=DIRECTION('ref_axis',(0.,-1.,0.));
#3962=DIRECTION('',(0.,0.,-1.));
#3963=DIRECTION('',(0.,-1.,0.));
#3964=DIRECTION('center_axis',(0.,0.,-1.));
#3965=DIRECTION('ref_axis',(-1.,0.,0.));
#3966=DIRECTION('center_axis',(0.,0.,-1.));
#3967=DIRECTION('ref_axis',(-1.,0.,0.));
#3968=DIRECTION('center_axis',(1.,0.,0.));
#3969=DIRECTION('ref_axis',(0.,-1.,0.));
#3970=DIRECTION('',(0.,0.,-1.));
#3971=DIRECTION('',(0.,-1.,0.));
#3972=DIRECTION('',(0.,0.,-1.));
#3973=DIRECTION('center_axis',(0.,0.,-1.));
#3974=DIRECTION('ref_axis',(1.,0.,0.));
#3975=DIRECTION('',(0.,0.,-1.));
#3976=DIRECTION('center_axis',(0.,0.,-1.));
#3977=DIRECTION('ref_axis',(1.,0.,0.));
#3978=DIRECTION('center_axis',(-1.,0.,0.));
#3979=DIRECTION('ref_axis',(0.,1.,0.));
#3980=DIRECTION('',(0.,0.,-1.));
#3981=DIRECTION('',(0.,1.,0.));
#3982=DIRECTION('center_axis',(0.,0.,-1.));
#3983=DIRECTION('ref_axis',(-1.,0.,0.));
#3984=DIRECTION('center_axis',(0.,0.,-1.));
#3985=DIRECTION('ref_axis',(-1.,0.,0.));
#3986=DIRECTION('center_axis',(0.,0.,1.));
#3987=DIRECTION('ref_axis',(1.,0.,0.));
#3988=DIRECTION('center_axis',(0.,0.,1.));
#3989=DIRECTION('ref_axis',(-0.995909768400037,-0.0903533796013492,0.));
#3990=DIRECTION('',(0.,0.,-1.));
#3991=DIRECTION('center_axis',(0.983672533589229,0.179967626705881,0.));
#3992=DIRECTION('ref_axis',(0.179967626705881,-0.983672533589229,-1.85106077618575E-16));
#3993=DIRECTION('',(0.,0.,-1.));
#3994=DIRECTION('center_axis',(0.,0.,1.));
#3995=DIRECTION('ref_axis',(-1.,0.,0.));
#3996=DIRECTION('',(0.,0.,-1.));
#3997=DIRECTION('center_axis',(0.,0.,-1.));
#3998=DIRECTION('ref_axis',(1.,0.,0.));
#3999=DIRECTION('',(0.,0.,-1.));
#4000=DIRECTION('center_axis',(0.983672533589229,-0.179967626705881,0.));
#4001=DIRECTION('ref_axis',(-0.179967626705881,-0.983672533589229,-1.85106077618575E-16));
#4002=DIRECTION('',(0.,0.,-1.));
#4003=DIRECTION('center_axis',(0.,0.,-1.));
#4004=DIRECTION('ref_axis',(0.995909768400037,-0.0903533796013492,0.));
#4005=DIRECTION('center_axis',(-1.,0.,0.));
#4006=DIRECTION('ref_axis',(0.,1.,0.));
#4007=CARTESIAN_POINT('',(0.,0.,0.));
#4008=CARTESIAN_POINT('Origin',(0.73213181638977,32.,20.2355116681512));
#4009=CARTESIAN_POINT('',(0.73213181638977,29.0000000000001,30.0742009562734));
#4010=CARTESIAN_POINT('',(0.73213181638977,32.,30.0742009562734));
#4011=CARTESIAN_POINT('',(0.73213181638977,29.,30.0742009562734));
#4012=CARTESIAN_POINT('',(0.73213181638977,29.0000000000002,34.3808434296158));
#4013=CARTESIAN_POINT('',(0.73213181638977,29.0000000000001,20.3177558340756));
#4014=CARTESIAN_POINT('',(0.73213181638977,30.0000000000002,35.3821221128193));
#4015=CARTESIAN_POINT('Ctrl Pts',(0.73213181638977,30.0000000000002,35.3821221128193));
#4016=CARTESIAN_POINT('Ctrl Pts',(0.73213181638977,29.8766355125979,35.3821221128193));
#4017=CARTESIAN_POINT('Ctrl Pts',(0.73213181638977,29.7314473927589,35.3532174906881));
#4018=CARTESIAN_POINT('Ctrl Pts',(0.73213181638977,29.5034529908302,35.25871401562));
#4019=CARTESIAN_POINT('Ctrl Pts',(0.73213181638977,29.3803235295238,35.1763673855823));
#4020=CARTESIAN_POINT('Ctrl Pts',(0.73213181638977,29.2057485179498,35.0016633580378));
#4021=CARTESIAN_POINT('Ctrl Pts',(0.73213181638977,29.1234418237887,34.8783657738605));
#4022=CARTESIAN_POINT('Ctrl Pts',(0.73213181638977,29.0289141779273,34.6499868011099));
#4023=CARTESIAN_POINT('Ctrl Pts',(0.73213181638977,29.0000000000002,34.5044744623028));
#4024=CARTESIAN_POINT('Ctrl Pts',(0.73213181638977,29.0000000000002,34.3808434296158));
#4025=CARTESIAN_POINT('',(0.73213181638977,34.0000000000001,35.3821221128193));
#4026=CARTESIAN_POINT('',(0.73213181638977,29.,35.3821221128193));
#4027=CARTESIAN_POINT('',(0.73213181638977,35.0000000000002,34.3808434296158));
#4028=CARTESIAN_POINT('Ctrl Pts',(0.73213181638977,35.0000000000001,34.3808434296157));
#4029=CARTESIAN_POINT('Ctrl Pts',(0.73213181638977,35.0000000000001,34.5044744623028));
#4030=CARTESIAN_POINT('Ctrl Pts',(0.73213181638977,34.971085822073,34.6499868011099));
#4031=CARTESIAN_POINT('Ctrl Pts',(0.73213181638977,34.8765581762115,34.8783657738605));
#4032=CARTESIAN_POINT('Ctrl Pts',(0.73213181638977,34.7942514820505,35.0016633580378));
#4033=CARTESIAN_POINT('Ctrl Pts',(0.73213181638977,34.6196764704765,35.1763673855823));
#4034=CARTESIAN_POINT('Ctrl Pts',(0.73213181638977,34.4965470091701,35.25871401562));
#4035=CARTESIAN_POINT('Ctrl Pts',(0.73213181638977,34.2685526072414,35.3532174906881));
#4036=CARTESIAN_POINT('Ctrl Pts',(0.73213181638977,34.1233644874024,35.3821221128193));
#4037=CARTESIAN_POINT('Ctrl Pts',(0.73213181638977,34.0000000000001,35.3821221128193));
#4038=CARTESIAN_POINT('',(0.73213181638977,35.,28.6990381056766));
#4039=CARTESIAN_POINT('',(0.73213181638977,35.,12.5428221687221));
#4040=CARTESIAN_POINT('',(0.73213181638977,32.,28.6990381056766));
#4041=CARTESIAN_POINT('',(0.73213181638977,29.,28.6990381056766));
#4042=CARTESIAN_POINT('',(0.73213181638977,32.,23.7448302768677));
#4043=CARTESIAN_POINT('Origin',(-0.76786818361023,32.,38.4000001639128));
#4044=CARTESIAN_POINT('',(-0.76786818361023,32.,30.0346931676397));
#4045=CARTESIAN_POINT('',(-0.76786818361023,29.0000000000001,30.0346931676397));
#4046=CARTESIAN_POINT('',(-0.76786818361023,29.,30.0346931676397));
#4047=CARTESIAN_POINT('',(-0.76786818361023,32.,28.6990381056766));
#4048=CARTESIAN_POINT('',(-0.76786818361023,32.,32.8270745247485));
#4049=CARTESIAN_POINT('',(-0.76786818361023,35.,28.6990381056766));
#4050=CARTESIAN_POINT('',(-0.76786818361023,29.,28.6990381056766));
#4051=CARTESIAN_POINT('',(-0.76786818361023,35.0000000000001,34.3789262267386));
#4052=CARTESIAN_POINT('',(-0.76786818361023,35.0000000000001,21.6250664166029));
#4053=CARTESIAN_POINT('',(-0.76786818361023,34.0000000000001,35.3803330554631));
#4054=CARTESIAN_POINT('Ctrl Pts',(-0.76786818361023,34.0000000000001,35.3803330554631));
#4055=CARTESIAN_POINT('Ctrl Pts',(-0.76786818361023,34.1233595743927,35.3803330554631));
#4056=CARTESIAN_POINT('Ctrl Pts',(-0.76786818361023,34.2685414342715,35.3514271844687));
#4057=CARTESIAN_POINT('Ctrl Pts',(-0.76786818361023,34.4965314193608,35.2569190196752));
#4058=CARTESIAN_POINT('Ctrl Pts',(-0.76786818361023,34.6196600696833,35.1745655031386));
#4059=CARTESIAN_POINT('Ctrl Pts',(-0.76786818361023,34.7942392768736,34.9998443523726));
#4060=CARTESIAN_POINT('Ctrl Pts',(-0.76786818361023,34.8765488561728,34.8765307319245));
#4061=CARTESIAN_POINT('Ctrl Pts',(-0.76786818361023,34.9710836155893,34.6481176344965));
#4062=CARTESIAN_POINT('Ctrl Pts',(-0.76786818361023,35.0000000000001,34.5025790609022));
#4063=CARTESIAN_POINT('Ctrl Pts',(-0.76786818361023,35.0000000000001,34.3789262267386));
#4064=CARTESIAN_POINT('',(-0.76786818361023,30.0000000000002,35.3803330554631));
#4065=CARTESIAN_POINT('',(-0.76786818361023,29.,35.3803330554631));
#4066=CARTESIAN_POINT('',(-0.76786818361023,29.0000000000002,34.3789262267386));
#4067=CARTESIAN_POINT('Ctrl Pts',(-0.76786818361023,29.0000000000002,34.3789262267386));
#4068=CARTESIAN_POINT('Ctrl Pts',(-0.76786818361023,29.0000000000002,34.5025790609022));
#4069=CARTESIAN_POINT('Ctrl Pts',(-0.76786818361023,29.028916384411,34.6481176344966));
#4070=CARTESIAN_POINT('Ctrl Pts',(-0.76786818361023,29.1234511438274,34.8765307319245));
#4071=CARTESIAN_POINT('Ctrl Pts',(-0.76786818361023,29.2057607231267,34.9998443523726));
#4072=CARTESIAN_POINT('Ctrl Pts',(-0.76786818361023,29.380339930317,35.1745655031386));
#4073=CARTESIAN_POINT('Ctrl Pts',(-0.76786818361023,29.5034685806395,35.2569190196752));
#4074=CARTESIAN_POINT('Ctrl Pts',(-0.76786818361023,29.7314585657288,35.3514271844687));
#4075=CARTESIAN_POINT('Ctrl Pts',(-0.76786818361023,29.8766404256076,35.3803330554631));
#4076=CARTESIAN_POINT('Ctrl Pts',(-0.76786818361023,30.0000000000002,35.3803330554631));
#4077=CARTESIAN_POINT('',(-0.76786818361023,29.0000000000001,29.4000000819564));
#4078=CARTESIAN_POINT('Origin',(-0.76786818361023,32.,38.4000001639128));
#4079=CARTESIAN_POINT('',(-0.76786818361023,29.0000000000001,24.4736046035287));
#4080=CARTESIAN_POINT('',(-0.76786818361023,32.,24.4736046035287));
#4081=CARTESIAN_POINT('',(-0.76786818361023,29.,24.4736046035287));
#4082=CARTESIAN_POINT('',(-0.767868183610223,29.,24.3887341350358));
#4083=CARTESIAN_POINT('',(-0.76786818361023,29.0000000000001,29.4000000819564));
#4084=CARTESIAN_POINT('',(-0.76786818361023,32.,24.3847807122489));
#4085=CARTESIAN_POINT('Ctrl Pts',(-0.767868183610229,32.,24.3847807122489));
#4086=CARTESIAN_POINT('Ctrl Pts',(-0.767868183610229,31.9998553684314,24.3847809692448));
#4087=CARTESIAN_POINT('Ctrl Pts',(-0.767868183473748,31.9997107386093,24.3847812262307));
#4088=CARTESIAN_POINT('Ctrl Pts',(-0.767868183473748,31.0133099708821,24.3865337919847));
#4089=CARTESIAN_POINT('Ctrl Pts',(-0.76786818361023,29.9770436558662,24.387787328324));
#4090=CARTESIAN_POINT('Ctrl Pts',(-0.76786818361023,29.,24.3887341350358));
#4091=CARTESIAN_POINT('',(-0.767868183610229,35.0000000000001,24.3769745448786));
#4092=CARTESIAN_POINT('Ctrl Pts',(-0.76786818361023,35.0000000000001,24.3769745448786));
#4093=CARTESIAN_POINT('Ctrl Pts',(-0.76786818361023,34.0176013513058,24.3806339346799));
#4094=CARTESIAN_POINT('Ctrl Pts',(-0.76786818361023,32.9695573804142,24.383057905044));
#4095=CARTESIAN_POINT('Ctrl Pts',(-0.76786818361023,32.,24.3847807122489));
#4096=CARTESIAN_POINT('',(-0.76786818361023,35.,26.1009618943233));
#4097=CARTESIAN_POINT('',(-0.76786818361023,35.0000000000001,21.6250664166029));
#4098=CARTESIAN_POINT('',(-0.76786818361023,32.,26.1009618943233));
#4099=CARTESIAN_POINT('',(-0.76786818361023,29.,26.1009618943233));
#4100=CARTESIAN_POINT('',(-0.76786818361023,32.,32.8270745247485));
#4101=CARTESIAN_POINT('Origin',(0.73213181638977,32.,20.2355116681512));
#4102=CARTESIAN_POINT('',(0.73213181638977,32.,24.434096814895));
#4103=CARTESIAN_POINT('',(0.73213181638977,29.0000000000001,24.434096814895));
#4104=CARTESIAN_POINT('',(0.73213181638977,29.,24.434096814895));
#4105=CARTESIAN_POINT('',(0.73213181638977,32.,26.1009618943233));
#4106=CARTESIAN_POINT('',(0.73213181638977,32.,23.7448302768677));
#4107=CARTESIAN_POINT('',(0.73213181638977,35.,26.1009618943233));
#4108=CARTESIAN_POINT('',(0.73213181638977,29.,26.1009618943233));
#4109=CARTESIAN_POINT('',(0.732131816389771,35.0000000000001,24.3769745448786));
#4110=CARTESIAN_POINT('',(0.73213181638977,35.,12.5428221687221));
#4111=CARTESIAN_POINT('',(0.73213181638977,32.,24.3837118748671));
#4112=CARTESIAN_POINT('Ctrl Pts',(0.732131816389774,32.,24.3837118748671));
#4113=CARTESIAN_POINT('Ctrl Pts',(0.732131816389774,32.0000394292324,24.3837117998469));
#4114=CARTESIAN_POINT('Ctrl Pts',(0.732131816491373,32.0000788584247,24.383711724822));
#4115=CARTESIAN_POINT('Ctrl Pts',(0.732131816491373,32.9849181062235,24.381837893926));
#4116=CARTESIAN_POINT('Ctrl Pts',(0.732131816389771,34.0111756838261,24.3796190260644));
#4117=CARTESIAN_POINT('Ctrl Pts',(0.732131816389771,35.0000000000001,24.3769745448786));
#4118=CARTESIAN_POINT('',(0.732131816389771,29.,24.3887341350358));
#4119=CARTESIAN_POINT('Ctrl Pts',(0.732131816389762,29.,24.3887341350358));
#4120=CARTESIAN_POINT('Ctrl Pts',(0.73213181638976,29.6387777461081,24.387786291553));
#4121=CARTESIAN_POINT('Ctrl Pts',(0.732137562462508,30.2890536527691,24.386756532551));
#4122=CARTESIAN_POINT('Ctrl Pts',(0.732135445048333,30.9365959536726,24.3856379579573));
#4123=CARTESIAN_POINT('Ctrl Pts',(0.732134280682414,31.2926794233249,24.3850228538601));
#4124=CARTESIAN_POINT('Ctrl Pts',(0.732131177862117,31.6479362780981,24.3843808642828));
#4125=CARTESIAN_POINT('Ctrl Pts',(0.732131251365567,32.,24.3837106917748));
#4126=CARTESIAN_POINT('',(0.73213181638977,29.0000000000001,20.3177558340756));
#4127=CARTESIAN_POINT('Origin',(-1.67047794380762E-51,34.,20.4));
#4128=CARTESIAN_POINT('',(15.,34.0000000000001,20.4));
#4129=CARTESIAN_POINT('Origin',(-1.67047794380762E-51,34.,20.4));
#4130=CARTESIAN_POINT('',(14.,35.0000000000001,20.4));
#4131=CARTESIAN_POINT('Origin',(14.,34.0000000000001,20.4));
#4132=CARTESIAN_POINT('Origin',(-1.67047794380762E-51,35.0000000000001,
20.4));
#4133=CARTESIAN_POINT('Origin',(-1.67047794380762E-51,29.,20.4));
#4134=CARTESIAN_POINT('',(15.,30.0000000000001,20.4));
#4135=CARTESIAN_POINT('Origin',(-1.67047794380762E-51,30.0000000000001,
20.4));
#4136=CARTESIAN_POINT('',(15.,29.0000000000001,20.4));
#4137=CARTESIAN_POINT('Origin',(-1.67047794380762E-51,30.0000000000001,
20.4));
#4138=CARTESIAN_POINT('',(-15.,30.0000000000001,20.4));
#4139=CARTESIAN_POINT('Origin',(-1.67047794380762E-51,30.0000000000001,
20.4));
#4140=CARTESIAN_POINT('',(-14.,29.0000000000001,20.4));
#4141=CARTESIAN_POINT('Origin',(-14.,30.0000000000001,20.4));
#4142=CARTESIAN_POINT('Origin',(-1.67047794380762E-51,29.0000000000001,
20.4));
#4143=CARTESIAN_POINT('Origin',(-0.01786818361023,29.,27.4));
#4144=CARTESIAN_POINT('Origin',(-0.01786818361023,32.,27.4));
#4145=CARTESIAN_POINT('Origin',(-0.01786818361023,35.,27.4));
#4146=CARTESIAN_POINT('Origin',(-0.01786818361023,29.,27.4));
#4147=CARTESIAN_POINT('Origin',(-0.01786818361023,35.,27.4));
#4148=CARTESIAN_POINT('Origin',(-0.01786818361023,32.,27.4));
#4149=CARTESIAN_POINT('Origin',(0.0558875420321281,32.,27.2541488855842));
#4150=CARTESIAN_POINT('Origin',(0.0558875420321281,32.,27.2541488855842));
#4151=CARTESIAN_POINT('Origin',(0.0558875420321281,29.,27.2541488855842));
#4152=CARTESIAN_POINT('Origin',(0.0558875420321281,29.0000000000001,27.2541488855842));
#4153=CARTESIAN_POINT('Origin',(-20.,18.6664445752346,-16.));
#4154=CARTESIAN_POINT('',(-22.9747158723716,21.3405921925395,-4.44089209850063E-15));
#4155=CARTESIAN_POINT('',(-23.4641016151378,20.6664445752346,-0.114218034262104));
#4156=CARTESIAN_POINT('Ctrl Pts',(-22.9747158723962,21.3405921924231,6.27883162129805E-14));
#4157=CARTESIAN_POINT('Ctrl Pts',(-23.1619685068713,21.1322927775587,6.24214390681639E-14));
#4158=CARTESIAN_POINT('Ctrl Pts',(-23.3280734210091,20.9020523187273,-0.0429466525435913));
#4159=CARTESIAN_POINT('Ctrl Pts',(-23.4641016151378,20.6664445752346,-0.114218034261964));
#4160=CARTESIAN_POINT('',(-20.,22.6664445752347,-4.44089209850063E-15));
#4161=CARTESIAN_POINT('Origin',(-20.,18.6664445752346,-4.44089209850063E-15));
#4162=CARTESIAN_POINT('',(-20.,22.6664445752347,-3.87982309729706));
#4163=CARTESIAN_POINT('',(-20.,22.6664445752347,-2.09100248165711));
#4164=CARTESIAN_POINT('',(-20.,22.6664445752347,-16.));
#4165=CARTESIAN_POINT('',(-20.,22.6664445752347,-16.));
#4166=CARTESIAN_POINT('',(-22.9747158723959,21.3405921924233,-16.));
#4167=CARTESIAN_POINT('Origin',(-20.,18.6664445752346,-16.));
#4168=CARTESIAN_POINT('',(-23.4641016151378,20.6664445752346,-15.8857819657379));
#4169=CARTESIAN_POINT('Ctrl Pts',(-23.4641016151378,20.6664445752346,-15.885781965738));
#4170=CARTESIAN_POINT('Ctrl Pts',(-23.3280734210092,20.9020523187272,-15.9570533474564));
#4171=CARTESIAN_POINT('Ctrl Pts',(-23.1619685068713,21.1322927775587,-16.0000000000001));
#4172=CARTESIAN_POINT('Ctrl Pts',(-22.9747158723961,21.3405921924231,-16.0000000000001));
#4173=CARTESIAN_POINT('',(-24.,18.6664445752346,-14.9999999999995));
#4174=CARTESIAN_POINT('Ctrl Pts',(-24.,18.6662209921717,-14.9999999999995));
#4175=CARTESIAN_POINT('Ctrl Pts',(-24.,18.6691964728375,-15.0014876370787));
#4176=CARTESIAN_POINT('Ctrl Pts',(-23.9999966318204,18.6721719530828,-15.0029753782579));
#4177=CARTESIAN_POINT('Ctrl Pts',(-23.9999899016054,18.6751474273744,-15.0044632028613));
#4178=CARTESIAN_POINT('Ctrl Pts',(-23.999856896409,18.7339499389513,-15.0338661870234));
#4179=CARTESIAN_POINT('Ctrl Pts',(-23.9984122628261,18.7928060325531,-15.0633401755058));
#4180=CARTESIAN_POINT('Ctrl Pts',(-23.9956819336779,18.8516712392979,-15.0927337798421));
#4181=CARTESIAN_POINT('Ctrl Pts',(-23.9927354819042,18.9151959952523,-15.1244540717656));
#4182=CARTESIAN_POINT('Ctrl Pts',(-23.9882924564402,18.9787313641827,-15.1560814014339));
#4183=CARTESIAN_POINT('Ctrl Pts',(-23.982356527549,19.0422214586926,-15.1874797356919));
#4184=CARTESIAN_POINT('Ctrl Pts',(-23.9762458171056,19.1075809989925,-15.2198025839901));
#4185=CARTESIAN_POINT('Ctrl Pts',(-23.9685536043807,19.1728925594416,-15.2518839717226));
#4186=CARTESIAN_POINT('Ctrl Pts',(-23.959244213948,19.2380951683907,-15.2836154221069));
#4187=CARTESIAN_POINT('Ctrl Pts',(-23.9499332130075,19.3033090572729,-15.3153523619747));
#4188=CARTESIAN_POINT('Ctrl Pts',(-23.9390049197961,19.3684139569557,-15.3467405570527));
#4189=CARTESIAN_POINT('Ctrl Pts',(-23.92637681251,19.4333488634141,-15.3776913647751));
#4190=CARTESIAN_POINT('Ctrl Pts',(-23.9205920995719,19.4630943973258,-15.3918693832079));
#4191=CARTESIAN_POINT('Ctrl Pts',(-23.914450010842,19.4928042599461,-15.4059557746568));
#4192=CARTESIAN_POINT('Ctrl Pts',(-23.9079389317679,19.5224725872888,-15.4199422893721));
#4193=CARTESIAN_POINT('Ctrl Pts',(-23.894873084643,19.5820083147924,-15.4480091675347));
#4194=CARTESIAN_POINT('Ctrl Pts',(-23.8803240492898,19.6413767845508,-15.4756746476637));
#4195=CARTESIAN_POINT('Ctrl Pts',(-23.8643703847032,19.7005306105309,-15.5028285487487));
#4196=CARTESIAN_POINT('Ctrl Pts',(-23.8477817281472,19.762038892708,-15.5310632365728));
#4197=CARTESIAN_POINT('Ctrl Pts',(-23.8298601138828,19.8226401329618,-15.5584295185087));
#4198=CARTESIAN_POINT('Ctrl Pts',(-23.8107418073094,19.8823177855086,-15.5848364255071));
#4199=CARTESIAN_POINT('Ctrl Pts',(-23.7911922935018,19.9433414482475,-15.61183893177));
#4200=CARTESIAN_POINT('Ctrl Pts',(-23.770390833047,20.0033993909916,-15.637839563478));
#4201=CARTESIAN_POINT('Ctrl Pts',(-23.7484281144302,20.0624739228949,-15.6627310224375));
#4202=CARTESIAN_POINT('Ctrl Pts',(-23.7268849862295,20.1204198555636,-15.6871469383733));
#4203=CARTESIAN_POINT('Ctrl Pts',(-23.7042236666617,20.1774195939288,-15.7104967382042));
#4204=CARTESIAN_POINT('Ctrl Pts',(-23.6804894637367,20.2334564417873,-15.7326522929741));
#4205=CARTESIAN_POINT('Ctrl Pts',(-23.6608270358152,20.2798797611398,-15.7510069013046));
#4206=CARTESIAN_POINT('Ctrl Pts',(-23.6404273760802,20.3256422320198,-15.7685417219549));
#4207=CARTESIAN_POINT('Ctrl Pts',(-23.6193007477691,20.3707343613779,-15.7851615115325));
#4208=CARTESIAN_POINT('Ctrl Pts',(-23.5928205573353,20.4272529953449,-15.8059928144032));
#4209=CARTESIAN_POINT('Ctrl Pts',(-23.5651977223981,20.4827185091041,-15.8253876342769));
#4210=CARTESIAN_POINT('Ctrl Pts',(-23.5365181629526,20.5371122096756,-15.8433739748098));
#4211=CARTESIAN_POINT('Ctrl Pts',(-23.5134193137752,20.5809215257878,-15.8578603816883));
#4212=CARTESIAN_POINT('Ctrl Pts',(-23.4896343258313,20.6240355697532,-15.8714321647241));
#4213=CARTESIAN_POINT('Ctrl Pts',(-23.4652079430765,20.6664445752346,-15.8840793696405));
#4214=CARTESIAN_POINT('',(-24.,18.6664445752346,-1.00000000000051));
#4215=CARTESIAN_POINT('',(-24.,18.6664445752346,-16.));
#4216=CARTESIAN_POINT('Ctrl Pts',(-23.4634824402755,20.6664445752346,-0.113695109558146));
#4217=CARTESIAN_POINT('Ctrl Pts',(-23.4910475191222,20.6186420670614,-0.12825598911402));
#4218=CARTESIAN_POINT('Ctrl Pts',(-23.517850221356,20.569943785789,-0.144085689996279));
#4219=CARTESIAN_POINT('Ctrl Pts',(-23.5438120443359,20.520363717933,-0.161036561412336));
#4220=CARTESIAN_POINT('Ctrl Pts',(-23.5715258282761,20.4674378779656,-0.179131314942745));
#4221=CARTESIAN_POINT('Ctrl Pts',(-23.5982825255509,20.4135072260952,-0.19850387699926));
#4222=CARTESIAN_POINT('Ctrl Pts',(-23.6239881353502,20.3585887757517,-0.219033777766413));
#4223=CARTESIAN_POINT('Ctrl Pts',(-23.6500706942695,20.3028649968558,-0.239864730641945));
#4224=CARTESIAN_POINT('Ctrl Pts',(-23.6750723923006,20.2461242367651,-0.261887942110019));
#4225=CARTESIAN_POINT('Ctrl Pts',(-23.6988779293086,20.1883842683914,-0.285028412015977));
#4226=CARTESIAN_POINT('Ctrl Pts',(-23.722076862862,20.1321156074818,-0.307579225449075));
#4227=CARTESIAN_POINT('Ctrl Pts',(-23.7441408338431,20.0748980123674,-0.331191960068188));
#4228=CARTESIAN_POINT('Ctrl Pts',(-23.7649303104537,20.0167479316123,-0.355832807627061));
#4229=CARTESIAN_POINT('Ctrl Pts',(-23.7718403583682,19.9974198911921,-0.364022981938468));
#4230=CARTESIAN_POINT('Ctrl Pts',(-23.7786092632068,19.9779888318121,-0.372326982070957));
#4231=CARTESIAN_POINT('Ctrl Pts',(-23.7852307734991,19.9584553574764,-0.380744225151483));
#4232=CARTESIAN_POINT('Ctrl Pts',(-23.8060050219491,19.897171265021,-0.407152384514195));
#4233=CARTESIAN_POINT('Ctrl Pts',(-23.8253321885361,19.8348790811761,-0.434674324849988));
#4234=CARTESIAN_POINT('Ctrl Pts',(-23.8432484715572,19.7715974587185,-0.463221899380761));
#4235=CARTESIAN_POINT('Ctrl Pts',(-23.8499165707534,19.7480452444924,-0.473846762727693));
#4236=CARTESIAN_POINT('Ctrl Pts',(-23.8563887249385,19.7243559745568,-0.484613808173971));
#4237=CARTESIAN_POINT('Ctrl Pts',(-23.8626649756042,19.7005306105342,-0.495518681667493));
#4238=CARTESIAN_POINT('Ctrl Pts',(-23.8794120986602,19.6369566195647,-0.524616509022462));
#4239=CARTESIAN_POINT('Ctrl Pts',(-23.8945755076601,19.5731347085856,-0.554359581833401));
#4240=CARTESIAN_POINT('Ctrl Pts',(-23.9082289983659,19.5091236996424,-0.584627454988632));
#4241=CARTESIAN_POINT('Ctrl Pts',(-23.9220387402912,19.4443801455629,-0.615241715173745));
#4242=CARTESIAN_POINT('Ctrl Pts',(-23.9343038541482,19.3794431406621,-0.646394212196434));
#4243=CARTESIAN_POINT('Ctrl Pts',(-23.945048689126,19.3143735489436,-0.677967738555883));
#4244=CARTESIAN_POINT('Ctrl Pts',(-23.9553525550775,19.251974419318,-0.708245484458448));
#4245=CARTESIAN_POINT('Ctrl Pts',(-23.9642580579771,19.1894533623058,-0.738911584991893));
#4246=CARTESIAN_POINT('Ctrl Pts',(-23.9717417280952,19.1268640510197,-0.76985102683369));
#4247=CARTESIAN_POINT('Ctrl Pts',(-23.9789135016034,19.0668832718694,-0.799501006838465));
#4248=CARTESIAN_POINT('Ctrl Pts',(-23.9847792609088,19.0068398091464,-0.829402946649529));
#4249=CARTESIAN_POINT('Ctrl Pts',(-23.9892799733045,18.9467809004439,-0.859429863916131));
#4250=CARTESIAN_POINT('Ctrl Pts',(-23.9934791553997,18.8907457060336,-0.887445094011433));
#4251=CARTESIAN_POINT('Ctrl Pts',(-23.9964897712006,18.8346970659512,-0.915569653149929));
#4252=CARTESIAN_POINT('Ctrl Pts',(-23.9982336373403,18.7786733450569,-0.943667651793968));
#4253=CARTESIAN_POINT('Ctrl Pts',(-23.9993081851125,18.7441522524634,-0.960981275334162));
#4254=CARTESIAN_POINT('Ctrl Pts',(-23.9999011896742,18.709640621342,-0.978284146586747));
#4255=CARTESIAN_POINT('Ctrl Pts',(-23.9999886711189,18.6751474273846,-0.995536217450519));
#4256=CARTESIAN_POINT('Ctrl Pts',(-23.9999962175001,18.6721719530944,-0.997024426787425));
#4257=CARTESIAN_POINT('Ctrl Pts',(-24.,18.6691964728365,-0.998512362921862));
#4258=CARTESIAN_POINT('Ctrl Pts',(-24.,18.6662209921719,-1.00000000000052));
#4259=CARTESIAN_POINT('Ctrl Pts',(-22.9747158723873,21.3405921925407,-4.44089209850063E-15));
#4260=CARTESIAN_POINT('Ctrl Pts',(-22.9915649124574,21.1162862045492,-4.44089209850063E-15));
#4261=CARTESIAN_POINT('Ctrl Pts',(-23.0000000000014,20.8913888657906,-4.44089209850063E-15));
#4262=CARTESIAN_POINT('Ctrl Pts',(-23.0000000000014,20.6664445752346,-4.44089209850063E-15));
#4263=CARTESIAN_POINT('Ctrl Pts',(-23.1231898947536,21.3517450145167,-4.44089209850063E-15));
#4264=CARTESIAN_POINT('Ctrl Pts',(-23.1403170632667,21.1237363897617,-4.44089149763585E-15));
#4265=CARTESIAN_POINT('Ctrl Pts',(-23.1488923126156,20.8951020390652,-1.12318410158777E-13));
#4266=CARTESIAN_POINT('Ctrl Pts',(-23.1488923126156,20.6664445752346,-1.1221888732103E-13));
#4267=CARTESIAN_POINT('Ctrl Pts',(-23.2869379529443,21.3640451658349,-0.0351022801410455));
#4268=CARTESIAN_POINT('Ctrl Pts',(-23.3043726715589,21.1319422230013,-0.0351022801410455));
#4269=CARTESIAN_POINT('Ctrl Pts',(-23.3131016920177,20.8992080082537,-0.0351022801412454));
#4270=CARTESIAN_POINT('Ctrl Pts',(-23.3131016920177,20.6664445752346,-0.0351022801412452));
#4271=CARTESIAN_POINT('Ctrl Pts',(-23.437513664807,21.3753558589888,-0.114218034262104));
#4272=CARTESIAN_POINT('Ctrl Pts',(-23.4552315567339,21.1394831186293,-0.114218034262104));
#4273=CARTESIAN_POINT('Ctrl Pts',(-23.4641016151386,20.9029885334086,-0.114218034262343));
#4274=CARTESIAN_POINT('Ctrl Pts',(-23.4641016151386,20.6664445752346,-0.114218034262343));
#4275=CARTESIAN_POINT('',(-23.,20.6664445752346,-4.44089209850063E-15));
#4276=CARTESIAN_POINT('Ctrl Pts',(-23.,20.6664445752346,-4.44089209850063E-15));
#4277=CARTESIAN_POINT('Ctrl Pts',(-23.1346870059403,20.6664445752346,-4.44089209850063E-15));
#4278=CARTESIAN_POINT('Ctrl Pts',(-23.297246705204,20.6664445752346,-0.0305832483964302));
#4279=CARTESIAN_POINT('Ctrl Pts',(-23.4495643514853,20.6664445752346,-0.106328378370272));
#4280=CARTESIAN_POINT('Ctrl Pts',(-23.464182476311,20.6664445752346,-0.114065254416984));
#4281=CARTESIAN_POINT('Ctrl Pts',(-23.0000000000014,20.6664445752346,-4.44089209850063E-15));
#4282=CARTESIAN_POINT('Ctrl Pts',(-23.0000000000014,20.8913888657906,-4.44089209850063E-15));
#4283=CARTESIAN_POINT('Ctrl Pts',(-22.9915649124574,21.1162862045492,-4.44089209850063E-15));
#4284=CARTESIAN_POINT('Ctrl Pts',(-22.9747158723873,21.3405921925407,-4.44089209850063E-15));
#4285=CARTESIAN_POINT('Ctrl Pts',(-23.,20.6664445752346,-4.44089209850063E-15));
#4286=CARTESIAN_POINT('Ctrl Pts',(-23.,8.47152664218547,-4.44089209850063E-15));
#4287=CARTESIAN_POINT('Ctrl Pts',(-23.,-3.71985074814651,-4.44089209850063E-15));
#4288=CARTESIAN_POINT('Ctrl Pts',(-23.,-15.9130296040353,-4.44089209850063E-15));
#4289=CARTESIAN_POINT('Ctrl Pts',(-23.1346870059403,20.6664445752346,-4.44089209850063E-15));
#4290=CARTESIAN_POINT('Ctrl Pts',(-23.1346870059403,8.47152664218548,-4.44089180826886E-15));
#4291=CARTESIAN_POINT('Ctrl Pts',(-23.1346870059403,-3.7198507481465,-4.44089209850063E-15));
#4292=CARTESIAN_POINT('Ctrl Pts',(-23.1346870059403,-15.9130296040353,-4.44089209850063E-15));
#4293=CARTESIAN_POINT('Ctrl Pts',(-23.428333474155,20.6664445752346,-0.0552453216807108));
#4294=CARTESIAN_POINT('Ctrl Pts',(-23.428333474155,8.47152664218545,-0.0552453216807108));
#4295=CARTESIAN_POINT('Ctrl Pts',(-23.428333474155,-3.71985074814651,-0.0552453216807108));
#4296=CARTESIAN_POINT('Ctrl Pts',(-23.428333474155,-15.9130296040353,-0.0552453216807108));
#4297=CARTESIAN_POINT('Ctrl Pts',(-23.883729206131,20.6664445752346,-0.409814256621272));
#4298=CARTESIAN_POINT('Ctrl Pts',(-23.883729206131,8.47152664218549,-0.409814256621272));
#4299=CARTESIAN_POINT('Ctrl Pts',(-23.883729206131,-3.7198507481465,-0.409814256621272));
#4300=CARTESIAN_POINT('Ctrl Pts',(-23.883729206131,-15.9130296040353,-0.409814256621272));
#4301=CARTESIAN_POINT('Ctrl Pts',(-24.,20.6664445752346,-0.797969491089562));
#4302=CARTESIAN_POINT('Ctrl Pts',(-24.,8.47152664218546,-0.797969491089562));
#4303=CARTESIAN_POINT('Ctrl Pts',(-24.,-3.71985074814652,-0.797969491089562));
#4304=CARTESIAN_POINT('Ctrl Pts',(-24.,-15.9130296040353,-0.797969491089562));
#4305=CARTESIAN_POINT('Ctrl Pts',(-24.,20.6664445752346,-1.));
#4306=CARTESIAN_POINT('Ctrl Pts',(-24.,8.47152664218547,-1.));
#4307=CARTESIAN_POINT('Ctrl Pts',(-24.,-3.71985074814651,-1.));
#4308=CARTESIAN_POINT('Ctrl Pts',(-24.,-15.9130296040353,-1.));
#4309=CARTESIAN_POINT('',(-24.,-15.9130296040353,-1.));
#4310=CARTESIAN_POINT('Ctrl Pts',(-24.,18.666444575235,-1.));
#4311=CARTESIAN_POINT('Ctrl Pts',(-24.,7.13855445578892,-1.));
#4312=CARTESIAN_POINT('Ctrl Pts',(-24.,-4.38643263266654,-1.));
#4313=CARTESIAN_POINT('Ctrl Pts',(-24.,-15.9130296040353,-1.));
#4314=CARTESIAN_POINT('',(-23.,-15.9130296040353,-4.44089209850063E-15));
#4315=CARTESIAN_POINT('Ctrl Pts',(-23.,-15.9130296040353,-4.44089209850063E-15));
#4316=CARTESIAN_POINT('Ctrl Pts',(-23.1346870059403,-15.9130296040353,-4.44089209850063E-15));
#4317=CARTESIAN_POINT('Ctrl Pts',(-23.4283428688704,-15.9130296040353,-0.0552525973298001));
#4318=CARTESIAN_POINT('Ctrl Pts',(-23.883758438201,-15.9130296040353,-0.40983268942757));
#4319=CARTESIAN_POINT('Ctrl Pts',(-24.,-15.9130296040353,-0.797969491089562));
#4320=CARTESIAN_POINT('Ctrl Pts',(-24.,-15.9130296040353,-1.));
#4321=CARTESIAN_POINT('Ctrl Pts',(-23.,-15.9130296040353,-4.44089209850063E-15));
#4322=CARTESIAN_POINT('Ctrl Pts',(-23.,-3.71985074814651,-4.44089209850063E-15));
#4323=CARTESIAN_POINT('Ctrl Pts',(-23.,8.47152664218547,-4.44089209850063E-15));
#4324=CARTESIAN_POINT('Ctrl Pts',(-23.,20.6664445752346,-4.44089209850063E-15));
#4325=CARTESIAN_POINT('Origin',(-24.,23.1797257592693,0.));
#4326=CARTESIAN_POINT('',(-24.,-15.9130296040353,-15.));
#4327=CARTESIAN_POINT('Ctrl Pts',(-24.,-15.9130296040353,-15.));
#4328=CARTESIAN_POINT('Ctrl Pts',(-24.,-4.3864326326768,-15.));
#4329=CARTESIAN_POINT('Ctrl Pts',(-24.,7.13855445578659,-15.));
#4330=CARTESIAN_POINT('Ctrl Pts',(-24.,18.666444575235,-15.));
#4331=CARTESIAN_POINT('',(-24.,-15.9130296040353,0.));
#4332=CARTESIAN_POINT('Ctrl Pts',(-24.,20.6664445752346,-15.));
#4333=CARTESIAN_POINT('Ctrl Pts',(-24.,8.47152664218388,-15.));
#4334=CARTESIAN_POINT('Ctrl Pts',(-24.,-3.71985074815748,-15.));
#4335=CARTESIAN_POINT('Ctrl Pts',(-24.,-15.9130296040353,-15.));
#4336=CARTESIAN_POINT('Ctrl Pts',(-24.,20.6664445752346,-15.1346870059403));
#4337=CARTESIAN_POINT('Ctrl Pts',(-24.,8.47152664218387,-15.1346870059403));
#4338=CARTESIAN_POINT('Ctrl Pts',(-24.,-3.71985074815742,-15.1346870059403));
#4339=CARTESIAN_POINT('Ctrl Pts',(-24.,-15.9130296040353,-15.1346870059403));
#4340=CARTESIAN_POINT('Ctrl Pts',(-23.9447815203917,20.6664445752346,-15.4282983256966));
#4341=CARTESIAN_POINT('Ctrl Pts',(-23.9447815203917,8.47152664218389,-15.4282983256966));
#4342=CARTESIAN_POINT('Ctrl Pts',(-23.9447815203917,-3.71985074815755,-15.4282983256966));
#4343=CARTESIAN_POINT('Ctrl Pts',(-23.9447815203917,-15.9130296040353,-15.4282983256966));
#4344=CARTESIAN_POINT('Ctrl Pts',(-23.5902510607106,20.6664445752346,-15.8836258809984));
#4345=CARTESIAN_POINT('Ctrl Pts',(-23.5902510607106,8.47152664218388,-15.8836258809984));
#4346=CARTESIAN_POINT('Ctrl Pts',(-23.5902510607106,-3.7198507481574,-15.8836258809984));
#4347=CARTESIAN_POINT('Ctrl Pts',(-23.5902510607106,-15.9130296040353,-15.8836258809984));
#4348=CARTESIAN_POINT('Ctrl Pts',(-23.2020305089104,20.6664445752346,-16.));
#4349=CARTESIAN_POINT('Ctrl Pts',(-23.2020305089104,8.47152664218388,-16.));
#4350=CARTESIAN_POINT('Ctrl Pts',(-23.2020305089104,-3.71985074815754,-16.));
#4351=CARTESIAN_POINT('Ctrl Pts',(-23.2020305089104,-15.9130296040353,-16.));
#4352=CARTESIAN_POINT('Ctrl Pts',(-23.,20.6664445752346,-16.));
#4353=CARTESIAN_POINT('Ctrl Pts',(-23.,8.47152664218388,-16.));
#4354=CARTESIAN_POINT('Ctrl Pts',(-23.,-3.71985074815748,-16.));
#4355=CARTESIAN_POINT('Ctrl Pts',(-23.,-15.9130296040353,-16.));
#4356=CARTESIAN_POINT('',(-23.,20.6664445752346,-16.));
#4357=CARTESIAN_POINT('Ctrl Pts',(-23.4636411646228,20.6664445752346,-15.884888874001));
#4358=CARTESIAN_POINT('Ctrl Pts',(-23.3134204106288,20.6664445752346,-15.9623380549482));
#4359=CARTESIAN_POINT('Ctrl Pts',(-23.1483762880988,20.6664445752346,-16.));
#4360=CARTESIAN_POINT('Ctrl Pts',(-23.,20.6664445752346,-16.));
#4361=CARTESIAN_POINT('',(-23.,-15.9130296040353,-16.));
#4362=CARTESIAN_POINT('Ctrl Pts',(-23.,20.6664445752346,-16.));
#4363=CARTESIAN_POINT('Ctrl Pts',(-23.,8.47152664218388,-16.));
#4364=CARTESIAN_POINT('Ctrl Pts',(-23.,-3.71985074815748,-16.));
#4365=CARTESIAN_POINT('Ctrl Pts',(-23.,-15.9130296040353,-16.));
#4366=CARTESIAN_POINT('Ctrl Pts',(-24.,-15.9130296040353,-15.));
#4367=CARTESIAN_POINT('Ctrl Pts',(-24.,-15.9130296040353,-15.2020305089104));
#4368=CARTESIAN_POINT('Ctrl Pts',(-23.8836449732953,-15.9130296040353,-15.5902389727582));
#4369=CARTESIAN_POINT('Ctrl Pts',(-23.4283050419166,-15.9130296040353,-15.9447764321527));
#4370=CARTESIAN_POINT('Ctrl Pts',(-23.1346870059403,-15.9130296040353,-16.));
#4371=CARTESIAN_POINT('Ctrl Pts',(-23.,-15.9130296040353,-16.));
#4372=CARTESIAN_POINT('Origin',(20.,18.6664445752346,-16.));
#4373=CARTESIAN_POINT('',(23.4641016151384,20.6664445752344,-15.8857819657376));
#4374=CARTESIAN_POINT('',(24.,18.6664445752346,-14.9999999999996));
#4375=CARTESIAN_POINT('Ctrl Pts',(23.4634404753182,20.6664445752346,-15.8863343243282));
#4376=CARTESIAN_POINT('Ctrl Pts',(23.4910031677011,20.6186397418586,-15.8717751206611));
#4377=CARTESIAN_POINT('Ctrl Pts',(23.5178035231534,20.5699390482371,-15.8559468365885));
#4378=CARTESIAN_POINT('Ctrl Pts',(23.5437632080926,20.5203564829273,-15.8389970509885));
#4379=CARTESIAN_POINT('Ctrl Pts',(23.5714730775381,20.4674310943977,-15.8209045222384));
#4380=CARTESIAN_POINT('Ctrl Pts',(23.5982262100634,20.4135009153588,-15.8015339583127));
#4381=CARTESIAN_POINT('Ctrl Pts',(23.623928812288,20.3585829587168,-15.7810057163854));
#4382=CARTESIAN_POINT('Ctrl Pts',(23.6500084726134,20.3028593536722,-15.7601763244093));
#4383=CARTESIAN_POINT('Ctrl Pts',(23.675007831689,20.2461187769805,-15.7381543112999));
#4384=CARTESIAN_POINT('Ctrl Pts',(23.6988118075473,20.1883790013194,-15.715014558837));
#4385=CARTESIAN_POINT('Ctrl Pts',(23.7220111110083,20.1321059406631,-15.6924626060624));
#4386=CARTESIAN_POINT('Ctrl Pts',(23.7440760050894,20.0748837999095,-15.6688481031324));
#4387=CARTESIAN_POINT('Ctrl Pts',(23.7648671447874,20.0167290314298,-15.6442047433253));
#4388=CARTESIAN_POINT('Ctrl Pts',(23.771774960081,19.9974072239225,-15.6360170354731));
#4389=CARTESIAN_POINT('Ctrl Pts',(23.7785418278246,19.9779824648001,-15.6277155111802));
#4390=CARTESIAN_POINT('Ctrl Pts',(23.7851615115329,19.9584553574763,-15.6193007477689));
#4391=CARTESIAN_POINT('Ctrl Pts',(23.8059367836795,19.8971713163093,-15.5928917820805));
#4392=CARTESIAN_POINT('Ctrl Pts',(23.8252661036333,19.8348791854406,-15.5653683482759));
#4393=CARTESIAN_POINT('Ctrl Pts',(23.8431853664408,19.7715976175999,-15.5368187812945));
#4394=CARTESIAN_POINT('Ctrl Pts',(23.8498545952352,19.748045351029,-15.5261931436092));
#4395=CARTESIAN_POINT('Ctrl Pts',(23.8563279923356,19.7243560281301,-15.5154252538027));
#4396=CARTESIAN_POINT('Ctrl Pts',(23.8626055834653,19.7005306105321,-15.5045194757709));
#4397=CARTESIAN_POINT('Ctrl Pts',(23.8793568269038,19.636954413554,-15.4754182904716));
#4398=CARTESIAN_POINT('Ctrl Pts',(23.8945249052775,19.573130279365,-15.4456714188787));
#4399=CARTESIAN_POINT('Ctrl Pts',(23.9081832822043,19.5091170361315,-15.4153995286963));
#4400=CARTESIAN_POINT('Ctrl Pts',(23.9219962772172,19.4443791383357,-15.3847849490605));
#4401=CARTESIAN_POINT('Ctrl Pts',(23.9342652446042,19.3794478256876,-15.3536320395842));
#4402=CARTESIAN_POINT('Ctrl Pts',(23.9450141760411,19.3143839461999,-15.3220581954801));
#4403=CARTESIAN_POINT('Ctrl Pts',(23.9553199288603,19.2520026515201,-15.2917861414812));
#4404=CARTESIAN_POINT('Ctrl Pts',(23.9642280960948,19.1894994961092,-15.2611259739472));
#4405=CARTESIAN_POINT('Ctrl Pts',(23.9717148993095,19.1269281071033,-15.2301928136359));
#4406=CARTESIAN_POINT('Ctrl Pts',(23.9788893790356,19.0669669796392,-15.2005500775906));
#4407=CARTESIAN_POINT('Ctrl Pts',(23.9847583841894,19.0069431927691,-15.1706557234071));
#4408=CARTESIAN_POINT('Ctrl Pts',(23.9892626155211,18.9469039377751,-15.1406368060396));
#4409=CARTESIAN_POINT('Ctrl Pts',(23.9934650027528,18.8908881206468,-15.1126295600168));
#4410=CARTESIAN_POINT('Ctrl Pts',(23.9964791065431,18.83485883907,-15.0845133502721));
#4411=CARTESIAN_POINT('Ctrl Pts',(23.9982265162942,18.7788544181573,-15.0564240999234));
#4412=CARTESIAN_POINT('Ctrl Pts',(23.999305502922,18.7442729347766,-15.0390796130369));
#4413=CARTESIAN_POINT('Ctrl Pts',(23.9999009493847,18.7097009302317,-15.0217460726407));
#4414=CARTESIAN_POINT('Ctrl Pts',(23.9999886610998,18.6751474273766,-15.0044637888806));
#4415=CARTESIAN_POINT('Ctrl Pts',(23.9999962141388,18.6721719530837,-15.0029755753335));
#4416=CARTESIAN_POINT('Ctrl Pts',(24.,18.669196472839,-15.0014876370796));
#4417=CARTESIAN_POINT('Ctrl Pts',(24.,18.6662209921719,-14.9999999999996));
#4418=CARTESIAN_POINT('',(22.9747158724101,21.3405921924078,-16.));
#4419=CARTESIAN_POINT('Ctrl Pts',(22.9747158723991,21.3405921924198,-16.));
#4420=CARTESIAN_POINT('Ctrl Pts',(23.1619685068734,21.1322927775559,-15.9999999999997));
#4421=CARTESIAN_POINT('Ctrl Pts',(23.3280734210104,20.902052318725,-15.9570533474559));
#4422=CARTESIAN_POINT('Ctrl Pts',(23.4641016151378,20.6664445752346,-15.8857819657382));
#4423=CARTESIAN_POINT('',(20.,22.6664445752347,-16.));
#4424=CARTESIAN_POINT('Origin',(20.,18.6664445752346,-16.));
#4425=CARTESIAN_POINT('',(20.,22.6664445752347,-3.87982309729706));
#4426=CARTESIAN_POINT('',(20.,22.6664445752347,-16.));
#4427=CARTESIAN_POINT('',(20.,22.6664445752347,-4.44089209850063E-15));
#4428=CARTESIAN_POINT('',(20.,22.6664445752347,-2.09100248165711));
#4429=CARTESIAN_POINT('',(22.9747158724101,21.3405921924078,-4.44089209850063E-15));
#4430=CARTESIAN_POINT('Origin',(20.,18.6664445752346,-4.44089209850063E-15));
#4431=CARTESIAN_POINT('',(23.4641016151215,20.6664445752403,-0.114218034248173));
#4432=CARTESIAN_POINT('Ctrl Pts',(23.4641016151378,20.6664445752346,-0.114218034261804));
#4433=CARTESIAN_POINT('Ctrl Pts',(23.3280734210104,20.902052318725,-0.0429466525441253));
#4434=CARTESIAN_POINT('Ctrl Pts',(23.1619685068734,21.1322927775559,-2.84745076907416E-13));
#4435=CARTESIAN_POINT('Ctrl Pts',(22.9747158723991,21.3405921924198,-5.13651621236733E-14));
#4436=CARTESIAN_POINT('',(24.,18.6664445752346,-1.00000000000038));
#4437=CARTESIAN_POINT('Ctrl Pts',(24.,18.6662209921716,-1.00000000000038));
#4438=CARTESIAN_POINT('Ctrl Pts',(24.,18.6691964728364,-0.998512362921623));
#4439=CARTESIAN_POINT('Ctrl Pts',(23.9999966301831,18.6721719530878,-0.99702461959703));
#4440=CARTESIAN_POINT('Ctrl Pts',(23.9999898967222,18.6751474273784,-0.995536790739946));
#4441=CARTESIAN_POINT('Ctrl Pts',(23.999856866065,18.7339328435999,-0.9661422707102));
#4442=CARTESIAN_POINT('Ctrl Pts',(23.9984123441243,18.7927718107039,-0.936675965932725));
#4443=CARTESIAN_POINT('Ctrl Pts',(23.9956824359229,18.8516198985795,-0.907289367243787));
#4444=CARTESIAN_POINT('Ctrl Pts',(23.9927364004134,18.9151269998268,-0.875576226415873));
#4445=CARTESIAN_POINT('Ctrl Pts',(23.988294111537,18.9786447232083,-0.843955261388792));
#4446=CARTESIAN_POINT('Ctrl Pts',(23.9823594447435,19.0421172278937,-0.812562639807265));
#4447=CARTESIAN_POINT('Ctrl Pts',(23.9762496424572,19.1074628433655,-0.780243603577475));
#4448=CARTESIAN_POINT('Ctrl Pts',(23.9685586911862,19.1727605319051,-0.748165368840776));
#4449=CARTESIAN_POINT('Ctrl Pts',(23.9592511418805,19.2379493609651,-0.716436566048467));
#4450=CARTESIAN_POINT('Ctrl Pts',(23.9499405362875,19.3031595958508,-0.68469734458113));
#4451=CARTESIAN_POINT('Ctrl Pts',(23.9390127158399,19.3682608997542,-0.653306470956291));
#4452=CARTESIAN_POINT('Ctrl Pts',(23.9263853657051,19.4331922793577,-0.622352755392519));
#4453=CARTESIAN_POINT('Ctrl Pts',(23.9205905106379,19.4629901332302,-0.608147693081973));
#4454=CARTESIAN_POINT('Ctrl Pts',(23.9144370431737,19.4927522008418,-0.59403454154125));
#4455=CARTESIAN_POINT('Ctrl Pts',(23.9079133037481,19.5224725872833,-0.580021609759454));
#4456=CARTESIAN_POINT('Ctrl Pts',(23.8948449819905,19.5820083147921,-0.551950975826023));
#4457=CARTESIAN_POINT('Ctrl Pts',(23.8802935269416,19.6413767845539,-0.524281708700698));
#4458=CARTESIAN_POINT('Ctrl Pts',(23.864337602325,19.700530610533,-0.4971241862811));
#4459=CARTESIAN_POINT('Ctrl Pts',(23.8477465317194,19.7620391302205,-0.468885623943695));
#4460=CARTESIAN_POINT('Ctrl Pts',(23.829822692647,19.8226406009799,-0.441515696586261));
#4461=CARTESIAN_POINT('Ctrl Pts',(23.8107024571732,19.8823184768359,-0.415105577599252));
#4462=CARTESIAN_POINT('Ctrl Pts',(23.7911508004683,19.9433429000557,-0.388099551408988));
#4463=CARTESIAN_POINT('Ctrl Pts',(23.7703474840702,20.0034015789134,-0.362095869152013));
#4464=CARTESIAN_POINT('Ctrl Pts',(23.7483833124804,20.0624768218952,-0.337202047083403));
#4465=CARTESIAN_POINT('Ctrl Pts',(23.7268404766026,20.1204188325374,-0.312785759812794));
#4466=CARTESIAN_POINT('Ctrl Pts',(23.7041800141929,20.177414775648,-0.289436079273722));
#4467=CARTESIAN_POINT('Ctrl Pts',(23.6804473414914,20.2334479583865,-0.267281324119555));
#4468=CARTESIAN_POINT('Ctrl Pts',(23.660783663434,20.2798741860501,-0.248925027790313));
#4469=CARTESIAN_POINT('Ctrl Pts',(23.6403830272885,20.3256394853083,-0.231389195549892));
#4470=CARTESIAN_POINT('Ctrl Pts',(23.6192557748493,20.3707343613768,-0.21476922650127));
#4471=CARTESIAN_POINT('Ctrl Pts',(23.5927751025249,20.4272557969073,-0.193937934988847));
#4472=CARTESIAN_POINT('Ctrl Pts',(23.5651523661424,20.4827240078237,-0.174544403073245));
#4473=CARTESIAN_POINT('Ctrl Pts',(23.5364733106733,20.5371202983663,-0.156560322363359));
#4474=CARTESIAN_POINT('Ctrl Pts',(23.5133774338282,20.58092683267,-0.142077344927189));
#4475=CARTESIAN_POINT('Ctrl Pts',(23.4895958340097,20.6240381798042,-0.12850941974607));
#4476=CARTESIAN_POINT('Ctrl Pts',(23.465173145402,20.6664445752346,-0.115866336818005));
#4477=CARTESIAN_POINT('',(24.,18.6664445752346,-16.));
#4478=CARTESIAN_POINT('Origin',(24.,23.1797257592693,0.));
#4479=CARTESIAN_POINT('',(24.,-15.9130296040353,-1.));
#4480=CARTESIAN_POINT('Ctrl Pts',(24.,-15.9130296040353,-1.));
#4481=CARTESIAN_POINT('Ctrl Pts',(24.,-4.38643263580511,-1.));
#4482=CARTESIAN_POINT('Ctrl Pts',(24.,7.13855444953958,-1.));
#4483=CARTESIAN_POINT('Ctrl Pts',(24.,18.6664445658628,-1.));
#4484=CARTESIAN_POINT('',(24.,-15.9130296040353,-15.));
#4485=CARTESIAN_POINT('',(24.,-15.9130296040353,0.));
#4486=CARTESIAN_POINT('Ctrl Pts',(24.,18.6664445658628,-15.));
#4487=CARTESIAN_POINT('Ctrl Pts',(24.,7.13855444954197,-15.));
#4488=CARTESIAN_POINT('Ctrl Pts',(24.,-4.38643263579169,-15.));
#4489=CARTESIAN_POINT('Ctrl Pts',(24.,-15.9130296040353,-15.));
#4490=CARTESIAN_POINT('Ctrl Pts',(24.,20.6664445752346,-1.));
#4491=CARTESIAN_POINT('Ctrl Pts',(24.,8.47152664218391,-1.));
#4492=CARTESIAN_POINT('Ctrl Pts',(24.,-3.71985074816235,-1.));
#4493=CARTESIAN_POINT('Ctrl Pts',(24.,-15.9130296040353,-1.));
#4494=CARTESIAN_POINT('Ctrl Pts',(24.,20.6664445752346,-0.865312994059768));
#4495=CARTESIAN_POINT('Ctrl Pts',(24.,8.47152664218391,-0.865312994059768));
#4496=CARTESIAN_POINT('Ctrl Pts',(24.,-3.71985074816239,-0.86531299405971));
#4497=CARTESIAN_POINT('Ctrl Pts',(24.,-15.9130296040353,-0.86531299405971));
#4498=CARTESIAN_POINT('Ctrl Pts',(23.9447546783194,20.6664445752346,-0.571666525845212));
#4499=CARTESIAN_POINT('Ctrl Pts',(23.9447546783194,8.47152664218392,-0.571666525845212));
#4500=CARTESIAN_POINT('Ctrl Pts',(23.9447546783193,-3.71985074816232,-0.571666525844998));
#4501=CARTESIAN_POINT('Ctrl Pts',(23.9447546783193,-15.9130296040353,-0.571666525844998));
#4502=CARTESIAN_POINT('Ctrl Pts',(23.5901857433795,20.6664445752346,-0.116270793869437));
#4503=CARTESIAN_POINT('Ctrl Pts',(23.5901857433795,8.47152664218395,-0.116270793869437));
#4504=CARTESIAN_POINT('Ctrl Pts',(23.5901857433787,-3.71985074816239,-0.116270793869044));
#4505=CARTESIAN_POINT('Ctrl Pts',(23.5901857433787,-15.9130296040353,-0.116270793869044));
#4506=CARTESIAN_POINT('Ctrl Pts',(23.2020305089119,20.6664445752346,-1.79394051780483E-13));
#4507=CARTESIAN_POINT('Ctrl Pts',(23.2020305089119,8.47152664218396,-1.79394051780483E-13));
#4508=CARTESIAN_POINT('Ctrl Pts',(23.2020305089104,-3.71985074816233,-4.44089209850063E-15));
#4509=CARTESIAN_POINT('Ctrl Pts',(23.2020305089104,-15.9130296040353,-4.44089209850063E-15));
#4510=CARTESIAN_POINT('Ctrl Pts',(23.0000000000017,20.6664445752347,-4.44089209850063E-15));
#4511=CARTESIAN_POINT('Ctrl Pts',(23.0000000000017,8.47152664218397,-4.44089209850063E-15));
#4512=CARTESIAN_POINT('Ctrl Pts',(23.,-3.71985074816235,-4.44089209850063E-15));
#4513=CARTESIAN_POINT('Ctrl Pts',(23.,-15.9130296040353,-4.44089209850063E-15));
#4514=CARTESIAN_POINT('',(23.0000000000017,20.6664445752347,-4.44089209850063E-15));
#4515=CARTESIAN_POINT('Ctrl Pts',(23.0000000000017,20.6664445752347,-4.44089209850063E-15));
#4516=CARTESIAN_POINT('Ctrl Pts',(23.1488923126155,20.6664445752346,-1.33377757548481E-13));
#4517=CARTESIAN_POINT('Ctrl Pts',(23.3131016920172,20.6664445752346,-0.0351022801411141));
#4518=CARTESIAN_POINT('Ctrl Pts',(23.4641016151378,20.6664445752346,-0.114218034261849));
#4519=CARTESIAN_POINT('',(23.,-15.9130296040353,-4.44089209850063E-15));
#4520=CARTESIAN_POINT('Ctrl Pts',(23.0000000000017,20.6664445752347,-4.44089209850063E-15));
#4521=CARTESIAN_POINT('Ctrl Pts',(23.0000000000017,8.47152664218397,-4.44089209850063E-15));
#4522=CARTESIAN_POINT('Ctrl Pts',(23.,-3.71985074816235,-4.44089209850063E-15));
#4523=CARTESIAN_POINT('Ctrl Pts',(23.,-15.9130296040353,-4.44089209850063E-15));
#4524=CARTESIAN_POINT('Ctrl Pts',(23.,-15.9130296040353,-4.44089209850063E-15));
#4525=CARTESIAN_POINT('Ctrl Pts',(23.2020305089104,-15.9130296040353,-4.44089209850063E-15));
#4526=CARTESIAN_POINT('Ctrl Pts',(23.5901857433787,-15.9130296040353,-0.116270793869044));
#4527=CARTESIAN_POINT('Ctrl Pts',(23.9447546783193,-15.9130296040353,-0.571666525844998));
#4528=CARTESIAN_POINT('Ctrl Pts',(24.,-15.9130296040353,-0.86531299405971));
#4529=CARTESIAN_POINT('Ctrl Pts',(24.,-15.9130296040353,-1.));
#4530=CARTESIAN_POINT('Ctrl Pts',(23.4375136648172,21.3753558588615,-0.114218034262014));
#4531=CARTESIAN_POINT('Ctrl Pts',(23.4552315567376,21.1394831185443,-0.114218034262014));
#4532=CARTESIAN_POINT('Ctrl Pts',(23.4641016151378,20.9029885333661,-0.114218034261849));
#4533=CARTESIAN_POINT('Ctrl Pts',(23.4641016151378,20.6664445752346,-0.114218034261849));
#4534=CARTESIAN_POINT('Ctrl Pts',(23.286937952955,21.3640451657096,-0.035102280141252));
#4535=CARTESIAN_POINT('Ctrl Pts',(23.3043726715633,21.1319422229176,-0.0351022801412521));
#4536=CARTESIAN_POINT('Ctrl Pts',(23.3131016920172,20.8992080082118,-0.0351022801411143));
#4537=CARTESIAN_POINT('Ctrl Pts',(23.3131016920172,20.6664445752346,-0.0351022801411141));
#4538=CARTESIAN_POINT('Ctrl Pts',(23.1231898947649,21.3517450143937,-2.07805736611165E-13));
#4539=CARTESIAN_POINT('Ctrl Pts',(23.1403170632719,21.1237363896795,-2.07873180575057E-13));
#4540=CARTESIAN_POINT('Ctrl Pts',(23.1488923126155,20.8951020390241,-1.33493984137326E-13));
#4541=CARTESIAN_POINT('Ctrl Pts',(23.1488923126155,20.6664445752346,-1.33377757548481E-13));
#4542=CARTESIAN_POINT('Ctrl Pts',(22.9747158723991,21.3405921924197,-4.44089209850063E-15));
#4543=CARTESIAN_POINT('Ctrl Pts',(22.9915649124632,21.1162862044684,-4.44089209850063E-15));
#4544=CARTESIAN_POINT('Ctrl Pts',(23.0000000000017,20.8913888657501,-4.44089209850063E-15));
#4545=CARTESIAN_POINT('Ctrl Pts',(23.0000000000017,20.6664445752347,-4.44089209850063E-15));
#4546=CARTESIAN_POINT('Ctrl Pts',(22.9747158723991,21.3405921924197,-4.44089209850063E-15));
#4547=CARTESIAN_POINT('Ctrl Pts',(22.9915649097025,21.1162862412205,-4.44089209850063E-15));
#4548=CARTESIAN_POINT('Ctrl Pts',(22.9999999972376,20.891388939448,-4.44089209850063E-15));
#4549=CARTESIAN_POINT('Ctrl Pts',(23.0000000000017,20.6664446858045,-4.44089209850063E-15));
#4550=CARTESIAN_POINT('Origin',(12.,-1.91013712036537,-4.44089209850063E-15));
#4551=CARTESIAN_POINT('',(-22.8530527957353,-17.5327382802867,-4.44089209850063E-15));
#4552=CARTESIAN_POINT('Ctrl Pts',(-22.8530527960637,-17.5327382784918,-4.44089209850063E-15));
#4553=CARTESIAN_POINT('Ctrl Pts',(-22.9507506924415,-16.998738153446,-4.44089209850063E-15));
#4554=CARTESIAN_POINT('Ctrl Pts',(-22.9999999896328,-16.4558865499399,-4.44089209850063E-15));
#4555=CARTESIAN_POINT('Ctrl Pts',(-23.,-15.9130297754456,-4.44089209850063E-15));
#4556=CARTESIAN_POINT('',(-18.6987122821547,-40.2396591481426,-4.44089209850063E-15));
#4557=CARTESIAN_POINT('Ctrl Pts',(-18.6987122821546,-40.2396591481426,-4.44089209850063E-15));
#4558=CARTESIAN_POINT('Ctrl Pts',(-20.0840831560247,-32.6674568448494,-4.44089209850063E-15));
#4559=CARTESIAN_POINT('Ctrl Pts',(-21.4682526476426,-25.1018210932487,-4.44089209850063E-15));
#4560=CARTESIAN_POINT('Ctrl Pts',(-22.8530527957353,-17.5327382802867,-4.44089209850063E-15));
#4561=CARTESIAN_POINT('',(-1.46369583120531E-10,-55.8202721402754,-4.44089209850063E-15));
#4562=CARTESIAN_POINT('Ctrl Pts',(-1.46369583120531E-10,-55.8202721402754,
-4.44089209850063E-15));
#4563=CARTESIAN_POINT('Ctrl Pts',(-3.77874317784243,-55.822048973892,-4.44089209850063E-15));
#4564=CARTESIAN_POINT('Ctrl Pts',(-10.050428947861,-53.8923439246619,-4.44089209850062E-15));
#4565=CARTESIAN_POINT('Ctrl Pts',(-16.3445128916073,-47.4767399781374,-4.44089209850063E-15));
#4566=CARTESIAN_POINT('Ctrl Pts',(-18.2460090449823,-42.7140582855009,-4.44089209850063E-15));
#4567=CARTESIAN_POINT('Ctrl Pts',(-18.6987122821547,-40.2396591481426,-4.44089209850063E-15));
#4568=CARTESIAN_POINT('',(17.9582697970223,-43.0509523430602,-4.44089209850063E-15));
#4569=CARTESIAN_POINT('Ctrl Pts',(17.9569990747905,-43.0505110200614,-4.44089209850063E-15));
#4570=CARTESIAN_POINT('Ctrl Pts',(17.4496688275784,-44.5100145942769,-4.44089209850063E-15));
#4571=CARTESIAN_POINT('Ctrl Pts',(15.6509939580024,-48.1836487497532,-4.44089209850062E-15));
#4572=CARTESIAN_POINT('Ctrl Pts',(10.0504299187676,-53.8923428479754,-4.44089209850063E-15));
#4573=CARTESIAN_POINT('Ctrl Pts',(3.77874647723617,-55.82204807093,-4.44089209850063E-15));
#4574=CARTESIAN_POINT('Ctrl Pts',(4.42121072618661E-6,-55.8202721423109,
-4.44089209850063E-15));
#4575=CARTESIAN_POINT('',(11.542672074192,-43.0509523431539,-4.44089209850063E-15));
#4576=CARTESIAN_POINT('',(11.821336037096,-43.0509523431539,-4.44089209850063E-15));
#4577=CARTESIAN_POINT('',(11.542672074192,-32.9322257234058,-4.44089209850063E-15));
#4578=CARTESIAN_POINT('',(11.5426720741919,-17.5711814218856,-4.44089209850063E-15));
#4579=CARTESIAN_POINT('',(18.142672074192,-32.9322257234058,-4.44089209850063E-15));
#4580=CARTESIAN_POINT('',(15.071336037096,-32.9322257234058,-4.44089209850063E-15));
#4581=CARTESIAN_POINT('',(18.142672074192,-42.4919185065201,-4.44089209850064E-15));
#4582=CARTESIAN_POINT('',(18.142672074192,-17.5711814218856,-4.44089209850063E-15));
#4583=CARTESIAN_POINT('',(18.1861616478683,-42.3509523431538,-4.44089209850063E-15));
#4584=CARTESIAN_POINT('Ctrl Pts',(18.1852346208065,-42.3506701060921,-4.44089209850063E-15));
#4585=CARTESIAN_POINT('Ctrl Pts',(18.1708942680799,-42.3977040802171,-4.44089209850063E-15));
#4586=CARTESIAN_POINT('Ctrl Pts',(18.1563717265501,-42.4446825436073,-4.44089209850063E-15));
#4587=CARTESIAN_POINT('Ctrl Pts',(18.1416675511756,-42.4916041429617,-4.44089209850063E-15));
#4588=CARTESIAN_POINT('',(18.6987122821546,-40.2396591481426,-4.44089209850063E-15));
#4589=CARTESIAN_POINT('Ctrl Pts',(18.6987122821546,-40.2396591481426,-4.44089209850063E-15));
#4590=CARTESIAN_POINT('Ctrl Pts',(18.5682953614853,-40.9524959239888,-4.44089209850063E-15));
#4591=CARTESIAN_POINT('Ctrl Pts',(18.3965442825947,-41.6576095270081,-4.44089209850063E-15));
#4592=CARTESIAN_POINT('Ctrl Pts',(18.1852346208065,-42.3506701060921,-4.44089209850063E-15));
#4593=CARTESIAN_POINT('',(22.8530527957354,-17.5327382802868,-4.44089209850063E-15));
#4594=CARTESIAN_POINT('Ctrl Pts',(22.8530527953704,-17.5327382822811,-4.44089209850063E-15));
#4595=CARTESIAN_POINT('Ctrl Pts',(21.4682526604874,-25.1018210230411,-4.44089209850063E-15));
#4596=CARTESIAN_POINT('Ctrl Pts',(20.0840831820609,-32.6674567025398,-4.44089209850063E-15));
#4597=CARTESIAN_POINT('Ctrl Pts',(18.6987123214311,-40.2396589334641,-4.44089209850063E-15));
#4598=CARTESIAN_POINT('Ctrl Pts',(23.,-15.9130296040353,-4.44089209850063E-15));
#4599=CARTESIAN_POINT('Ctrl Pts',(23.,-16.4558864241104,-4.44089209850063E-15));
#4600=CARTESIAN_POINT('Ctrl Pts',(22.9507507048211,-16.9987380741291,-4.44089209850063E-15));
#4601=CARTESIAN_POINT('Ctrl Pts',(22.8530528023032,-17.5327382443883,-4.44089209850063E-15));
#4602=CARTESIAN_POINT('',(6.,22.6664445752347,-4.44089209850063E-15));
#4603=CARTESIAN_POINT('',(11.5,3.,-4.44089209850063E-15));
#4604=CARTESIAN_POINT('',(-11.5,3.,-4.44089209850063E-15));
#4605=CARTESIAN_POINT('Origin',(0.,3.,-4.44089209850063E-15));
#4606=CARTESIAN_POINT('',(11.5,-3.,-4.44089209850063E-15));
#4607=CARTESIAN_POINT('',(11.5,0.544931439817314,-4.44089209850063E-15));
#4608=CARTESIAN_POINT('',(-11.5,-3.,-4.44089209850063E-15));
#4609=CARTESIAN_POINT('Origin',(0.,-3.,-4.44089209850063E-15));
#4610=CARTESIAN_POINT('',(-11.5,-2.45506856018269,-4.44089209850063E-15));
#4611=CARTESIAN_POINT('',(18.75,18.5,0.));
#4612=CARTESIAN_POINT('',(18.75,12.5,0.));
#4613=CARTESIAN_POINT('',(18.75,8.29493143981733,-4.44089209850063E-15));
#4614=CARTESIAN_POINT('',(12.25,12.5,0.));
#4615=CARTESIAN_POINT('Origin',(15.5,12.5,-4.44089209850063E-15));
#4616=CARTESIAN_POINT('',(12.25,18.5,0.));
#4617=CARTESIAN_POINT('',(12.25,5.29493143981733,-4.44089209850063E-15));
#4618=CARTESIAN_POINT('Origin',(15.5,18.5,-4.44089209850063E-15));
#4619=CARTESIAN_POINT('',(-18.75,12.5,0.));
#4620=CARTESIAN_POINT('',(-18.75,18.5,0.));
#4621=CARTESIAN_POINT('',(-18.75,8.29493143981733,-4.44089209850063E-15));
#4622=CARTESIAN_POINT('',(-12.25,18.5,0.));
#4623=CARTESIAN_POINT('Origin',(-15.5,18.5,-4.44089209850063E-15));
#4624=CARTESIAN_POINT('',(-12.25,12.5,0.));
#4625=CARTESIAN_POINT('',(-12.25,5.29493143981733,-4.44089209850063E-15));
#4626=CARTESIAN_POINT('Origin',(-15.5,12.5,-4.44089209850063E-15));
#4627=CARTESIAN_POINT('',(18.75,-12.5,0.));
#4628=CARTESIAN_POINT('',(18.75,-18.5,0.));
#4629=CARTESIAN_POINT('',(18.75,-10.2050685601827,-4.44089209850063E-15));
#4630=CARTESIAN_POINT('',(12.25,-18.5,0.));
#4631=CARTESIAN_POINT('Origin',(15.5,-18.5,-4.44089209850063E-15));
#4632=CARTESIAN_POINT('',(12.25,-12.5,0.));
#4633=CARTESIAN_POINT('',(12.25,-7.2050685601827,-4.44089209850063E-15));
#4634=CARTESIAN_POINT('Origin',(15.5,-12.5,-4.44089209850063E-15));
#4635=CARTESIAN_POINT('',(-18.75,-18.5,0.));
#4636=CARTESIAN_POINT('',(-18.75,-12.5,0.));
#4637=CARTESIAN_POINT('',(-18.75,-10.2050685601827,-4.44089209850063E-15));
#4638=CARTESIAN_POINT('',(-12.25,-12.5,0.));
#4639=CARTESIAN_POINT('Origin',(-15.5,-12.5,-4.44089209850063E-15));
#4640=CARTESIAN_POINT('',(-12.25,-18.5,0.));
#4641=CARTESIAN_POINT('',(-12.25,-7.2050685601827,-4.44089209850063E-15));
#4642=CARTESIAN_POINT('Origin',(-15.5,-18.5,-4.44089209850063E-15));
#4643=CARTESIAN_POINT('',(2.50669696588365E-10,-48.3202707703418,-4.44089209850063E-15));
#4644=CARTESIAN_POINT('',(2.50669696588365E-10,-25.3202777111196,-4.44089209850063E-15));
#4645=CARTESIAN_POINT('Origin',(0.00893414395925759,-36.8202742407307,-4.44089209850063E-15));
#4646=CARTESIAN_POINT('Origin',(-0.00893414395925759,-36.8202742407307,
-4.44089209850063E-15));
#4647=CARTESIAN_POINT('Origin',(20.,27.6664445752347,-2.09100248165711));
#4648=CARTESIAN_POINT('',(15.,27.6664445752347,-3.87982309729706));
#4649=CARTESIAN_POINT('Origin',(20.,27.6664445752347,-3.87982309729706));
#4650=CARTESIAN_POINT('',(15.,27.6664445752347,-4.44089209850063E-15));
#4651=CARTESIAN_POINT('',(15.,27.6664445752347,-2.09100248165711));
#4652=CARTESIAN_POINT('Origin',(20.,27.6664445752347,-4.44089209850063E-15));
#4653=CARTESIAN_POINT('Ctrl Pts',(14.,22.6664445752347,-14.3405038710234));
#4654=CARTESIAN_POINT('Ctrl Pts',(15.3463968515385,22.6664445752347,-14.3405038710234));
#4655=CARTESIAN_POINT('Ctrl Pts',(17.5824275074,22.6664445752347,-12.9697996316038));
#4656=CARTESIAN_POINT('Ctrl Pts',(19.5895986745802,22.6664445752347,-8.56941074481457));
#4657=CARTESIAN_POINT('Ctrl Pts',(20.,22.6664445752347,-5.44473728159643));
#4658=CARTESIAN_POINT('Ctrl Pts',(20.,22.6664445752347,-3.87982309729706));
#4659=CARTESIAN_POINT('Ctrl Pts',(14.,22.6664445752347,-14.0496156623577));
#4660=CARTESIAN_POINT('Ctrl Pts',(15.2325911452936,22.6664445752347,-14.0496156623577));
#4661=CARTESIAN_POINT('Ctrl Pts',(17.2788622328692,22.6667208325224,-12.7038557083328));
#4662=CARTESIAN_POINT('Ctrl Pts',(19.0322079226268,22.6665546441069,-8.40618021332702));
#4663=CARTESIAN_POINT('Ctrl Pts',(19.3104757207086,22.6666487769926,-5.38052116372636));
#4664=CARTESIAN_POINT('Ctrl Pts',(19.2520017491453,22.6664445752347,-3.87982309729706));
#4665=CARTESIAN_POINT('Ctrl Pts',(14.,22.7173999987249,-13.467872842474));
#4666=CARTESIAN_POINT('Ctrl Pts',(15.0049906415407,22.7173999987249,-13.467872842474));
#4667=CARTESIAN_POINT('Ctrl Pts',(16.6719632302725,22.747808532349,-12.1720353155967));
#4668=CARTESIAN_POINT('Ctrl Pts',(17.9182280188578,22.8596483029005,-8.07996340789502));
#4669=CARTESIAN_POINT('Ctrl Pts',(17.9336877151479,22.9545984600436,-5.25229050146267));
#4670=CARTESIAN_POINT('Ctrl Pts',(17.7590487326271,23.008711281692,-3.87982309729706));
#4671=CARTESIAN_POINT('Ctrl Pts',(14.,22.9818234945286,-12.4806563834144));
#4672=CARTESIAN_POINT('Ctrl Pts',(14.6187714723053,22.9818234945286,-12.4806563834144));
#4673=CARTESIAN_POINT('Ctrl Pts',(15.6414452949888,23.1686489296518,-11.2911392823484));
#4674=CARTESIAN_POINT('Ctrl Pts',(16.1706948651849,23.8367488671389,-7.58269796787093));
#4675=CARTESIAN_POINT('Ctrl Pts',(15.9153954229776,24.3798293880742,-5.07198701254534));
#4676=CARTESIAN_POINT('Ctrl Pts',(15.655914781399,24.6813451596785,-3.87982309729706));
#4677=CARTESIAN_POINT('Ctrl Pts',(14.,23.3204144206352,-11.8300441954502));
#4678=CARTESIAN_POINT('Ctrl Pts',(14.3642069547293,23.3204144206352,-11.8300441954502));
#4679=CARTESIAN_POINT('Ctrl Pts',(14.9672059097278,23.7088336760717,-10.7498630799949));
#4680=CARTESIAN_POINT('Ctrl Pts',(15.2759354044283,25.0217537176981,-7.35331651749519));
#4681=CARTESIAN_POINT('Ctrl Pts',(15.1395114956167,26.0191471585718,-5.01519629122388));
#4682=CARTESIAN_POINT('Ctrl Pts',(15.,26.5444471989526,-3.87982309729706));
#4683=CARTESIAN_POINT('Ctrl Pts',(14.,23.5706843537897,-11.4726216892681));
#4684=CARTESIAN_POINT('Ctrl Pts',(14.2243994752564,23.5706843537897,-11.4726216892681));
#4685=CARTESIAN_POINT('Ctrl Pts',(14.5970712512333,24.1073679617325,-10.4777073577636));
#4686=CARTESIAN_POINT('Ctrl Pts',(14.9315997790967,25.8302900306926,-7.28372149140814));
#4687=CARTESIAN_POINT('Ctrl Pts',(15.,27.0537202789224,-5.01570311047436));
#4688=CARTESIAN_POINT('Ctrl Pts',(15.,27.6664445752347,-3.87982309729706));
#4689=CARTESIAN_POINT('',(14.,23.5706843537898,-11.4726216892681));
#4690=CARTESIAN_POINT('',(17.1675270741605,22.6664445752347,-12.7640099266284));
#4691=CARTESIAN_POINT('Ctrl Pts',(17.1675270741605,22.6664445752347,-12.7640099266284));
#4692=CARTESIAN_POINT('Ctrl Pts',(16.7680562129007,22.6664445752347,-12.7640099266284));
#4693=CARTESIAN_POINT('Ctrl Pts',(16.3677099437935,22.6923016346591,-12.7270822187512));
#4694=CARTESIAN_POINT('Ctrl Pts',(15.6698738781643,22.7943209351764,-12.5813835580682));
#4695=CARTESIAN_POINT('Ctrl Pts',(15.3659257852146,22.8600864121411,-12.4874607232287));
#4696=CARTESIAN_POINT('Ctrl Pts',(14.8508837065788,23.0218283659495,-12.2564692742907));
#4697=CARTESIAN_POINT('Ctrl Pts',(14.6304315191217,23.1116347975908,-12.1282123979495));
#4698=CARTESIAN_POINT('Ctrl Pts',(14.2711251672013,23.3129615861983,-11.8406879460959));
#4699=CARTESIAN_POINT('Ctrl Pts',(14.1132267330615,23.4277498127438,-11.6767533691574));
#4700=CARTESIAN_POINT('Ctrl Pts',(14.0028358762915,23.567061907262,-11.4777950790562));
#4701=CARTESIAN_POINT('Ctrl Pts',(14.0014131847571,23.568871865339,-11.4752101910363));
#4702=CARTESIAN_POINT('Ctrl Pts',(14.,23.5706843537897,-11.4726216892681));
#4703=CARTESIAN_POINT('Origin',(14.,27.6664445752347,-3.87982309729706));
#4704=CARTESIAN_POINT('Origin',(14.,22.6664445752347,-3.87982309729706));
#4705=CARTESIAN_POINT('Origin',(20.,27.6664445752347,-2.09100248165711));
#4706=CARTESIAN_POINT('',(15.1513187975044,26.4456699864732,5.3972932380895));
#4707=CARTESIAN_POINT('Origin',(20.,27.6664445752347,7.14074003371059));
#4708=CARTESIAN_POINT('',(15.,27.6664445752347,5.3972932380895));
#4709=CARTESIAN_POINT('',(15.,27.6664445752347,-2.09100248165711));
#4710=CARTESIAN_POINT('Origin',(20.,27.6664445752347,5.3972932380895));
#4711=CARTESIAN_POINT('Ctrl Pts',(15.1704502526214,26.3720531206913,5.3972932380895));
#4712=CARTESIAN_POINT('Ctrl Pts',(15.0676561157625,26.7555919612454,6.29203564655575));
#4713=CARTESIAN_POINT('Ctrl Pts',(14.7244216112018,27.6792547722338,8.33342866721191));
#4714=CARTESIAN_POINT('Ctrl Pts',(14.2285751543468,28.5639766512752,9.89412921335404));
#4715=CARTESIAN_POINT('Ctrl Pts',(13.9999999999994,29.,10.5024719405814));
#4716=CARTESIAN_POINT('Ctrl Pts',(15.0574668247802,26.7936095852931,5.3972932380895));
#4717=CARTESIAN_POINT('Ctrl Pts',(14.9812780442392,27.21170084707,6.28449147214624));
#4718=CARTESIAN_POINT('Ctrl Pts',(14.7187524799892,28.2105081835964,8.32032386537103));
#4719=CARTESIAN_POINT('Ctrl Pts',(14.3275886086337,29.1411969762917,9.92793062701617));
#4720=CARTESIAN_POINT('Ctrl Pts',(14.1398828940959,29.5915315810557,10.5874997165068));
#4721=CARTESIAN_POINT('Ctrl Pts',(15.,27.2300100351094,5.3972932380895));
#4722=CARTESIAN_POINT('Ctrl Pts',(14.9583891383091,27.6800477232948,6.28065659777457));
#4723=CARTESIAN_POINT('Ctrl Pts',(14.7955896064255,28.7442200448738,8.3232207893799));
#4724=CARTESIAN_POINT('Ctrl Pts',(14.5215686348235,29.700836850789,10.0016465312361));
#4725=CARTESIAN_POINT('Ctrl Pts',(14.373833604452,30.1524054338489,10.7297065868052));
#4726=CARTESIAN_POINT('Ctrl Pts',(15.,27.6664445752347,5.3972932380895));
#4727=CARTESIAN_POINT('Ctrl Pts',(15.,28.1429570864826,6.2806612403267));
#4728=CARTESIAN_POINT('Ctrl Pts',(14.952221205646,29.2550156013443,8.34221657299039));
#4729=CARTESIAN_POINT('Ctrl Pts',(14.7991285619404,30.2093046374317,10.1112958300231));
#4730=CARTESIAN_POINT('Ctrl Pts',(14.6863048246438,30.6453484180619,10.9196421258517));
#4731=CARTESIAN_POINT('',(14.7056651834306,28.638304088578,8.52869926052523));
#4732=CARTESIAN_POINT('Ctrl Pts',(14.7056651834306,28.638304088578,8.52869926052523));
#4733=CARTESIAN_POINT('Ctrl Pts',(14.827524690639,27.9360699286267,7.52580494472464));
#4734=CARTESIAN_POINT('Ctrl Pts',(14.9744767935744,27.1480523166436,6.40039916289322));
#4735=CARTESIAN_POINT('Ctrl Pts',(15.1513187975044,26.4456699864732,5.3972932380895));
#4736=CARTESIAN_POINT('',(14.931241129287,29.1589542065949,8.16413612312001));
#4737=CARTESIAN_POINT('Origin',(14.,27.6664445752347,5.3972932380895));
#4738=CARTESIAN_POINT('',(14.4455099313648,29.1047230031687,9.67585213322731));
#4739=CARTESIAN_POINT('Ctrl Pts',(14.4446146555575,29.104742568939,9.67484297464003));
#4740=CARTESIAN_POINT('Ctrl Pts',(14.470975565077,29.1178072560068,9.62119121661406));
#4741=CARTESIAN_POINT('Ctrl Pts',(14.4970539885134,29.1301895178397,9.56603942020481));
#4742=CARTESIAN_POINT('Ctrl Pts',(14.522654495894,29.1415518325828,9.5094222922021));
#4743=CARTESIAN_POINT('Ctrl Pts',(14.5528568036686,29.1549565718641,9.44262799395492));
#4744=CARTESIAN_POINT('Ctrl Pts',(14.5818448657276,29.1667359070383,9.37503910072021));
#4745=CARTESIAN_POINT('Ctrl Pts',(14.6095288737681,29.1767395339506,9.30674860183238));
#4746=CARTESIAN_POINT('Ctrl Pts',(14.6386552107958,29.1872643469951,9.23490018727155));
#4747=CARTESIAN_POINT('Ctrl Pts',(14.6663380696764,29.1958237183949,9.16227493473828));
#4748=CARTESIAN_POINT('Ctrl Pts',(14.6924967252844,29.2022314805152,9.08892774621155));
#4749=CARTESIAN_POINT('Ctrl Pts',(14.7155385865237,29.207875760093,9.02431984870928));
#4750=CARTESIAN_POINT('Ctrl Pts',(14.737398192109,29.211850457992,8.9591507446666));
#4751=CARTESIAN_POINT('Ctrl Pts',(14.7580348274495,29.2140207687291,8.89342889112167));
#4752=CARTESIAN_POINT('Ctrl Pts',(14.7823963586643,29.216582818787,8.81584429653014));
#4753=CARTESIAN_POINT('Ctrl Pts',(14.8049751638021,29.2166383924361,8.73774903584714));
#4754=CARTESIAN_POINT('Ctrl Pts',(14.8256904564082,29.2139611518618,8.65936265120438));
#4755=CARTESIAN_POINT('Ctrl Pts',(14.8469874504157,29.2112087323062,8.57877511639317));
#4756=CARTESIAN_POINT('Ctrl Pts',(14.8663143144585,29.2055680732527,8.49787992717259));
#4757=CARTESIAN_POINT('Ctrl Pts',(14.8836385520123,29.1967926021102,8.41689741844523));
#4758=CARTESIAN_POINT('Ctrl Pts',(14.9000222593136,29.1884935499768,8.34031143794248));
#4759=CARTESIAN_POINT('Ctrl Pts',(14.9146151141228,29.1773909061344,8.26364723268387));
#4760=CARTESIAN_POINT('Ctrl Pts',(14.9274390016737,29.1632734898682,8.18707606011616));
#4761=CARTESIAN_POINT('Ctrl Pts',(14.9281751753598,29.1624630593081,8.18268038196234));
#4762=CARTESIAN_POINT('Ctrl Pts',(14.9289055331315,29.1616426926612,8.17828500631959));
#4763=CARTESIAN_POINT('Ctrl Pts',(14.9296300841846,29.160812349636,8.17388996408915));
#4764=CARTESIAN_POINT('Ctrl Pts',(14.9301663642636,29.1601977671007,8.17063695164169));
#4765=CARTESIAN_POINT('Ctrl Pts',(14.9306993962123,29.1595777233883,8.16738442509371));
#4766=CARTESIAN_POINT('Ctrl Pts',(14.9312291825508,29.1589522016371,8.16413240629084));
#4767=CARTESIAN_POINT('',(14.,29.,10.5024719405804));
#4768=CARTESIAN_POINT('Ctrl Pts',(14.,29.,10.5024719405804));
#4769=CARTESIAN_POINT('Ctrl Pts',(14.0121168617331,29.,10.4825379640869));
#4770=CARTESIAN_POINT('Ctrl Pts',(14.0240993302192,29.0002202470272,10.46260288173));
#4771=CARTESIAN_POINT('Ctrl Pts',(14.1888035011941,29.0061431895094,10.1856945107289));
#4772=CARTESIAN_POINT('Ctrl Pts',(14.3272108169997,29.0458547082076,9.91656846802769));
#4773=CARTESIAN_POINT('Ctrl Pts',(14.4455099313648,29.1047230031687,9.67585213322731));
#4774=CARTESIAN_POINT('',(14.4128217811703,29.,9.6758520993717));
#4775=CARTESIAN_POINT('Ctrl Pts',(13.9999999999994,29.,10.5024719405814));
#4776=CARTESIAN_POINT('Ctrl Pts',(14.1193643298241,29.,10.3061004875351));
#4777=CARTESIAN_POINT('Ctrl Pts',(14.2440720004568,29.0000000001563,10.0680021924293));
#4778=CARTESIAN_POINT('Ctrl Pts',(14.3822298131046,29.0000000001563,9.74893513031855));
#4779=CARTESIAN_POINT('Ctrl Pts',(14.3976552723775,29.,9.71249140166491));
#4780=CARTESIAN_POINT('Ctrl Pts',(14.4128217811703,29.,9.6758520993717));
#4781=CARTESIAN_POINT('Ctrl Pts',(14.4128217811703,29.,9.6758520993717));
#4782=CARTESIAN_POINT('Ctrl Pts',(14.4285025146104,28.9999999993588,9.63797053100445));
#4783=CARTESIAN_POINT('Ctrl Pts',(14.4436181332327,28.9989240554282,9.59979659373636));
#4784=CARTESIAN_POINT('Ctrl Pts',(14.545522060448,28.9834768640098,9.33038824988291));
#4785=CARTESIAN_POINT('Ctrl Pts',(14.6082405993238,28.9302582757323,9.09868687602579));
#4786=CARTESIAN_POINT('Ctrl Pts',(14.6750281210906,28.7799616524176,8.75422526485629));
#4787=CARTESIAN_POINT('Ctrl Pts',(14.6924025576799,28.7147320100927,8.63784964429616));
#4788=CARTESIAN_POINT('Ctrl Pts',(14.7056651834303,28.6383040885795,8.52869926052742));
#4789=CARTESIAN_POINT('Origin',(2.20094451521258E-32,22.6664445752347,-8.00000000000001));
#4790=CARTESIAN_POINT('',(19.0909147376461,22.6664445752347,-16.));
#4791=CARTESIAN_POINT('',(6.,22.6664445752347,-16.));
#4792=CARTESIAN_POINT('',(19.0909147376461,22.6664445752347,-12.7640099266284));
#4793=CARTESIAN_POINT('',(19.0909147376461,22.6664445752347,-12.));
#4794=CARTESIAN_POINT('',(5.375,22.6664445752347,-12.7640099266284));
#4795=CARTESIAN_POINT('Origin',(14.,30.,12.1089975183429));
#4796=CARTESIAN_POINT('',(15.,30.,9.6758521332273));
#4797=CARTESIAN_POINT('Origin',(14.,30.,9.6758521332273));
#4798=CARTESIAN_POINT('',(15.,30.,12.1089975183429));
#4799=CARTESIAN_POINT('',(14.,29.0000000000001,20.4));
#4800=CARTESIAN_POINT('Origin',(14.,30.0000000000001,20.4));
#4801=CARTESIAN_POINT('',(14.,29.,12.1089975183429));
#4802=CARTESIAN_POINT('Origin',(-20.,27.6664445752347,-2.09100248165711));
#4803=CARTESIAN_POINT('',(-15.,27.6664445752347,-3.87982309729706));
#4804=CARTESIAN_POINT('Origin',(-20.,27.6664445752347,-3.87982309729706));
#4805=CARTESIAN_POINT('',(-15.,27.6664445752347,-4.44089209850063E-15));
#4806=CARTESIAN_POINT('Origin',(-20.,27.6664445752347,-4.44089209850063E-15));
#4807=CARTESIAN_POINT('',(-15.,27.6664445752347,-2.09100248165711));
#4808=CARTESIAN_POINT('Ctrl Pts',(-14.,23.5706843537897,-11.4726216892681));
#4809=CARTESIAN_POINT('Ctrl Pts',(-14.2243994752564,23.5706843537897,-11.4726216892681));
#4810=CARTESIAN_POINT('Ctrl Pts',(-14.5970712512333,24.1073679617325,-10.4777073577636));
#4811=CARTESIAN_POINT('Ctrl Pts',(-14.9315997790967,25.8302900306926,-7.28372149140814));
#4812=CARTESIAN_POINT('Ctrl Pts',(-15.,27.0537202789224,-5.01570311047436));
#4813=CARTESIAN_POINT('Ctrl Pts',(-15.,27.6664445752347,-3.87982309729706));
#4814=CARTESIAN_POINT('Ctrl Pts',(-14.,23.4038377316867,-11.7109033600562));
#4815=CARTESIAN_POINT('Ctrl Pts',(-14.3176179003986,23.4038377316867,-11.7109033600562));
#4816=CARTESIAN_POINT('Ctrl Pts',(-14.8427372816578,23.8414455994415,-10.6591375241006));
#4817=CARTESIAN_POINT('Ctrl Pts',(-15.1604554813779,25.2913519087085,-7.33029240293039));
#4818=CARTESIAN_POINT('Ctrl Pts',(-15.0919143224948,26.3640968798318,-5.0156337060437));
#4819=CARTESIAN_POINT('Ctrl Pts',(-15.,26.9184463243799,-3.87982309729706));
#4820=CARTESIAN_POINT('Ctrl Pts',(-14.,23.1119039975047,-12.2166660104326));
#4821=CARTESIAN_POINT('Ctrl Pts',(-14.5154880585828,23.1119039975047,-12.2166660104326));
#4822=CARTESIAN_POINT('Ctrl Pts',(-15.367016509639,23.3764908438294,-11.0686125237158));
#4823=CARTESIAN_POINT('Ctrl Pts',(-15.7892501826407,24.2992456295553,-7.48284807591246));
#4824=CARTESIAN_POINT('Ctrl Pts',(-15.5629963702609,25.0292575372311,-5.04500647606621));
#4825=CARTESIAN_POINT('Ctrl Pts',(-15.3422667064574,25.4254933078618,-3.87982309729706));
#4826=CARTESIAN_POINT('Ctrl Pts',(-14.,22.7622629461558,-13.1770134774376));
#4827=CARTESIAN_POINT('Ctrl Pts',(-14.8912048902078,22.7622629461558,-13.1770134774376));
#4828=CARTESIAN_POINT('Ctrl Pts',(-16.3676949951678,22.8188954320063,-11.9061433965863));
#4829=CARTESIAN_POINT('Ctrl Pts',(-17.3609985479846,23.0322847648282,-7.91712147822373));
#4830=CARTESIAN_POINT('Ctrl Pts',(-17.2457273665974,23.2160010329459,-5.18857408034606));
#4831=CARTESIAN_POINT('Ctrl Pts',(-17.0149005844438,23.3223593566337,-3.87982309729706));
#4832=CARTESIAN_POINT('Ctrl Pts',(-14.,22.6664445752347,-13.9041715580248));
#4833=CARTESIAN_POINT('Ctrl Pts',(-15.1756858451103,22.6664445752347,-13.9041715580248));
#4834=CARTESIAN_POINT('Ctrl Pts',(-17.127416225673,22.6684551534834,-12.5708868822126));
#4835=CARTESIAN_POINT('Ctrl Pts',(-18.7537775164222,22.6674894817953,-8.32452590840777));
#4836=CARTESIAN_POINT('Ctrl Pts',(-18.9661506925517,22.6682691129857,-5.34832783578574));
#4837=CARTESIAN_POINT('Ctrl Pts',(-18.8780026237179,22.6664445752347,-3.87982309729706));
#4838=CARTESIAN_POINT('Ctrl Pts',(-14.,22.6664445752347,-14.3405038710234));
#4839=CARTESIAN_POINT('Ctrl Pts',(-15.3463968515385,22.6664445752347,-14.3405038710234));
#4840=CARTESIAN_POINT('Ctrl Pts',(-17.5824275074,22.6664445752347,-12.9697996316038));
#4841=CARTESIAN_POINT('Ctrl Pts',(-19.5895986745802,22.6664445752347,-8.56941074481457));
#4842=CARTESIAN_POINT('Ctrl Pts',(-20.,22.6664445752347,-5.44473728159643));
#4843=CARTESIAN_POINT('Ctrl Pts',(-20.,22.6664445752347,-3.87982309729706));
#4844=CARTESIAN_POINT('',(-14.,23.5706843537898,-11.4726216892681));
#4845=CARTESIAN_POINT('',(-17.1675270741605,22.6664445752347,-12.7640099266284));
#4846=CARTESIAN_POINT('Ctrl Pts',(-14.,23.5706843537897,-11.4726216892681));
#4847=CARTESIAN_POINT('Ctrl Pts',(-14.001413184775,23.568871865316,-11.4752101910691));
#4848=CARTESIAN_POINT('Ctrl Pts',(-14.0028358762731,23.5670619072848,-11.4777950790236));
#4849=CARTESIAN_POINT('Ctrl Pts',(-14.1132267279873,23.4277498191564,-11.6767533599993));
#4850=CARTESIAN_POINT('Ctrl Pts',(-14.2711251556048,23.312961592696,-11.8406879368161));
#4851=CARTESIAN_POINT('Ctrl Pts',(-14.6304315191217,23.1116347975908,-12.1282123979495));
#4852=CARTESIAN_POINT('Ctrl Pts',(-14.8508837065789,23.0218283659494,-12.2564692742907));
#4853=CARTESIAN_POINT('Ctrl Pts',(-15.3659257852146,22.8600864121411,-12.4874607232287));
#4854=CARTESIAN_POINT('Ctrl Pts',(-15.6698738781644,22.7943209351764,-12.5813835580682));
#4855=CARTESIAN_POINT('Ctrl Pts',(-16.3677099437935,22.6923016346591,-12.7270822187512));
#4856=CARTESIAN_POINT('Ctrl Pts',(-16.7680562129007,22.6664445752347,-12.7640099266284));
#4857=CARTESIAN_POINT('Ctrl Pts',(-17.1675270741605,22.6664445752347,-12.7640099266284));
#4858=CARTESIAN_POINT('Origin',(-14.,22.6664445752347,-3.87982309729706));
#4859=CARTESIAN_POINT('Origin',(-14.,27.6664445752347,-3.87982309729706));
#4860=CARTESIAN_POINT('Origin',(-20.,27.6664445752347,-2.09100248165711));
#4861=CARTESIAN_POINT('',(-15.1513187975044,26.4456699864732,5.3972932380895));
#4862=CARTESIAN_POINT('Origin',(-20.,27.6664445752347,7.14074003371059));
#4863=CARTESIAN_POINT('',(-15.,27.6664445752347,5.3972932380895));
#4864=CARTESIAN_POINT('Origin',(-20.,27.6664445752347,5.3972932380895));
#4865=CARTESIAN_POINT('',(-15.,27.6664445752347,-2.09100248165711));
#4866=CARTESIAN_POINT('Ctrl Pts',(-15.,27.6664445752347,5.3972932380895));
#4867=CARTESIAN_POINT('Ctrl Pts',(-15.,28.1429570864826,6.28066124032663));
#4868=CARTESIAN_POINT('Ctrl Pts',(-14.9522212056461,29.2550156013442,8.34221657299017));
#4869=CARTESIAN_POINT('Ctrl Pts',(-14.7991285619404,30.2093046374316,10.1112958300228));
#4870=CARTESIAN_POINT('Ctrl Pts',(-14.6863048246439,30.6453484180618,10.9196421258513));
#4871=CARTESIAN_POINT('Ctrl Pts',(-15.,27.2300100351095,5.3972932380895));
#4872=CARTESIAN_POINT('Ctrl Pts',(-14.9583891383091,27.6800477232948,6.2806565977745));
#4873=CARTESIAN_POINT('Ctrl Pts',(-14.7955896064255,28.7442200448738,8.32322078937967));
#4874=CARTESIAN_POINT('Ctrl Pts',(-14.5215686348236,29.7008368507889,10.0016465312358));
#4875=CARTESIAN_POINT('Ctrl Pts',(-14.3738336044521,30.1524054338488,10.7297065868049));
#4876=CARTESIAN_POINT('Ctrl Pts',(-15.0574668247802,26.7936095852931,5.3972932380895));
#4877=CARTESIAN_POINT('Ctrl Pts',(-14.9812780442392,27.21170084707,6.28449147214616));
#4878=CARTESIAN_POINT('Ctrl Pts',(-14.7187524799892,28.2105081835964,8.32032386537081));
#4879=CARTESIAN_POINT('Ctrl Pts',(-14.3275886086338,29.1411969762916,9.92793062701589));
#4880=CARTESIAN_POINT('Ctrl Pts',(-14.139882894096,29.5915315810556,10.5874997165065));
#4881=CARTESIAN_POINT('Ctrl Pts',(-15.1704502526213,26.3720531206914,5.3972932380895));
#4882=CARTESIAN_POINT('Ctrl Pts',(-15.0676561157625,26.7555919612455,6.29203564655568));
#4883=CARTESIAN_POINT('Ctrl Pts',(-14.7244216112018,27.6792547722338,8.33342866721168));
#4884=CARTESIAN_POINT('Ctrl Pts',(-14.2285751543469,28.5639766512752,9.89412921335377));
#4885=CARTESIAN_POINT('Ctrl Pts',(-13.9999999999995,29.,10.5024719405812));
#4886=CARTESIAN_POINT('',(-14.7056651867025,28.6383040697233,8.52869923359792));
#4887=CARTESIAN_POINT('Ctrl Pts',(-15.1513187975044,26.4456699864732,5.3972932380895));
#4888=CARTESIAN_POINT('Ctrl Pts',(-14.9733608047569,27.1524848089737,6.40672941797937));
#4889=CARTESIAN_POINT('Ctrl Pts',(-14.8268344491135,27.9400475526274,7.53148558051276));
#4890=CARTESIAN_POINT('Ctrl Pts',(-14.7056651867018,28.6383040697273,8.52869923360367));
#4891=CARTESIAN_POINT('',(-14.4128217746388,29.,9.67585211515044));
#4892=CARTESIAN_POINT('Ctrl Pts',(-14.7056651867025,28.6383040697233,8.52869923359792));
#4893=CARTESIAN_POINT('Ctrl Pts',(-14.690048615032,28.7282969735232,8.65722241528467));
#4894=CARTESIAN_POINT('Ctrl Pts',(-14.668755268861,28.8025207443867,8.79540739462496));
#4895=CARTESIAN_POINT('Ctrl Pts',(-14.5968760487071,28.9385139921783,9.13924082901267));
#4896=CARTESIAN_POINT('Ctrl Pts',(-14.5394764725372,28.982877885893,9.34414973803919));
#4897=CARTESIAN_POINT('Ctrl Pts',(-14.4470493350357,28.9986650319594,9.59110804495536));
#4898=CARTESIAN_POINT('Ctrl Pts',(-14.430288769042,28.9999999996186,9.63365529207786));
#4899=CARTESIAN_POINT('Ctrl Pts',(-14.4128217746388,29.,9.67585211515044));
#4900=CARTESIAN_POINT('',(-14.,29.,10.5024719405804));
#4901=CARTESIAN_POINT('Ctrl Pts',(-14.4118095255782,29.0000653617141,9.67478958118372));
#4902=CARTESIAN_POINT('Ctrl Pts',(-14.3804639434027,29.0001158500709,9.75058985928827));
#4903=CARTESIAN_POINT('Ctrl Pts',(-14.3485557898569,29.0001219274247,9.82430772415909));
#4904=CARTESIAN_POINT('Ctrl Pts',(-14.3161985240277,29.0001153946025,9.89582786197465));
#4905=CARTESIAN_POINT('Ctrl Pts',(-14.2851813571031,29.0001091323417,9.96438594301919));
#4906=CARTESIAN_POINT('Ctrl Pts',(-14.2537512806586,29.0000912268557,10.0309246906598));
#4907=CARTESIAN_POINT('Ctrl Pts',(-14.2220207167069,29.0000768655465,10.0952979896271));
#4908=CARTESIAN_POINT('Ctrl Pts',(-14.2104447206042,29.0000716262302,10.1187827615679));
#4909=CARTESIAN_POINT('Ctrl Pts',(-14.1988288718652,29.0000667351922,10.1419788722183));
#4910=CARTESIAN_POINT('Ctrl Pts',(-14.1871791634176,29.0000624979481,10.1648776066355));
#4911=CARTESIAN_POINT('Ctrl Pts',(-14.1627788619815,29.000053623045,10.2128389805014));
#4912=CARTESIAN_POINT('Ctrl Pts',(-14.138501343224,29.0000312091788,10.2589562170393));
#4913=CARTESIAN_POINT('Ctrl Pts',(-14.114339173745,29.0000157101507,10.3033667926807));
#4914=CARTESIAN_POINT('Ctrl Pts',(-14.0907859064285,29.0000006017081,10.3466581933419));
#4915=CARTESIAN_POINT('Ctrl Pts',(-14.0673418946142,28.9999920033227,10.3883279684482));
#4916=CARTESIAN_POINT('Ctrl Pts',(-14.043998607002,28.9999923671963,10.4284573145322));
#4917=CARTESIAN_POINT('Ctrl Pts',(-14.029292958522,28.9999925964269,10.4537377320572));
#4918=CARTESIAN_POINT('Ctrl Pts',(-14.0146272682331,28.9999960585802,10.478405885212));
#4919=CARTESIAN_POINT('Ctrl Pts',(-14.,29.,10.5024719405804));
#4920=CARTESIAN_POINT('',(-14.4455099313648,29.1047230031687,9.67585213322731));
#4921=CARTESIAN_POINT('Ctrl Pts',(-14.4455099313648,29.1047230031687,9.67585213322731));
#4922=CARTESIAN_POINT('Ctrl Pts',(-14.390155274872,29.0771772834617,9.78848839510124));
#4923=CARTESIAN_POINT('Ctrl Pts',(-14.3305576713723,29.0539239354611,9.90727135271285));
#4924=CARTESIAN_POINT('Ctrl Pts',(-14.1812220766604,29.0125227230391,10.1913827307513));
#4925=CARTESIAN_POINT('Ctrl Pts',(-14.0916201831687,29.,10.351743590464));
#4926=CARTESIAN_POINT('Ctrl Pts',(-14.,29.,10.5024719405804));
#4927=CARTESIAN_POINT('',(-14.931241129287,29.1589542065949,8.16413612312001));
#4928=CARTESIAN_POINT('Ctrl Pts',(-14.9312411292867,29.1589542065976,8.16413612312493));
#4929=CARTESIAN_POINT('Ctrl Pts',(-14.9307195451642,29.1595713352804,8.16734134830074));
#4930=CARTESIAN_POINT('Ctrl Pts',(-14.9301948206099,29.1601831499046,8.17054708209026));
#4931=CARTESIAN_POINT('Ctrl Pts',(-14.8753302295886,29.2232222540023,8.5037900582149));
#4932=CARTESIAN_POINT('Ctrl Pts',(-14.7830184726093,29.2351082783463,8.86696649086124));
#4933=CARTESIAN_POINT('Ctrl Pts',(-14.5758088735946,29.165617271653,9.39649114358012));
#4934=CARTESIAN_POINT('Ctrl Pts',(-14.5132205363067,29.138417320198,9.53807385199341));
#4935=CARTESIAN_POINT('Ctrl Pts',(-14.4455099313648,29.1047230031687,9.67585213322731));
#4936=CARTESIAN_POINT('Origin',(-14.,27.6664445752347,5.3972932380895));
#4937=CARTESIAN_POINT('Origin',(-14.,26.7571933352452,-5.17836844331575));
#4938=CARTESIAN_POINT('',(-15.,33.819152044289,4.9071538106999));
#4939=CARTESIAN_POINT('',(-15.,26.7571933352452,-5.17836844331575));
#4940=CARTESIAN_POINT('',(-14.,34.638304088578,4.33357737434884));
#4941=CARTESIAN_POINT('Origin',(-14.,33.819152044289,4.9071538106999));
#4942=CARTESIAN_POINT('',(-14.,27.5763453795342,-5.75194487966681));
#4943=CARTESIAN_POINT('Origin',(-15.,28.8332222876174,3.81799503668578));
#4944=CARTESIAN_POINT('',(-15.,29.457456132867,7.9551228241742));
#4945=CARTESIAN_POINT('',(-15.,28.563713651283,6.67872628055934));
#4946=CARTESIAN_POINT('',(-15.,30.,9.6758521332273));
#4947=CARTESIAN_POINT('Origin',(-15.,27.,9.67585213322733));
#4948=CARTESIAN_POINT('',(-15.,30.,12.1089975183429));
#4949=CARTESIAN_POINT('',(-15.,34.,20.4));
#4950=CARTESIAN_POINT('',(-15.,29.0000000000001,20.4));
#4951=CARTESIAN_POINT('',(-15.,34.,5.48073024705095));
#4952=CARTESIAN_POINT('',(-15.,34.,4.33406385298937));
#4953=CARTESIAN_POINT('Origin',(-15.,33.,5.48073024705096));
#4954=CARTESIAN_POINT('Origin',(-14.,28.563713651283,6.67872628055934));
#4955=CARTESIAN_POINT('Origin',(-14.,29.457456132867,7.9551228241742));
#4956=CARTESIAN_POINT('Origin',(-14.,27.,9.67585213322732));
#4957=CARTESIAN_POINT('Origin',(-14.,30.,9.6758521332273));
#4958=CARTESIAN_POINT('Origin',(14.,27.,9.67585213322732));
#4959=CARTESIAN_POINT('',(15.,29.457456132867,7.9551228241742));
#4960=CARTESIAN_POINT('Origin',(14.,29.457456132867,7.9551228241742));
#4961=CARTESIAN_POINT('Origin',(15.,27.,9.67585213322733));
#4962=CARTESIAN_POINT('Origin',(-1.09085875756308E-35,27.,9.67585213322733));
#4963=CARTESIAN_POINT('',(-1.09085875756308E-35,28.638304088578,8.52869926052524));
#4964=CARTESIAN_POINT('',(-1.09085875756308E-35,29.,9.67585213322731));
#4965=CARTESIAN_POINT('Origin',(14.,28.563713651283,6.67872628055934));
#4966=CARTESIAN_POINT('',(15.,28.563713651283,6.67872628055934));
#4967=CARTESIAN_POINT('Origin',(-14.,30.,12.1089975183429));
#4968=CARTESIAN_POINT('',(-14.,29.,12.1089975183429));
#4969=CARTESIAN_POINT('Origin',(-1.67047794380762E-51,30.0000000000001,
20.4));
#4970=CARTESIAN_POINT('Origin',(-1.67047794380762E-51,29.0000000000001,
20.4));
#4971=CARTESIAN_POINT('Origin',(-1.09085875756308E-35,29.,9.04525455546936));
#4972=CARTESIAN_POINT('Origin',(-1.09085875756309E-35,29.0000000000001,
20.4));
#4973=CARTESIAN_POINT('Origin',(0.0558875420321281,29.0000000000001,27.2541488855842));
#4974=CARTESIAN_POINT('',(0.434465774469012,29.,16.4040942155177));
#4975=CARTESIAN_POINT('Ctrl Pts',(0.732131816389762,29.,24.3887341350358));
#4976=CARTESIAN_POINT('Ctrl Pts',(2.18290090126143,29.,24.345088135004));
#4977=CARTESIAN_POINT('Ctrl Pts',(5.03464165744979,29.,24.0005074503801));
#4978=CARTESIAN_POINT('Ctrl Pts',(8.36993371854502,29.,22.8083327565612));
#4979=CARTESIAN_POINT('Ctrl Pts',(10.1237936957071,29.,21.1655135130876));
#4980=CARTESIAN_POINT('Ctrl Pts',(9.96956666695764,29.,19.0775728774933));
#4981=CARTESIAN_POINT('Ctrl Pts',(7.45761923314117,29.,17.5377527540304));
#4982=CARTESIAN_POINT('Ctrl Pts',(3.81737074578176,29.,16.6360966431206));
#4983=CARTESIAN_POINT('Ctrl Pts',(1.7742063073467,29.,16.428811749151));
#4984=CARTESIAN_POINT('Ctrl Pts',(0.434396192573976,29.,16.4041467637667));
#4985=CARTESIAN_POINT('',(-0.538429353271623,29.,16.4054233552249));
#4986=CARTESIAN_POINT('Origin',(-0.055887542032129,29.0000000000001,13.5458511144158));
#4987=CARTESIAN_POINT('Ctrl Pts',(-0.538409151788051,29.,16.405539149076));
#4988=CARTESIAN_POINT('Ctrl Pts',(-1.77429616473193,29.,16.4316485744663));
#4989=CARTESIAN_POINT('Ctrl Pts',(-2.99821109030128,29.,16.5498799540256));
#4990=CARTESIAN_POINT('Ctrl Pts',(-4.12635178739315,29.,16.7531851048576));
#4991=CARTESIAN_POINT('Ctrl Pts',(-5.46487616532588,29.,16.9944040425748));
#4992=CARTESIAN_POINT('Ctrl Pts',(-6.66857421743589,29.,17.3553857200908));
#4993=CARTESIAN_POINT('Ctrl Pts',(-7.62243734582328,29.,17.8018573489697));
#4994=CARTESIAN_POINT('Ctrl Pts',(-8.57630047421066,29.,18.2483289778486));
#4995=CARTESIAN_POINT('Ctrl Pts',(-9.28032867887541,29.,18.7802905580903));
#4996=CARTESIAN_POINT('Ctrl Pts',(-9.66663056458815,29.,19.3468486447353));
#4997=CARTESIAN_POINT('Ctrl Pts',(-10.0529324503009,29.,19.9134067313804));
#4998=CARTESIAN_POINT('Ctrl Pts',(-10.1215080170616,29.,20.5145613244287));
#4999=CARTESIAN_POINT('Ctrl Pts',(-9.86709129095033,29.,21.0930054130547));
#5000=CARTESIAN_POINT('Ctrl Pts',(-9.61267456483904,29.,21.6714495016807));
#5001=CARTESIAN_POINT('Ctrl Pts',(-9.03526554585573,29.,22.2271830858845));
#5002=CARTESIAN_POINT('Ctrl Pts',(-8.18862782746982,29.,22.7069440439273));
#5003=CARTESIAN_POINT('Ctrl Pts',(-7.34199010908391,29.,23.1867050019701));
#5004=CARTESIAN_POINT('Ctrl Pts',(-6.22612369129541,29.,23.590493333852));
#5005=CARTESIAN_POINT('Ctrl Pts',(-4.94866433741157,29.,23.8799874651231));
#5006=CARTESIAN_POINT('Ctrl Pts',(-3.67120498352773,29.,24.1694815963942));
#5007=CARTESIAN_POINT('Ctrl Pts',(-2.23215269354856,29.,24.3446815270544));
#5008=CARTESIAN_POINT('Ctrl Pts',(-0.76786818361021,29.,24.3887341350358));
#5009=CARTESIAN_POINT('Ctrl Pts',(14.,34.638304088578,4.33357737434884));
#5010=CARTESIAN_POINT('Ctrl Pts',(14.,35.,4.85013266929297));
#5011=CARTESIAN_POINT('Ctrl Pts',(14.,35.,5.48073024705096));
#5012=CARTESIAN_POINT('Ctrl Pts',(15.,34.638304088578,4.33357737434884));
#5013=CARTESIAN_POINT('Ctrl Pts',(15.,35.,4.85013266929298));
#5014=CARTESIAN_POINT('Ctrl Pts',(15.,35.,5.48073024705096));
#5015=CARTESIAN_POINT('Ctrl Pts',(15.,33.819152044289,4.9071538106999));
#5016=CARTESIAN_POINT('Ctrl Pts',(15.,34.,5.16543145817197));
#5017=CARTESIAN_POINT('Ctrl Pts',(15.,34.,5.48073024705096));
#5018=CARTESIAN_POINT('',(14.,34.638304088578,4.33357737434884));
#5019=CARTESIAN_POINT('',(15.,33.819152044289,4.9071538106999));
#5020=CARTESIAN_POINT('Origin',(14.,33.819152044289,4.9071538106999));
#5021=CARTESIAN_POINT('',(14.,35.,5.48073024705095));
#5022=CARTESIAN_POINT('Origin',(14.,33.,5.48073024705096));
#5023=CARTESIAN_POINT('',(15.,34.,5.48073024705095));
#5024=CARTESIAN_POINT('Origin',(14.,34.,5.48073024705095));
#5025=CARTESIAN_POINT('Origin',(15.,33.,5.48073024705096));
#5026=CARTESIAN_POINT('Ctrl Pts',(-14.,35.,5.48073024705096));
#5027=CARTESIAN_POINT('Ctrl Pts',(-14.,35.,4.85013266929297));
#5028=CARTESIAN_POINT('Ctrl Pts',(-14.,34.638304088578,4.33357737434884));
#5029=CARTESIAN_POINT('Ctrl Pts',(-15.,35.,5.48073024705096));
#5030=CARTESIAN_POINT('Ctrl Pts',(-15.,35.,4.85013266929297));
#5031=CARTESIAN_POINT('Ctrl Pts',(-15.,34.638304088578,4.33357737434884));
#5032=CARTESIAN_POINT('Ctrl Pts',(-15.,34.,5.48073024705096));
#5033=CARTESIAN_POINT('Ctrl Pts',(-15.,34.,5.16543145817197));
#5034=CARTESIAN_POINT('Ctrl Pts',(-15.,33.819152044289,4.9071538106999));
#5035=CARTESIAN_POINT('',(-14.,35.,5.48073024705095));
#5036=CARTESIAN_POINT('Origin',(-14.,34.,5.48073024705095));
#5037=CARTESIAN_POINT('Origin',(-14.,33.,5.48073024705096));
#5038=CARTESIAN_POINT('Origin',(-1.08458527728312E-35,33.,5.48073024705096));
#5039=CARTESIAN_POINT('',(-1.08458527728312E-35,34.638304088578,4.33357737434884));
#5040=CARTESIAN_POINT('',(-1.08458527728312E-35,35.,5.48073024705095));
#5041=CARTESIAN_POINT('Origin',(14.,34.,4.33406385298937));
#5042=CARTESIAN_POINT('',(15.,34.,4.33406385298937));
#5043=CARTESIAN_POINT('',(14.,35.,4.33406385298936));
#5044=CARTESIAN_POINT('Origin',(-1.67047794380762E-51,34.,20.4));
#5045=CARTESIAN_POINT('',(-14.,35.0000000000001,20.4));
#5046=CARTESIAN_POINT('Origin',(-1.67047794380762E-51,35.0000000000001,
20.4));
#5047=CARTESIAN_POINT('Origin',(-14.,34.,20.4));
#5048=CARTESIAN_POINT('Origin',(-1.67047794380762E-51,34.,20.4));
#5049=CARTESIAN_POINT('Origin',(-14.,34.,4.33406385298937));
#5050=CARTESIAN_POINT('',(-14.,35.,4.33406385298936));
#5051=CARTESIAN_POINT('Origin',(14.,26.7571933352452,-5.17836844331575));
#5052=CARTESIAN_POINT('',(14.,27.5763453795342,-5.75194487966681));
#5053=CARTESIAN_POINT('',(15.,26.7571933352452,-5.17836844331575));
#5054=CARTESIAN_POINT('Origin',(-8.52616881645274E-36,22.6664445752347,
-12.7640099266284));
#5055=CARTESIAN_POINT('',(5.375,22.6664445752347,-12.7640099266284));
#5056=CARTESIAN_POINT('Origin',(-1.31655367292096E-35,35.,4.85013266929297));
#5057=CARTESIAN_POINT('',(-0.0178681836148065,35.0000000000001,16.4));
#5058=CARTESIAN_POINT('Ctrl Pts',(-0.767849849317944,35.0000000000001,24.3769104271365));
#5059=CARTESIAN_POINT('Ctrl Pts',(-1.67505005081448,35.0000000000001,24.3207444666911));
#5060=CARTESIAN_POINT('Ctrl Pts',(-2.56294926518648,35.0000000000001,24.1625022686463));
#5061=CARTESIAN_POINT('Ctrl Pts',(-3.36441599060723,35.0000000000001,23.9133191908127));
#5062=CARTESIAN_POINT('Ctrl Pts',(-4.26719915952846,35.0000000000001,23.6326359365828));
#5063=CARTESIAN_POINT('Ctrl Pts',(-5.06031609341991,35.0000000000001,23.2365661648785));
#5064=CARTESIAN_POINT('Ctrl Pts',(-5.66728208449861,35.0000000000001,22.7626870151594));
#5065=CARTESIAN_POINT('Ctrl Pts',(-6.2742480755773,35.0000000000001,22.2888078654403));
#5066=CARTESIAN_POINT('Ctrl Pts',(-6.69506312384324,35.0000000000001,21.7371193377064));
#5067=CARTESIAN_POINT('Ctrl Pts',(-6.89049883508149,35.0000000000001,21.160506687882));
#5068=CARTESIAN_POINT('Ctrl Pts',(-7.08593454631975,35.0000000000001,20.5838940380577));
#5069=CARTESIAN_POINT('Ctrl Pts',(-7.05599092053032,35.0000000000001,19.9823572661429));
#5070=CARTESIAN_POINT('Ctrl Pts',(-6.80263271191534,35.0000000000001,19.4132310900144));
#5071=CARTESIAN_POINT('Ctrl Pts',(-6.54927450330037,35.0000000000001,18.8441049138859));
#5072=CARTESIAN_POINT('Ctrl Pts',(-6.07250171185984,35.0000000000001,18.3073893335438));
#5073=CARTESIAN_POINT('Ctrl Pts',(-5.41830302658829,35.0000000000001,17.8544362950251));
#5074=CARTESIAN_POINT('Ctrl Pts',(-4.76410434131673,35.0000000000001,17.4014832565064));
#5075=CARTESIAN_POINT('Ctrl Pts',(-3.93247976221415,35.0000000000001,17.0322927598112));
#5076=CARTESIAN_POINT('Ctrl Pts',(-3.0028942693429,35.0000000000001,16.7819219456844));
#5077=CARTESIAN_POINT('Ctrl Pts',(-2.07330877647611,35.0000000000001,16.5315511315588));
#5078=CARTESIAN_POINT('Ctrl Pts',(-1.0457623698416,35.0000000000001,16.4000000000004));
#5079=CARTESIAN_POINT('Ctrl Pts',(-0.0178681836148015,35.0000000000001,
16.4));
#5080=CARTESIAN_POINT('Ctrl Pts',(-0.0178696797088773,35.0000000000001,
16.4000017493343));
#5081=CARTESIAN_POINT('Ctrl Pts',(0.986794932261888,35.0000000000001,16.4000865771553));
#5082=CARTESIAN_POINT('Ctrl Pts',(2.49667110664324,35.0000000000001,16.5910227425888));
#5083=CARTESIAN_POINT('Ctrl Pts',(5.12825149495907,35.0000000000001,17.4868637679326));
#5084=CARTESIAN_POINT('Ctrl Pts',(6.93259540067036,35.0000000000001,19.0092156154451));
#5085=CARTESIAN_POINT('Ctrl Pts',(7.1032376528715,35.0000000000001,21.0957902442337));
#5086=CARTESIAN_POINT('Ctrl Pts',(5.92504901032439,35.0000000000001,22.7504057875661));
#5087=CARTESIAN_POINT('Ctrl Pts',(3.65302744888317,35.0000000000001,23.9512707242397));
#5088=CARTESIAN_POINT('Ctrl Pts',(1.70955142435306,35.0000000000001,24.3166561005608));
#5089=CARTESIAN_POINT('Ctrl Pts',(0.732129051449799,35.0000000000001,24.3769678459981));
#5090=CARTESIAN_POINT('',(-1.51786818361023,35.0000000000001,13.3999999999999));
#5091=CARTESIAN_POINT('Origin',(-0.0178681836102326,35.,13.3999999999999));
#5092=CARTESIAN_POINT('Ctrl Pts',(-0.76786818361021,29.,24.3887341350358));
#5093=CARTESIAN_POINT('Ctrl Pts',(-0.652916226442543,31.,24.3902543286986));
#5094=CARTESIAN_POINT('Ctrl Pts',(-0.537964269274876,33.0000000000001,24.3917745223614));
#5095=CARTESIAN_POINT('Ctrl Pts',(-0.423012312107209,35.0000000000001,24.3932947160242));
#5096=CARTESIAN_POINT('Ctrl Pts',(-2.23215269354856,29.,24.3446815270544));
#5097=CARTESIAN_POINT('Ctrl Pts',(-1.97116841566609,31.,24.3495537874654));
#5098=CARTESIAN_POINT('Ctrl Pts',(-1.71016769561748,33.0000000000001,24.3544269213872));
#5099=CARTESIAN_POINT('Ctrl Pts',(-1.449183417735,35.0000000000001,24.3592991817983));
#5100=CARTESIAN_POINT('Ctrl Pts',(-5.11025727350691,29.,23.9942816657339));
#5101=CARTESIAN_POINT('Ctrl Pts',(-4.5648118799002,31.,24.0057575601899));
#5102=CARTESIAN_POINT('Ctrl Pts',(-4.01952761924371,33.0000000000001,24.0172298138311));
#5103=CARTESIAN_POINT('Ctrl Pts',(-3.474082225637,35.0000000000001,24.0287057082871));
#5104=CARTESIAN_POINT('Ctrl Pts',(-8.45785652687242,29.,22.7829166700883));
#5105=CARTESIAN_POINT('Ctrl Pts',(-7.58985675748021,31.,22.8021066938343));
#5106=CARTESIAN_POINT('Ctrl Pts',(-6.72143279670357,33.0000000000001,22.8213063694281));
#5107=CARTESIAN_POINT('Ctrl Pts',(-5.85343302731136,35.0000000000001,22.8404963931742));
#5108=CARTESIAN_POINT('Ctrl Pts',(-10.1900835838224,29.,21.115715917477));
#5109=CARTESIAN_POINT('Ctrl Pts',(-9.16526500224322,31.,21.138956094272));
#5110=CARTESIAN_POINT('Ctrl Pts',(-8.1406967536883,33.0000000000001,21.1621906331775));
#5111=CARTESIAN_POINT('Ctrl Pts',(-7.11587817210918,35.0000000000001,21.1854308099725));
#5112=CARTESIAN_POINT('Ctrl Pts',(-9.98435688354016,29.,19.3122521383321));
#5113=CARTESIAN_POINT('Ctrl Pts',(-8.99840966549581,31.,19.3351046389708));
#5114=CARTESIAN_POINT('Ctrl Pts',(-8.01199451278524,33.0000000000001,19.3579679935894));
#5115=CARTESIAN_POINT('Ctrl Pts',(-7.02604729474089,35.0000000000001,19.3808204942281));
#5116=CARTESIAN_POINT('Ctrl Pts',(-7.87227226954591,29.,17.7163673976068));
#5117=CARTESIAN_POINT('Ctrl Pts',(-7.11344545720143,31.,17.7344690086071));
#5118=CARTESIAN_POINT('Ctrl Pts',(-6.35455573276381,33.0000000000001,17.7525721422013));
#5119=CARTESIAN_POINT('Ctrl Pts',(-5.59572892041932,35.0000000000001,17.7706737532016));
#5120=CARTESIAN_POINT('Ctrl Pts',(-4.26117811321585,29.,16.6334223650588));
#5121=CARTESIAN_POINT('Ctrl Pts',(-3.87437740477313,31.,16.6433163126036));
#5122=CARTESIAN_POINT('Ctrl Pts',(-3.48765589155428,33.0000000000001,16.6532083155711));
#5123=CARTESIAN_POINT('Ctrl Pts',(-3.10085518311156,35.0000000000001,16.6631022631159));
#5124=CARTESIAN_POINT('Ctrl Pts',(-1.31447670570497,29.,16.3905099692222));
#5125=CARTESIAN_POINT('Ctrl Pts',(-1.22493124031711,31.,16.3936728739041));
#5126=CARTESIAN_POINT('Ctrl Pts',(-1.13530783521961,33.0000000000001,16.3968370953172));
#5127=CARTESIAN_POINT('Ctrl Pts',(-1.04576236983174,35.0000000000001,16.3999999999991));
#5128=CARTESIAN_POINT('Ctrl Pts',(0.153727356035587,29.,16.4005889439414));
#5129=CARTESIAN_POINT('Ctrl Pts',(0.0965288428237226,31.,16.4003926292942));
#5130=CARTESIAN_POINT('Ctrl Pts',(0.0393303296118581,33.0000000000001,16.4001963146471));
#5131=CARTESIAN_POINT('Ctrl Pts',(-0.0178681836000063,35.0000000000001,
16.4));
#5132=CARTESIAN_POINT('',(-0.525093819879298,32.,16.4076417197587));
#5133=CARTESIAN_POINT('Ctrl Pts',(-0.525074673821045,32.,16.407758986922));
#5134=CARTESIAN_POINT('Ctrl Pts',(-0.525321515604523,31.9460945930697,16.4077185009951));
#5135=CARTESIAN_POINT('Ctrl Pts',(-0.525567946972019,31.8921881736915,16.4076780497408));
#5136=CARTESIAN_POINT('Ctrl Pts',(-0.525813963132723,31.8382827630701,16.4076376341155));
#5137=CARTESIAN_POINT('Ctrl Pts',(-0.526305986359382,31.7304739346111,16.4075568043589));
#5138=CARTESIAN_POINT('Ctrl Pts',(-0.52679640326807,31.6226572103315,16.4074761081653));
#5139=CARTESIAN_POINT('Ctrl Pts',(-0.527285176207014,31.5148483775201,16.4073955530274));
#5140=CARTESIAN_POINT('Ctrl Pts',(-0.528262655102701,31.2992454861933,16.4072344537909));
#5141=CARTESIAN_POINT('Ctrl Pts',(-0.529233974708384,31.0835824577699,16.4070738501401));
#5142=CARTESIAN_POINT('Ctrl Pts',(-0.530198844744445,30.867979649595,16.4069137994886));
#5143=CARTESIAN_POINT('Ctrl Pts',(-0.532128114726423,30.436879076153,16.4065937761631));
#5144=CARTESIAN_POINT('Ctrl Pts',(-0.534034631382108,30.0053414375349,16.4062754599886));
#5145=CARTESIAN_POINT('Ctrl Pts',(-0.535916239378865,29.5742422125337,16.4059592724351));
#5146=CARTESIAN_POINT('Ctrl Pts',(-0.536751648802204,29.3828397761152,16.4058188892829));
#5147=CARTESIAN_POINT('Ctrl Pts',(-0.537582677921861,29.191402432012,16.4056788368781));
#5148=CARTESIAN_POINT('Ctrl Pts',(-0.538409151788051,29.,16.405539149076));
#5149=CARTESIAN_POINT('',(-0.0611956315303933,32.,16.4002346653513));
#5150=CARTESIAN_POINT('Ctrl Pts',(-0.0611956315303936,32.,16.4002346653513));
#5151=CARTESIAN_POINT('Ctrl Pts',(-0.215402412995035,32.,16.4007144675563));
#5152=CARTESIAN_POINT('Ctrl Pts',(-0.37010303095808,32.,16.4031709594127));
#5153=CARTESIAN_POINT('Ctrl Pts',(-0.525093819879298,32.,16.4076417197587));
#5154=CARTESIAN_POINT('Ctrl Pts',(-0.0178681836148038,35.0000000004953,
16.4));
#5155=CARTESIAN_POINT('Ctrl Pts',(-0.0178752643066804,35.0000000004953,
16.4));
#5156=CARTESIAN_POINT('Ctrl Pts',(-0.0178823896834548,34.9999998714934,
16.4000000000188));
#5157=CARTESIAN_POINT('Ctrl Pts',(-0.0178999131543215,34.9999992291167,
16.4000000001124));
#5158=CARTESIAN_POINT('Ctrl Pts',(-0.0179103512504481,34.9999985708836,
16.4000000002084));
#5159=CARTESIAN_POINT('Ctrl Pts',(-0.0179434062949289,34.9999955849374,
16.4000000006438));
#5160=CARTESIAN_POINT('Ctrl Pts',(-0.0179659744301712,34.9999922415057,
16.4000000011315));
#5161=CARTESIAN_POINT('Ctrl Pts',(-0.0180162141687427,34.9999818801696,
16.4000000026436));
#5162=CARTESIAN_POINT('Ctrl Pts',(-0.0180436515040999,34.9999742593759,
16.4000000037561));
#5163=CARTESIAN_POINT('Ctrl Pts',(-0.0181534485853278,34.9999361727047,
16.4000000093192));
#5164=CARTESIAN_POINT('Ctrl Pts',(-0.0182311398460345,34.9998916645387,
16.4000000158265));
#5165=CARTESIAN_POINT('Ctrl Pts',(-0.0184026770908312,34.9997643896017,
16.4000000344617));
#5166=CARTESIAN_POINT('Ctrl Pts',(-0.0184944378348842,34.9996706624398,
16.4000000482039));
#5167=CARTESIAN_POINT('Ctrl Pts',(-0.0187411163395549,34.9993735993785,
16.4000000918208));
#5168=CARTESIAN_POINT('Ctrl Pts',(-0.0188885029103942,34.9991257337554,
16.4000001283));
#5169=CARTESIAN_POINT('Ctrl Pts',(-0.0193188399169424,34.998293037581,16.4000002510926));
#5170=CARTESIAN_POINT('Ctrl Pts',(-0.0195945043181508,34.9975180813909,
16.400000365839));
#5171=CARTESIAN_POINT('Ctrl Pts',(-0.0205780491377161,34.9942791236471,
16.4000008471757));
#5172=CARTESIAN_POINT('Ctrl Pts',(-0.0212265574863809,34.9907336928674,
16.4000013789228));
#5173=CARTESIAN_POINT('Ctrl Pts',(-0.0242148954746212,34.971656746938,16.4000042594285));
#5174=CARTESIAN_POINT('Ctrl Pts',(-0.0262869469553363,34.9432408217345,
16.4000086505583));
#5175=CARTESIAN_POINT('Ctrl Pts',(-0.0352972394847682,34.8027130822581,
16.4000305264925));
#5176=CARTESIAN_POINT('Ctrl Pts',(-0.0409610878961106,34.5743576199923,
16.4000657203728));
#5177=CARTESIAN_POINT('Ctrl Pts',(-0.0583595061280851,33.7778719529093,
16.4001780980511));
#5178=CARTESIAN_POINT('Ctrl Pts',(-0.0623163752411276,32.8412534448038,
16.4002468058048));
#5179=CARTESIAN_POINT('Ctrl Pts',(-0.0611956315305667,32.,16.4002346653513));
#5180=CARTESIAN_POINT('Ctrl Pts',(0.0951510130706904,29.,16.4002554749348));
#5181=CARTESIAN_POINT('Ctrl Pts',(0.0438088086112902,31.,16.4001931958429));
#5182=CARTESIAN_POINT('Ctrl Pts',(-0.00753339584810993,33.0000000000001,
16.4001309167511));
#5183=CARTESIAN_POINT('Ctrl Pts',(-0.0588756003075101,35.0000000000001,
16.4000686376593));
#5184=CARTESIAN_POINT('Ctrl Pts',(1.54992476030546,29.,16.4068325894173));
#5185=CARTESIAN_POINT('Ctrl Pts',(1.35259249282136,31.,16.4034301271815));
#5186=CARTESIAN_POINT('Ctrl Pts',(1.15684585932272,33.0000000000001,16.4000619385418));
#5187=CARTESIAN_POINT('Ctrl Pts',(0.959513591838612,35.0000000000001,16.396659476306));
#5188=CARTESIAN_POINT('Ctrl Pts',(3.72048263019995,29.,16.6120983469075));
#5189=CARTESIAN_POINT('Ctrl Pts',(3.30882330317847,31.,16.6037359737254));
#5190=CARTESIAN_POINT('Ctrl Pts',(2.89650368930181,33.0000000000001,16.5953590625128));
#5191=CARTESIAN_POINT('Ctrl Pts',(2.48484436228034,35.0000000000001,16.5869966893307));
#5192=CARTESIAN_POINT('Ctrl Pts',(7.45761923314117,29.,17.5377527540304));
#5193=CARTESIAN_POINT('Ctrl Pts',(6.6806898328507,31.,17.520779361453));
#5194=CARTESIAN_POINT('Ctrl Pts',(5.90518089524955,33.0000000000001,17.5038371605101));
#5195=CARTESIAN_POINT('Ctrl Pts',(5.12825149495907,35.0000000000001,17.4868637679326));
#5196=CARTESIAN_POINT('Ctrl Pts',(9.96956666695764,29.,19.0775728774933));
#5197=CARTESIAN_POINT('Ctrl Pts',(8.95755631331722,31.,19.0547941179841));
#5198=CARTESIAN_POINT('Ctrl Pts',(7.94460575431078,33.0000000000001,19.0319943749543));
#5199=CARTESIAN_POINT('Ctrl Pts',(6.93259540067036,35.0000000000001,19.0092156154451));
#5200=CARTESIAN_POINT('Ctrl Pts',(10.1237936957071,29.,21.1655135130876));
#5201=CARTESIAN_POINT('Ctrl Pts',(9.11693332572509,31.,21.1422721576284));
#5202=CARTESIAN_POINT('Ctrl Pts',(8.11009802285353,33.0000000000001,21.119031599693));
#5203=CARTESIAN_POINT('Ctrl Pts',(7.1032376528715,35.0000000000001,21.0957902442337));
#5204=CARTESIAN_POINT('Ctrl Pts',(8.36993371854502,29.,22.8083327565612));
#5205=CARTESIAN_POINT('Ctrl Pts',(7.55507750730395,31.,22.7890262155368));
#5206=CARTESIAN_POINT('Ctrl Pts',(6.73990522156546,33.0000000000001,22.7697123285905));
#5207=CARTESIAN_POINT('Ctrl Pts',(5.92504901032439,35.0000000000001,22.7504057875661));
#5208=CARTESIAN_POINT('Ctrl Pts',(5.03464165744979,29.,24.0005074503801));
#5209=CARTESIAN_POINT('Ctrl Pts',(4.56531415034099,31.,23.988772099328));
#5210=CARTESIAN_POINT('Ctrl Pts',(4.0958159026617,33.0000000000001,23.9770331510633));
#5211=CARTESIAN_POINT('Ctrl Pts',(3.6264883955529,35.0000000000001,23.9652978000112));
#5212=CARTESIAN_POINT('Ctrl Pts',(2.18290090126143,29.,24.345088135004));
#5213=CARTESIAN_POINT('Ctrl Pts',(2.00217773805022,31.,24.3398578210822));
#5214=CARTESIAN_POINT('Ctrl Pts',(1.82163443362615,33.0000000000001,24.3346319036382));
#5215=CARTESIAN_POINT('Ctrl Pts',(1.64091127041493,35.0000000000001,24.3294015897164));
#5216=CARTESIAN_POINT('Ctrl Pts',(0.732131816389762,29.,24.3887341350358));
#5217=CARTESIAN_POINT('Ctrl Pts',(0.697032240962568,31.,24.386822417906));
#5218=CARTESIAN_POINT('Ctrl Pts',(0.661932665535374,33.0000000000001,24.3849107007762));
#5219=CARTESIAN_POINT('Ctrl Pts',(0.62683309010818,35.0000000000001,24.3829989836463));
#5220=CARTESIAN_POINT('',(0.0181377063833628,32.,16.400162056297));
#5221=CARTESIAN_POINT('Ctrl Pts',(0.0181377063836055,32.,16.400162056297));
#5222=CARTESIAN_POINT('Ctrl Pts',(0.0181662551772458,32.1264335777384,16.4001623132886));
#5223=CARTESIAN_POINT('Ctrl Pts',(0.0181043294956492,32.2487246711896,16.4001617537916));
#5224=CARTESIAN_POINT('Ctrl Pts',(0.0174910896407713,32.787185056436,16.4001562589242));
#5225=CARTESIAN_POINT('Ctrl Pts',(0.0159632655206875,33.24318556561,16.4001418521699));
#5226=CARTESIAN_POINT('Ctrl Pts',(0.0107059092734189,33.9599265746733,16.4001014930337));
#5227=CARTESIAN_POINT('Ctrl Pts',(0.00660318635441181,34.406767718716,16.4000677851878));
#5228=CARTESIAN_POINT('Ctrl Pts',(-0.00229023342725796,34.7579036474048,
16.400030098838));
#5229=CARTESIAN_POINT('Ctrl Pts',(-0.00418735113533626,34.8234238469398,
16.4000226621336));
#5230=CARTESIAN_POINT('Ctrl Pts',(-0.00863908703032223,34.9255869073838,
16.4000101323191));
#5231=CARTESIAN_POINT('Ctrl Pts',(-0.0113188326385943,34.9719905434185,
16.4000039464546));
#5232=CARTESIAN_POINT('Ctrl Pts',(-0.0149331244643936,34.992499873116,16.4000010690454));
#5233=CARTESIAN_POINT('Ctrl Pts',(-0.015240578306266,34.9940736565686,16.4000008471344));
#5234=CARTESIAN_POINT('Ctrl Pts',(-0.0157775637019473,34.9962212027488,
16.4000005422736));
#5235=CARTESIAN_POINT('Ctrl Pts',(-0.0159975047868467,34.9970136765568,
16.4000004293866));
#5236=CARTESIAN_POINT('Ctrl Pts',(-0.016381477702444,34.9980983941482,16.4000002741643));
#5237=CARTESIAN_POINT('Ctrl Pts',(-0.0165375786705563,34.9984945574863,
16.4000002173365));
#5238=CARTESIAN_POINT('Ctrl Pts',(-0.0168104494970215,34.9990408390406,
16.4000001387339));
#5239=CARTESIAN_POINT('Ctrl Pts',(-0.0169205865985349,34.9992379803842,
16.4000001103191));
#5240=CARTESIAN_POINT('Ctrl Pts',(-0.0171244067697368,34.9995285284852,
16.400000068355));
#5241=CARTESIAN_POINT('Ctrl Pts',(-0.0172164076551887,34.9996431512731,
16.4000000517754));
#5242=CARTESIAN_POINT('Ctrl Pts',(-0.0173953214320899,34.999812576433,16.4000000272294));
#5243=CARTESIAN_POINT('Ctrl Pts',(-0.0174813984134279,34.9998791989739,
16.4000000175624));
#5244=CARTESIAN_POINT('Ctrl Pts',(-0.0176352615309769,34.999956340993,16.4000000063544));
#5245=CARTESIAN_POINT('Ctrl Pts',(-0.0176973117062992,34.999978634599,16.400000003111));
#5246=CARTESIAN_POINT('Ctrl Pts',(-0.0177819515363514,34.9999939294149,
16.4000000008843));
#5247=CARTESIAN_POINT('Ctrl Pts',(-0.0178012590088374,34.9999964881849,
16.4000000005117));
#5248=CARTESIAN_POINT('Ctrl Pts',(-0.0178328414591536,34.9999990516391,
16.4000000001382));
#5249=CARTESIAN_POINT('Ctrl Pts',(-0.0178449331174043,34.999999665198,16.4000000000488));
#5250=CARTESIAN_POINT('Ctrl Pts',(-0.0178608264007837,34.9999999655917,
16.400000000005));
#5251=CARTESIAN_POINT('Ctrl Pts',(-0.0178644989575388,35.0000000004954,
16.4));
#5252=CARTESIAN_POINT('Ctrl Pts',(-0.0178681836148038,35.0000000004953,
16.4));
#5253=CARTESIAN_POINT('',(0.427247880552439,32.,16.405323122225));
#5254=CARTESIAN_POINT('Ctrl Pts',(0.427134417640923,32.0000000000003,16.4054237655094));
#5255=CARTESIAN_POINT('Ctrl Pts',(0.29095487995285,32.0000000000003,16.4020976023));
#5256=CARTESIAN_POINT('Ctrl Pts',(0.154574405463904,32.0000000000003,16.4003368224076));
#5257=CARTESIAN_POINT('Ctrl Pts',(0.0181377063832946,32.0000000000003,16.400162056297));
#5258=CARTESIAN_POINT('Ctrl Pts',(0.434465774469011,29.,16.4040942155177));
#5259=CARTESIAN_POINT('Ctrl Pts',(0.43266240236245,29.9700865807904,16.4044035977018));
#5260=CARTESIAN_POINT('Ctrl Pts',(0.430361566947352,31.0142861966603,16.4047970348256));
#5261=CARTESIAN_POINT('Ctrl Pts',(0.427247880552441,32.,16.405323122225));
#5262=CARTESIAN_POINT('Origin',(-0.0178681836102309,35.,20.4));
#5263=CARTESIAN_POINT('Origin',(-0.0178681836102309,32.,20.4));
#5264=CARTESIAN_POINT('Origin',(-0.0558875420321292,32.,13.5458511144158));
#5265=CARTESIAN_POINT('Origin',(-0.055887542032129,32.,13.5458511144158));
#5266=CARTESIAN_POINT('',(-1.51786818361023,32.,13.3999999999999));
#5267=CARTESIAN_POINT('Origin',(-0.0178681836102326,32.,13.3999999999999));
#5268=CARTESIAN_POINT('Origin',(-0.055887542032129,29.,13.5458511144158));
#5269=CARTESIAN_POINT('Origin',(0.0558875420321281,29.,27.2541488855842));
#5270=CARTESIAN_POINT('Origin',(0.0558875420321281,32.,27.2541488855842));
#5271=CARTESIAN_POINT('Origin',(0.0558875420321281,32.,27.2541488855842));
#5272=CARTESIAN_POINT('Origin',(-0.0178681836102326,29.,13.3999999999999));
#5273=CARTESIAN_POINT('',(-1.51786818361023,29.,13.3999999999999));
#5274=CARTESIAN_POINT('Origin',(-1.67047794380762E-51,29.,20.4));
#5275=CARTESIAN_POINT('Origin',(15.,28.8332222876174,3.81799503668578));
#5276=CARTESIAN_POINT('Origin',(2.20094451521258E-32,22.6664445752347,-8.00000000000001));
#5277=CARTESIAN_POINT('',(-19.0909147376461,22.6664445752347,-12.7640099266284));
#5278=CARTESIAN_POINT('',(5.375,22.6664445752347,-12.7640099266284));
#5279=CARTESIAN_POINT('',(-19.0909147376461,22.6664445752347,-16.));
#5280=CARTESIAN_POINT('',(-19.0909147376461,22.6664445752347,-12.));
#5281=CARTESIAN_POINT('',(6.,22.6664445752347,-16.));
#5282=CARTESIAN_POINT('Ctrl Pts',(-23.0000000000014,20.6664445752346,-16.));
#5283=CARTESIAN_POINT('Ctrl Pts',(-23.0000000000014,20.8913888657513,-16.));
#5284=CARTESIAN_POINT('Ctrl Pts',(-22.9915649124604,21.1162862044708,-16.));
#5285=CARTESIAN_POINT('Ctrl Pts',(-22.9747158723961,21.3405921924234,-16.));
#5286=CARTESIAN_POINT('Ctrl Pts',(-23.1488923126156,20.6664445752346,-15.9999999999999));
#5287=CARTESIAN_POINT('Ctrl Pts',(-23.1488923126156,20.8951020390253,-15.9999999999999));
#5288=CARTESIAN_POINT('Ctrl Pts',(-23.1403170632697,21.123736389682,-16.));
#5289=CARTESIAN_POINT('Ctrl Pts',(-23.1231898947625,21.3517450143975,-16.));
#5290=CARTESIAN_POINT('Ctrl Pts',(-23.3131016920177,20.6664445752346,-15.9648977198588));
#5291=CARTESIAN_POINT('Ctrl Pts',(-23.3131016920177,20.8992080082131,-15.9648977198588));
#5292=CARTESIAN_POINT('Ctrl Pts',(-23.304372671562,21.1319422229202,-15.964897719859));
#5293=CARTESIAN_POINT('Ctrl Pts',(-23.2869379529535,21.3640451657135,-15.964897719859));
#5294=CARTESIAN_POINT('Ctrl Pts',(-23.4641016151386,20.6664445752346,-15.8857819657377));
#5295=CARTESIAN_POINT('Ctrl Pts',(-23.4641016151386,20.9029885333674,-15.8857819657377));
#5296=CARTESIAN_POINT('Ctrl Pts',(-23.4552315567369,21.1394831185469,-15.8857819657379));
#5297=CARTESIAN_POINT('Ctrl Pts',(-23.4375136648163,21.3753558588654,-15.8857819657379));
#5298=CARTESIAN_POINT('Ctrl Pts',(-22.9747158723961,21.3405921924234,-16.));
#5299=CARTESIAN_POINT('Ctrl Pts',(-22.9915649124604,21.1162862044708,-16.));
#5300=CARTESIAN_POINT('Ctrl Pts',(-23.0000000000014,20.8913888657513,-16.));
#5301=CARTESIAN_POINT('Ctrl Pts',(-23.0000000000014,20.6664445752346,-16.));
#5302=CARTESIAN_POINT('Origin',(12.,-1.91013712036537,-16.));
#5303=CARTESIAN_POINT('',(-20.9142135623731,20.8431457505076,-16.));
#5304=CARTESIAN_POINT('',(-16.5455537647519,25.2118055481288,-16.));
#5305=CARTESIAN_POINT('',(-21.5,19.4289321881345,-16.));
#5306=CARTESIAN_POINT('Origin',(-19.5,19.4289321881345,-16.));
#5307=CARTESIAN_POINT('',(-21.5,-19.4289321881345,-16.));
#5308=CARTESIAN_POINT('',(-21.5,9.17361109625767,-16.));
#5309=CARTESIAN_POINT('',(-20.9142135623731,-20.8431457505076,-16.));
#5310=CARTESIAN_POINT('Origin',(-19.5,-19.4289321881345,-16.));
#5311=CARTESIAN_POINT('',(-17.8431457505076,-23.9142135623731,-16.));
#5312=CARTESIAN_POINT('',(-17.7118055481288,-24.0455537647519,-16.));
#5313=CARTESIAN_POINT('',(-16.4289321881345,-24.5,-16.));
#5314=CARTESIAN_POINT('Origin',(-16.4289321881345,-22.5,-16.));
#5315=CARTESIAN_POINT('',(-2.50665702387562E-10,-24.5,-16.));
#5316=CARTESIAN_POINT('',(6.,-24.5,-16.));
#5317=CARTESIAN_POINT('',(11.5426720741919,-32.5366273170794,-16.));
#5318=CARTESIAN_POINT('Origin',(-0.00893414395925759,-36.8202742407307,
-16.));
#5319=CARTESIAN_POINT('',(11.542672074192,-43.0509523431539,-16.0000002384186));
#5320=CARTESIAN_POINT('',(11.5426720741919,-17.4055447317596,-16.));
#5321=CARTESIAN_POINT('',(17.9582697970263,-43.0509523431539,-16.0000002384186));
#5322=CARTESIAN_POINT('',(11.821336037096,-43.0509523431539,-16.));
#5323=CARTESIAN_POINT('',(9.62807611415428E-11,-55.8202721402752,-16.));
#5324=CARTESIAN_POINT('Ctrl Pts',(-1.90585106287819E-6,-55.8243254660422,
-15.9999916744423));
#5325=CARTESIAN_POINT('Ctrl Pts',(2.5196959410235,-55.8255102737024,-15.9999916744423));
#5326=CARTESIAN_POINT('Ctrl Pts',(7.54522443108298,-54.8131792204795,-15.9999916744424));
#5327=CARTESIAN_POINT('Ctrl Pts',(14.1719419435458,-50.3352745687524,-15.9999916744423));
#5328=CARTESIAN_POINT('Ctrl Pts',(17.0339412047166,-45.6976559203029,-15.9999916744424));
#5329=CARTESIAN_POINT('Ctrl Pts',(17.958269764679,-43.0509523318572,-15.9999916744424));
#5330=CARTESIAN_POINT('',(-18.6987122821548,-40.2396591481426,-16.));
#5331=CARTESIAN_POINT('Ctrl Pts',(-18.6987122821548,-40.2396591481426,-16.));
#5332=CARTESIAN_POINT('Ctrl Pts',(-18.0196574263926,-43.9512578541989,-16.));
#5333=CARTESIAN_POINT('Ctrl Pts',(-14.9893184656234,-49.7780216521015,-16.));
#5334=CARTESIAN_POINT('Ctrl Pts',(-7.54361628367896,-54.8093435103206,-16.));
#5335=CARTESIAN_POINT('Ctrl Pts',(-2.51916236278996,-55.8214566961666,-16.));
#5336=CARTESIAN_POINT('Ctrl Pts',(9.62807611415428E-11,-55.8202721402751,
-16.));
#5337=CARTESIAN_POINT('',(-22.8530527957353,-17.5327382802867,-16.));
#5338=CARTESIAN_POINT('Ctrl Pts',(-22.8530527957353,-17.5327382802867,-16.));
#5339=CARTESIAN_POINT('Ctrl Pts',(-21.4682526476433,-25.1018210932449,-16.));
#5340=CARTESIAN_POINT('Ctrl Pts',(-20.0840831560214,-32.6674568448676,-16.));
#5341=CARTESIAN_POINT('Ctrl Pts',(-18.6987122821546,-40.2396591481425,-16.));
#5342=CARTESIAN_POINT('Ctrl Pts',(-23.,-15.9130297754456,-16.));
#5343=CARTESIAN_POINT('Ctrl Pts',(-22.9999999896328,-16.4558865499394,-16.));
#5344=CARTESIAN_POINT('Ctrl Pts',(-22.9507506924415,-16.9987381534463,-16.));
#5345=CARTESIAN_POINT('Ctrl Pts',(-22.8530527960637,-17.5327382784918,-16.));
#5346=CARTESIAN_POINT('',(2.50669696588365E-10,-48.3202707703418,-16.));
#5347=CARTESIAN_POINT('',(-2.50669696588365E-10,-25.3202777111196,-16.));
#5348=CARTESIAN_POINT('Origin',(-0.00893414395925759,-36.8202742407307,
-16.));
#5349=CARTESIAN_POINT('Origin',(0.00893414395925759,-36.8202742407307,-16.));
#5350=CARTESIAN_POINT('Origin',(-17.2573593128807,24.5,-16.));
#5351=CARTESIAN_POINT('',(-20.9142135623731,20.8431457505076,-12.7640099266284));
#5352=CARTESIAN_POINT('',(-21.7555194846606,20.0018398282202,-12.7640099266284));
#5353=CARTESIAN_POINT('',(-20.9142135623731,20.8431457505076,-16.));
#5354=CARTESIAN_POINT('Origin',(9.00000013411047,-26.0000003874303,-12.7640099266284));
#5355=CARTESIAN_POINT('',(10.2500001341105,-26.0000003874303,-12.7640099266284));
#5356=CARTESIAN_POINT('Origin',(9.00000013411047,-26.0000003874303,-12.7640099266284));
#5357=CARTESIAN_POINT('',(10.2500001341105,-26.0000003874302,-8.76400992662841));
#5358=CARTESIAN_POINT('',(10.2500001341105,-26.0000003874303,-12.7640099266284));
#5359=CARTESIAN_POINT('Origin',(9.00000013411047,-26.0000003874302,-8.76400992662841));
#5360=CARTESIAN_POINT('Origin',(9.00000013411047,-26.0000003874302,-8.76400992662841));
#5361=CARTESIAN_POINT('Origin',(-0.00893414395925759,-36.8202742407307,
-16.));
#5362=CARTESIAN_POINT('',(-2.50666154499868E-10,-24.5,-12.764));
#5363=CARTESIAN_POINT('',(-2.50665702387562E-10,-24.5,-16.));
#5364=CARTESIAN_POINT('',(11.5426720741919,-32.5366273170794,-12.764));
#5365=CARTESIAN_POINT('Origin',(-0.00893414395925759,-36.8202742407307,
-12.764));
#5366=CARTESIAN_POINT('',(11.5426720741919,-32.5366273170794,-16.));
#5367=CARTESIAN_POINT('Origin',(12.,-1.91013712036537,-16.));
#5368=CARTESIAN_POINT('',(23.0000000000017,20.6664445752347,-16.));
#5369=CARTESIAN_POINT('Ctrl Pts',(23.0000000000017,20.6664446858049,-16.));
#5370=CARTESIAN_POINT('Ctrl Pts',(22.9999999972376,20.8913889394482,-16.));
#5371=CARTESIAN_POINT('Ctrl Pts',(22.9915649097025,21.1162862412206,-16.));
#5372=CARTESIAN_POINT('Ctrl Pts',(22.9747158723991,21.3405921924198,-16.));
#5373=CARTESIAN_POINT('',(23.,-15.9130296040353,-16.));
#5374=CARTESIAN_POINT('Ctrl Pts',(23.,-15.9130296040353,-16.));
#5375=CARTESIAN_POINT('Ctrl Pts',(23.,-3.71985074814805,-16.));
#5376=CARTESIAN_POINT('Ctrl Pts',(23.0000000000017,8.47152664218521,-16.));
#5377=CARTESIAN_POINT('Ctrl Pts',(23.0000000000017,20.6664445752347,-16.));
#5378=CARTESIAN_POINT('',(22.8530527957353,-17.5327382802867,-16.));
#5379=CARTESIAN_POINT('Ctrl Pts',(22.8530528023031,-17.5327382443883,-16.));
#5380=CARTESIAN_POINT('Ctrl Pts',(22.9507507048209,-16.9987380741289,-16.));
#5381=CARTESIAN_POINT('Ctrl Pts',(23.,-16.455886424111,-16.));
#5382=CARTESIAN_POINT('Ctrl Pts',(23.,-15.9130296040353,-16.));
#5383=CARTESIAN_POINT('',(18.6987122821546,-40.2396591481426,-16.));
#5384=CARTESIAN_POINT('Ctrl Pts',(18.6987123214311,-40.2396589334641,-16.));
#5385=CARTESIAN_POINT('Ctrl Pts',(20.0840831820646,-32.6674567025197,-16.));
#5386=CARTESIAN_POINT('Ctrl Pts',(21.4682526604871,-25.1018210230432,-16.));
#5387=CARTESIAN_POINT('Ctrl Pts',(22.8530527953704,-17.5327382822811,-16.));
#5388=CARTESIAN_POINT('',(18.142672074192,-42.4919185065187,-16.0000002384186));
#5389=CARTESIAN_POINT('Ctrl Pts',(18.1398794778904,-42.4910458100912,-16.));
#5390=CARTESIAN_POINT('Ctrl Pts',(18.3722586333753,-41.7530334003141,-16.));
#5391=CARTESIAN_POINT('Ctrl Pts',(18.5594433722542,-41.0008793962479,-16.));
#5392=CARTESIAN_POINT('Ctrl Pts',(18.6987122821546,-40.2396591481426,-16.));
#5393=CARTESIAN_POINT('',(18.1426720741919,-24.6502211446215,-16.));
#5394=CARTESIAN_POINT('',(18.1426720741919,-17.4055447317596,-16.));
#5395=CARTESIAN_POINT('',(18.8749051212256,-22.8824541916551,-16.));
#5396=CARTESIAN_POINT('Origin',(20.6426720741919,-24.6502211446215,-16.));
#5397=CARTESIAN_POINT('',(20.9142135623731,-20.8431457505076,-16.));
#5398=CARTESIAN_POINT('',(21.5904852045692,-20.1668741083115,-16.));
#5399=CARTESIAN_POINT('',(21.5,-19.4289321881345,-16.));
#5400=CARTESIAN_POINT('Origin',(19.5,-19.4289321881345,-16.));
#5401=CARTESIAN_POINT('',(21.5,19.4289321881345,-16.));
#5402=CARTESIAN_POINT('',(21.5,-11.083748216623,-16.));
#5403=CARTESIAN_POINT('',(20.9142135623731,20.8431457505076,-16.));
#5404=CARTESIAN_POINT('Origin',(19.5,19.4289321881345,-16.));
#5405=CARTESIAN_POINT('',(24.6668741083115,17.0904852045692,-16.));
#5406=CARTESIAN_POINT('Origin',(11.5426720741919,-32.9009523431538,-8.1528649480425));
#5407=CARTESIAN_POINT('',(11.5426720741919,-24.5,-12.7640099266284));
#5408=CARTESIAN_POINT('',(11.5426720741919,-30.7096330008468,-12.764));
#5409=CARTESIAN_POINT('',(11.5426720741919,-22.7509523431538,-12.7640099266284));
#5410=CARTESIAN_POINT('',(11.5426720741919,-16.4504761715769,-12.7640099266284));
#5411=CARTESIAN_POINT('',(11.5426720741919,-22.7509523431538,-1.55572965766642));
#5412=CARTESIAN_POINT('',(11.5426720741919,-22.7509523431538,-1.55572965766642));
#5413=CARTESIAN_POINT('',(11.5426720741919,-23.4509523431538,-0.855729657666418));
#5414=CARTESIAN_POINT('Origin',(11.5426720741919,-23.4509523431538,-1.55572965766642));
#5415=CARTESIAN_POINT('',(11.542672074192,-32.9322257234058,-0.855729657666426));
#5416=CARTESIAN_POINT('',(11.542672074192,-32.9322257234058,-0.855729657666427));
#5417=CARTESIAN_POINT('',(11.542672074192,-32.9322257234058,-0.855729657666427));
#5418=CARTESIAN_POINT('',(11.542672074192,-43.0509523431539,-10.1557296576664));
#5419=CARTESIAN_POINT('Origin',(20.6426720741919,-24.6502211446215,-12.0764324740213));
#5420=CARTESIAN_POINT('',(18.1426720741919,-24.6502211446215,-12.7640099266284));
#5421=CARTESIAN_POINT('',(18.1426720741919,-24.6502211446215,-12.0764324740213));
#5422=CARTESIAN_POINT('',(18.8749051212256,-22.8824541916551,-12.7640099266284));
#5423=CARTESIAN_POINT('Origin',(20.6426720741919,-24.6502211446215,-12.7640099266284));
#5424=CARTESIAN_POINT('',(18.8749051212256,-22.8824541916551,-12.0764324740213));
#5425=CARTESIAN_POINT('Origin',(17.2573593128807,-24.5,-16.));
#5426=CARTESIAN_POINT('',(20.9142135623731,-20.8431457505076,-12.7640099266284));
#5427=CARTESIAN_POINT('',(21.7555194846605,-20.0018398282202,-12.7640099266284));
#5428=CARTESIAN_POINT('',(20.9142135623731,-20.8431457505076,-16.));
#5429=CARTESIAN_POINT('Origin',(18.142672074192,-32.9322257234058,-0.855729657666433));
#5430=CARTESIAN_POINT('',(18.142672074192,-32.9322257234058,-0.855729657666433));
#5431=CARTESIAN_POINT('',(11.642672074192,-32.9322257234058,-0.855729657666427));
#5432=CARTESIAN_POINT('',(18.142672074192,-32.9322257234058,-0.855729657666433));
#5433=CARTESIAN_POINT('Origin',(18.1426720741919,-32.9009523431538,-8.15286494804251));
#5434=CARTESIAN_POINT('',(18.142672074192,-43.0509523431539,-15.9846925023163));
#5435=CARTESIAN_POINT('Ctrl Pts',(18.142672074192,-43.0509523431538,-15.9846925023163));
#5436=CARTESIAN_POINT('Ctrl Pts',(18.142672074192,-42.8640585683732,-15.9954425082753));
#5437=CARTESIAN_POINT('Ctrl Pts',(18.142672074192,-42.6765383341883,-16.));
#5438=CARTESIAN_POINT('Ctrl Pts',(18.142672074192,-42.4919185065182,-16.));
#5439=CARTESIAN_POINT('',(18.1426720733212,-43.0509523431539,-0.0153074973920685));
#5440=CARTESIAN_POINT('',(18.142672074192,-43.0509523431539,-10.1557296576664));
#5441=CARTESIAN_POINT('Ctrl Pts',(18.142672074192,-43.050952343137,-0.015307497682651));
#5442=CARTESIAN_POINT('Ctrl Pts',(18.142672074192,-42.8370367913399,-0.00300321703366666));
#5443=CARTESIAN_POINT('Ctrl Pts',(18.142672074192,-42.6440549984344,-1.98531710734658E-14));
#5444=CARTESIAN_POINT('Ctrl Pts',(18.142672074192,-42.4919185065204,-4.46799715281276E-15));
#5445=CARTESIAN_POINT('',(18.1426720741919,-23.4509523431538,-0.855729657666424));
#5446=CARTESIAN_POINT('',(18.142672074192,-32.9322257234058,-0.855729657666433));
#5447=CARTESIAN_POINT('',(18.1426720741919,-22.7509523431538,-1.55572965766642));
#5448=CARTESIAN_POINT('Origin',(18.1426720741919,-23.4509523431538,-1.55572965766643));
#5449=CARTESIAN_POINT('',(18.1426720741919,-22.7509523431538,-12.7640099266284));
#5450=CARTESIAN_POINT('',(18.1426720741919,-22.7509523431538,-1.55572965766642));
#5451=CARTESIAN_POINT('',(18.1426720741919,-16.4504761715769,-12.7640099266284));
#5452=CARTESIAN_POINT('Origin',(11.642672074192,-43.0509523431539,-1.00572965766643));
#5453=CARTESIAN_POINT('Ctrl Pts',(17.9545901475588,-43.0491986836308,-16.));
#5454=CARTESIAN_POINT('Ctrl Pts',(17.9855620186299,-43.0491946582479,-16.));
#5455=CARTESIAN_POINT('Ctrl Pts',(18.0165435955336,-43.0492099624689,-15.9987003074468));
#5456=CARTESIAN_POINT('Ctrl Pts',(18.0473851090674,-43.0492214689871,-15.9961416693456));
#5457=CARTESIAN_POINT('Ctrl Pts',(18.0781357907479,-43.0492329416172,-15.9935905667319));
#5458=CARTESIAN_POINT('Ctrl Pts',(18.1087482680199,-43.0492410346011,-15.9897881947356));
#5459=CARTESIAN_POINT('Ctrl Pts',(18.1391173015591,-43.0492394761469,-15.9847523750218));
#5460=CARTESIAN_POINT('Ctrl Pts',(17.958269796958,-43.0509523431539,-4.44089209850063E-15));
#5461=CARTESIAN_POINT('Ctrl Pts',(18.0200561729582,-43.0509523431539,-2.41897254502543E-14));
#5462=CARTESIAN_POINT('Ctrl Pts',(18.0817600030143,-43.0509523431539,-0.0051105720451535));
#5463=CARTESIAN_POINT('Ctrl Pts',(18.1426720724503,-43.0509523431539,-0.0153074973920673));
#5464=CARTESIAN_POINT('Ctrl Pts',(-1.46369583120531E-10,-55.8202721402324,
-4.44089209850063E-15));
#5465=CARTESIAN_POINT('Ctrl Pts',(3.77874354193673,-55.8220489740785,-4.44089209850063E-15));
#5466=CARTESIAN_POINT('Ctrl Pts',(10.0504288667023,-53.8923439203529,-4.44089209850063E-15));
#5467=CARTESIAN_POINT('Ctrl Pts',(16.3445129609292,-47.4767399792655,-4.44089209850063E-15));
#5468=CARTESIAN_POINT('Ctrl Pts',(18.2460090449792,-42.7140582855174,-4.44089209850063E-15));
#5469=CARTESIAN_POINT('Ctrl Pts',(18.6987122821546,-40.2396591481426,-4.44089209850063E-15));
#5470=CARTESIAN_POINT('Ctrl Pts',(-6.33324158550527E-5,-55.9549591312827,
-4.44089209850063E-15));
#5471=CARTESIAN_POINT('Ctrl Pts',(3.80538006244318,-55.9567485198845,-4.42096707856353E-15));
#5472=CARTESIAN_POINT('Ctrl Pts',(10.1216662077633,-54.0132873339685,-8.96142738431611E-15));
#5473=CARTESIAN_POINT('Ctrl Pts',(16.4602456841524,-47.5522978779219,-1.6443842770122E-14));
#5474=CARTESIAN_POINT('Ctrl Pts',(18.3752982420233,-42.7557812001082,-6.73986473266683E-15));
#5475=CARTESIAN_POINT('Ctrl Pts',(18.8312001905295,-40.2638984489497,-6.79603078652631E-15));
#5476=CARTESIAN_POINT('Ctrl Pts',(-0.000201388334056542,-56.2485588454619,
-0.0552097510278582));
#5477=CARTESIAN_POINT('Ctrl Pts',(3.86394881392951,-56.2503758390708,-0.0552097510278581));
#5478=CARTESIAN_POINT('Ctrl Pts',(10.2766328665572,-54.2773746573988,-0.0552097510278707));
#5479=CARTESIAN_POINT('Ctrl Pts',(16.7129154922948,-47.7169084492382,-0.0552097510278916));
#5480=CARTESIAN_POINT('Ctrl Pts',(18.6570710214872,-42.847062076932,-0.0552097510278645));
#5481=CARTESIAN_POINT('Ctrl Pts',(19.1200061971654,-40.3167368985535,-0.0552097510278646));
#5482=CARTESIAN_POINT('Ctrl Pts',(-0.000415481863891963,-56.7038656514737,
-0.409728488181908));
#5483=CARTESIAN_POINT('Ctrl Pts',(3.9539941567416,-56.7057250867089,-0.409728488181908));
#5484=CARTESIAN_POINT('Ctrl Pts',(10.5174486444415,-54.6862225294105,-0.40972848818192));
#5485=CARTESIAN_POINT('Ctrl Pts',(17.1041485971913,-47.9723302784419,-0.409728488181941));
#5486=CARTESIAN_POINT('Ctrl Pts',(19.0941305568087,-42.9881063101237,-0.409728488181914));
#5487=CARTESIAN_POINT('Ctrl Pts',(19.5678790461089,-40.3986773929132,-0.409728488181914));
#5488=CARTESIAN_POINT('Ctrl Pts',(-0.000470218257190629,-56.8202720296799,
-0.797969491089562));
#5489=CARTESIAN_POINT('Ctrl Pts',(3.9779025574548,-56.8221427328174,-0.797969491089562));
#5490=CARTESIAN_POINT('Ctrl Pts',(10.5784524411774,-54.7915360791779,-0.797969491089565));
#5491=CARTESIAN_POINT('Ctrl Pts',(17.2048551408887,-48.037464920206,-0.797969491089572));
#5492=CARTESIAN_POINT('Ctrl Pts',(19.2057654807194,-43.0247472480284,-0.797969491089564));
#5493=CARTESIAN_POINT('Ctrl Pts',(19.6823848157438,-40.4196267748484,-0.797969491089564));
#5494=CARTESIAN_POINT('Ctrl Pts',(-0.000470218257190477,-56.8202720296799,
-1.));
#5495=CARTESIAN_POINT('Ctrl Pts',(3.97715456288291,-56.8221423810968,-1.));
#5496=CARTESIAN_POINT('Ctrl Pts',(10.5789285889519,-54.7908739034908,-1.));
#5497=CARTESIAN_POINT('Ctrl Pts',(17.2042802670854,-48.037606597083,-1.));
#5498=CARTESIAN_POINT('Ctrl Pts',(19.2058550924012,-43.0242574457693,-1.));
#5499=CARTESIAN_POINT('Ctrl Pts',(19.6823848157438,-40.4196267748484,-1.));
#5500=CARTESIAN_POINT('',(-1.52655696347988E-15,-56.8202722452574,-1.));
#5501=CARTESIAN_POINT('Ctrl Pts',(-8.07560534285892E-14,-56.820272245099,
-1.));
#5502=CARTESIAN_POINT('Ctrl Pts',(4.47885453473639E-5,-56.8202722251216,
-0.865312994061153));
#5503=CARTESIAN_POINT('Ctrl Pts',(7.72624343883825E-5,-56.7926673322231,
-0.718513120744407));
#5504=CARTESIAN_POINT('Ctrl Pts',(9.26155750243092E-5,-56.7282193470253,
-0.580069347465648));
#5505=CARTESIAN_POINT('Ctrl Pts',(0.000107968715660236,-56.6637713618274,
-0.441625574186889));
#5506=CARTESIAN_POINT('Ctrl Pts',(0.000106147862190262,-56.5624802843544,
-0.311537900946117));
#5507=CARTESIAN_POINT('Ctrl Pts',(9.35314571862099E-5,-56.4395870760479,
-0.214860274428754));
#5508=CARTESIAN_POINT('Ctrl Pts',(7.46068496801312E-5,-56.2552472635881,
-0.0698438346527094));
#5509=CARTESIAN_POINT('Ctrl Pts',(3.11829511754413E-5,-56.0223026568515,
-4.33431068813661E-12));
#5510=CARTESIAN_POINT('Ctrl Pts',(-1.46369583120531E-10,-55.8202721402754,
-4.44089209850063E-15));
#5511=CARTESIAN_POINT('',(19.6823848157439,-40.4196267748484,-1.));
#5512=CARTESIAN_POINT('Ctrl Pts',(1.27112029154339E-10,-56.8202722450991,
-1.));
#5513=CARTESIAN_POINT('Ctrl Pts',(3.97746673568,-56.8220463282498,-1.));
#5514=CARTESIAN_POINT('Ctrl Pts',(10.5790404777888,-54.7907598544168,-1.));
#5515=CARTESIAN_POINT('Ctrl Pts',(17.2042802670854,-48.037606597083,-1.));
#5516=CARTESIAN_POINT('Ctrl Pts',(19.2058550924012,-43.0242574457693,-1.));
#5517=CARTESIAN_POINT('Ctrl Pts',(19.6823848157438,-40.4196267748484,-1.));
#5518=CARTESIAN_POINT('Ctrl Pts',(18.6987122821546,-40.2396591481426,-4.44089209850063E-15));
#5519=CARTESIAN_POINT('Ctrl Pts',(18.8974441447169,-40.2760180993533,-4.44089209850063E-15));
#5520=CARTESIAN_POINT('Ctrl Pts',(19.2793296685917,-40.3458858948425,-0.116379945124105));
#5521=CARTESIAN_POINT('Ctrl Pts',(19.6280694524475,-40.4096895175882,-0.571703743244358));
#5522=CARTESIAN_POINT('Ctrl Pts',(19.6823848157439,-40.4196267748484,-0.86531299405971));
#5523=CARTESIAN_POINT('Ctrl Pts',(19.6823848157439,-40.4196267748484,-1.));
#5524=CARTESIAN_POINT('Origin',(0.00893414395925759,-36.8202742407307,-0.250000000000004));
#5525=CARTESIAN_POINT('',(0.,-25.8202778688644,-0.500000000000004));
#5526=CARTESIAN_POINT('',(0.,-47.820270612597,-0.500000000000004));
#5527=CARTESIAN_POINT('Origin',(0.00893414395925759,-36.8202742407307,-0.500000000000004));
#5528=CARTESIAN_POINT('Ctrl Pts',(2.50669694419961E-10,-48.3202707703418,
-4.96130914129367E-15));
#5529=CARTESIAN_POINT('Ctrl Pts',(1.47159692581068E-6,-48.2786040899582,
-0.0416666666666714));
#5530=CARTESIAN_POINT('Ctrl Pts',(2.57510139154759E-6,-48.236937409711,
-0.0833333333333379));
#5531=CARTESIAN_POINT('Ctrl Pts',(4.04642675020415E-6,-48.1536040494991,
-0.166666666666671));
#5532=CARTESIAN_POINT('Ctrl Pts',(4.41424764137187E-6,-48.1119373695344,
-0.208333333333337));
#5533=CARTESIAN_POINT('Ctrl Pts',(4.41420585667952E-6,-48.0286040098973,
-0.29166666666667));
#5534=CARTESIAN_POINT('Ctrl Pts',(4.04634318328194E-6,-47.9869373302249,
-0.333333333333337));
#5535=CARTESIAN_POINT('Ctrl Pts',(2.57493426551817E-6,-47.903603971182,
-0.41666666666667));
#5536=CARTESIAN_POINT('Ctrl Pts',(1.47138802086171E-6,-47.8619372918116,
-0.458333333333336));
#5537=CARTESIAN_POINT('Ctrl Pts',(2.68882138776405E-16,-47.820270612597,
-0.500000000000003));
#5538=CARTESIAN_POINT('Ctrl Pts',(2.68882138776405E-16,-25.8202778688644,
-0.500000000000003));
#5539=CARTESIAN_POINT('Ctrl Pts',(1.47138802086171E-6,-25.7786111896499,
-0.458333333333336));
#5540=CARTESIAN_POINT('Ctrl Pts',(2.57493426278313E-6,-25.7369445102795,
-0.41666666666667));
#5541=CARTESIAN_POINT('Ctrl Pts',(4.04634318107735E-6,-25.6536111512366,
-0.333333333333337));
#5542=CARTESIAN_POINT('Ctrl Pts',(4.41420585626319E-6,-25.6119444715642,
-0.29166666666667));
#5543=CARTESIAN_POINT('Ctrl Pts',(4.41424764178821E-6,-25.5286111119271,
-0.208333333333337));
#5544=CARTESIAN_POINT('Ctrl Pts',(4.04642675243937E-6,-25.4869444319624,
-0.166666666666671));
#5545=CARTESIAN_POINT('Ctrl Pts',(2.57510139436259E-6,-25.4036110717505,
-0.0833333333333379));
#5546=CARTESIAN_POINT('Ctrl Pts',(1.47159692581068E-6,-25.3619443915033,
-0.0416666666666715));
#5547=CARTESIAN_POINT('Ctrl Pts',(2.50669694419961E-10,-25.3202777111196,
-4.96130914129367E-15));
#5548=CARTESIAN_POINT('Origin',(11.6426720741919,-23.4509523431538,-0.855729657666419));
#5549=CARTESIAN_POINT('',(11.6426720741919,-23.4509523431538,-0.855729657666419));
#5550=CARTESIAN_POINT('Origin',(11.6426720741919,-23.4509523431538,-1.55572965766642));
#5551=CARTESIAN_POINT('',(11.6426720741919,-22.7509523431538,-1.55572965766642));
#5552=CARTESIAN_POINT('Origin',(11.6426720741919,-22.7509523431538,-16.0000002384186));
#5553=CARTESIAN_POINT('',(11.196336037096,-22.7509523431538,-12.7640099266284));
#5554=CARTESIAN_POINT('Origin',(-2.77678727124292E-15,-24.5,-16.));
#5555=CARTESIAN_POINT('',(-16.4289321881345,-24.5,-12.7640099266284));
#5556=CARTESIAN_POINT('',(-16.4289321881345,-24.5,-16.));
#5557=CARTESIAN_POINT('',(5.375,-24.5,-12.7640099266284));
#5558=CARTESIAN_POINT('Ctrl Pts',(18.6987122821546,-40.2396591481426,-16.));
#5559=CARTESIAN_POINT('Ctrl Pts',(18.0196574263947,-43.951257854187,-16.));
#5560=CARTESIAN_POINT('Ctrl Pts',(14.9893183723951,-49.7780216263422,-16.));
#5561=CARTESIAN_POINT('Ctrl Pts',(7.543616287765,-54.8093434976104,-16.));
#5562=CARTESIAN_POINT('Ctrl Pts',(2.5191621185625,-55.8214566960262,-16.));
#5563=CARTESIAN_POINT('Ctrl Pts',(9.62807611415428E-11,-55.8202721402752,
-16.));
#5564=CARTESIAN_POINT('Ctrl Pts',(18.8312001905295,-40.2638984489497,-16.));
#5565=CARTESIAN_POINT('Ctrl Pts',(18.1473472677735,-44.0017225756694,-16.));
#5566=CARTESIAN_POINT('Ctrl Pts',(15.0954193614717,-49.8699139085397,-15.9999999999994));
#5567=CARTESIAN_POINT('Ctrl Pts',(7.59705364370061,-54.93679787681,-15.9999999999997));
#5568=CARTESIAN_POINT('Ctrl Pts',(2.53689868642874,-55.9561520569083,-15.9999999999971));
#5569=CARTESIAN_POINT('Ctrl Pts',(-6.33321714826157E-5,-55.9549591313212,
-15.9999999999971));
#5570=CARTESIAN_POINT('Ctrl Pts',(19.1199842448724,-40.3167328822758,-15.9448069546899));
#5571=CARTESIAN_POINT('Ctrl Pts',(18.4255814813585,-44.1122206498253,-15.9448069546899));
#5572=CARTESIAN_POINT('Ctrl Pts',(15.3272258730853,-50.0699916418055,-15.9448069546882));
#5573=CARTESIAN_POINT('Ctrl Pts',(7.71338120419284,-55.21499921469,-15.944806954689));
#5574=CARTESIAN_POINT('Ctrl Pts',(2.57589850883642,-56.2497478577469,-15.9448069546818));
#5575=CARTESIAN_POINT('Ctrl Pts',(-0.000201377592228366,-56.248536528824,
-15.9448069546818));
#5576=CARTESIAN_POINT('Ctrl Pts',(19.5678198067914,-40.3986665547948,-15.5903097361974));
#5577=CARTESIAN_POINT('Ctrl Pts',(18.8571970728446,-44.2828099305919,-15.5903097361974));
#5578=CARTESIAN_POINT('Ctrl Pts',(15.6858774802837,-50.3806021691108,-15.5903097361957));
#5579=CARTESIAN_POINT('Ctrl Pts',(7.89400759365805,-55.6458270183441,-15.5903097361965));
#5580=CARTESIAN_POINT('Ctrl Pts',(2.63585738489472,-56.7050450522229,-15.5903097361894));
#5581=CARTESIAN_POINT('Ctrl Pts',(-0.000415453292183946,-56.7038054288859,
-15.5903097361894));
#5582=CARTESIAN_POINT('Ctrl Pts',(19.6823848157438,-40.4196267748484,-15.2020305089104));
#5583=CARTESIAN_POINT('Ctrl Pts',(18.9674558132106,-44.3273074845997,-15.2020305089104));
#5584=CARTESIAN_POINT('Ctrl Pts',(15.778550178239,-50.4596851211477,-15.20203050891));
#5585=CARTESIAN_POINT('Ctrl Pts',(7.93995825488253,-55.7567079611407,-15.2020305089102));
#5586=CARTESIAN_POINT('Ctrl Pts',(2.65177804338299,-56.8215191649509,-15.2020305089083));
#5587=CARTESIAN_POINT('Ctrl Pts',(-0.00047021800175031,-56.82027202968,
-15.2020305089083));
#5588=CARTESIAN_POINT('Ctrl Pts',(19.6823848157438,-40.4196267748484,-15.));
#5589=CARTESIAN_POINT('Ctrl Pts',(18.9675902307334,-44.3265727812111,-15.));
#5590=CARTESIAN_POINT('Ctrl Pts',(15.7777596475759,-50.4600083308385,-15.));
#5591=CARTESIAN_POINT('Ctrl Pts',(7.94017850585998,-55.7561366163888,-15.));
#5592=CARTESIAN_POINT('Ctrl Pts',(2.65127938038374,-56.8215189304705,-15.));
#5593=CARTESIAN_POINT('Ctrl Pts',(-0.000470218001750391,-56.82027202968,
-15.));
#5594=CARTESIAN_POINT('',(19.6823848157439,-40.4196267748484,-15.));
#5595=CARTESIAN_POINT('Ctrl Pts',(19.6823848157439,-40.4196267748484,-15.));
#5596=CARTESIAN_POINT('Ctrl Pts',(19.6823848157439,-40.4196267748484,-15.2020305089104));
#5597=CARTESIAN_POINT('Ctrl Pts',(19.5678381972575,-40.3986699194191,-15.5902978613756));
#5598=CARTESIAN_POINT('Ctrl Pts',(19.1199911566794,-40.3167341468242,-15.9448017114386));
#5599=CARTESIAN_POINT('Ctrl Pts',(18.8312001905295,-40.2638984489497,-16.));
#5600=CARTESIAN_POINT('Ctrl Pts',(18.6987122821546,-40.2396591481426,-16.));
#5601=CARTESIAN_POINT('',(1.87548550617497E-15,-56.8202722452574,-15.));
#5602=CARTESIAN_POINT('Ctrl Pts',(19.6823848157438,-40.4196267748484,-15.));
#5603=CARTESIAN_POINT('Ctrl Pts',(18.9675902307334,-44.3265727812111,-15.));
#5604=CARTESIAN_POINT('Ctrl Pts',(15.7777596475759,-50.4600083308385,-15.));
#5605=CARTESIAN_POINT('Ctrl Pts',(7.9403108667507,-55.7560471754956,-15.));
#5606=CARTESIAN_POINT('Ctrl Pts',(2.65159199550132,-56.8214559562254,-15.));
#5607=CARTESIAN_POINT('Ctrl Pts',(1.2941850848912E-10,-56.8202722451888,
-15.));
#5608=CARTESIAN_POINT('Ctrl Pts',(2.37467380828638E-14,-56.8202722451888,
-15.));
#5609=CARTESIAN_POINT('Ctrl Pts',(-6.71739712924205E-5,-56.8202722152064,
-15.2020305088991));
#5610=CARTESIAN_POINT('Ctrl Pts',(-0.000103229719094798,-56.7503922235994,
-15.4349980452709));
#5611=CARTESIAN_POINT('Ctrl Pts',(-0.000103434318168283,-56.605371062429,
-15.6193414874368));
#5612=CARTESIAN_POINT('Ctrl Pts',(-0.000103570717550938,-56.5086902883195,
-15.7422371155423));
#5613=CARTESIAN_POINT('Ctrl Pts',(-8.77246645747878E-5,-56.3786134388739,
-15.8435220351124));
#5614=CARTESIAN_POINT('Ctrl Pts',(-6.7028396850688E-5,-56.2401806546254,
-15.907962756226));
#5615=CARTESIAN_POINT('Ctrl Pts',(-4.63321291269775E-5,-56.1017478703762,
-15.97240347734));
#5616=CARTESIAN_POINT('Ctrl Pts',(-2.0788619355045E-5,-55.9549591513241,
-15.9999999999971));
#5617=CARTESIAN_POINT('Ctrl Pts',(9.62807611415428E-11,-55.8202721402752,
-16.));
#5618=CARTESIAN_POINT('Origin',(1.23259516440783E-32,-3.,-12.5140099266284));
#5619=CARTESIAN_POINT('',(-11.5,-3.,-12.7640099266284));
#5620=CARTESIAN_POINT('',(-11.,-3.,-12.2640099266284));
#5621=CARTESIAN_POINT('',(-11.5,-3.,-12.7640099266284));
#5622=CARTESIAN_POINT('',(11.,-3.,-12.2640099266284));
#5623=CARTESIAN_POINT('Origin',(0.,-3.,-12.2640099266284));
#5624=CARTESIAN_POINT('',(11.5,-3.,-12.7640099266284));
#5625=CARTESIAN_POINT('',(11.,-3.,-12.2640099266284));
#5626=CARTESIAN_POINT('Origin',(2.46519032881565E-32,-3.,-12.7640099266284));
#5627=CARTESIAN_POINT('Origin',(-11.25,-1.5,-12.5140099266284));
#5628=CARTESIAN_POINT('',(-11.5,3.,-12.7640099266284));
#5629=CARTESIAN_POINT('',(-11.,3.,-12.2640099266284));
#5630=CARTESIAN_POINT('',(-11.5,3.,-12.7640099266284));
#5631=CARTESIAN_POINT('',(-11.,-1.5,-12.2640099266284));
#5632=CARTESIAN_POINT('',(-11.5,-1.5,-12.7640099266284));
#5633=CARTESIAN_POINT('Origin',(1.23259516440785E-32,3.,-12.5140099266284));
#5634=CARTESIAN_POINT('',(11.5,3.,-12.7640099266284));
#5635=CARTESIAN_POINT('',(11.,3.,-12.2640099266284));
#5636=CARTESIAN_POINT('',(11.5,3.,-12.7640099266284));
#5637=CARTESIAN_POINT('Origin',(0.,3.,-12.2640099266284));
#5638=CARTESIAN_POINT('Origin',(2.46519032881569E-32,3.,-12.7640099266284));
#5639=CARTESIAN_POINT('Origin',(11.25,1.5,-12.5140099266284));
#5640=CARTESIAN_POINT('',(11.,1.5,-12.2640099266284));
#5641=CARTESIAN_POINT('',(11.5,1.5,-12.7640099266284));
#5642=CARTESIAN_POINT('Origin',(11.,3.,0.));
#5643=CARTESIAN_POINT('',(11.,-3.,-0.500000000000004));
#5644=CARTESIAN_POINT('',(11.,-3.,0.));
#5645=CARTESIAN_POINT('',(11.,3.,-0.500000000000004));
#5646=CARTESIAN_POINT('',(11.,0.544931439817314,-0.500000000000004));
#5647=CARTESIAN_POINT('',(11.,3.,0.));
#5648=CARTESIAN_POINT('Origin',(0.,-3.,0.));
#5649=CARTESIAN_POINT('',(-11.,-3.,-0.500000000000004));
#5650=CARTESIAN_POINT('',(-11.,-3.,0.));
#5651=CARTESIAN_POINT('Origin',(0.,-3.,-0.500000000000004));
#5652=CARTESIAN_POINT('Origin',(10.75,2.98778271548066E-127,-12.7640099266284));
#5653=CARTESIAN_POINT('',(20.9142135623731,20.8431457505076,-12.7640099266284));
#5654=CARTESIAN_POINT('',(23.8768398282202,17.8805194846605,-12.7640099266284));
#5655=CARTESIAN_POINT('',(21.5,19.4289321881345,-12.7640099266284));
#5656=CARTESIAN_POINT('Origin',(19.5,19.4289321881345,-12.7640099266284));
#5657=CARTESIAN_POINT('',(21.5,-19.4289321881345,-12.7640099266284));
#5658=CARTESIAN_POINT('',(21.5,-10.1286796564404,-12.7640099266284));
#5659=CARTESIAN_POINT('Origin',(19.5,-19.4289321881345,-12.7640099266284));
#5660=CARTESIAN_POINT('',(-17.8431457505076,-23.9142135623731,-12.7640099266284));
#5661=CARTESIAN_POINT('Origin',(-16.4289321881345,-22.5,-12.7640099266284));
#5662=CARTESIAN_POINT('',(-20.9142135623731,-20.8431457505076,-12.7640099266284));
#5663=CARTESIAN_POINT('',(-23.8768398282202,-17.8805194846606,-12.7640099266284));
#5664=CARTESIAN_POINT('',(-21.5,-19.4289321881345,-12.7640099266284));
#5665=CARTESIAN_POINT('Origin',(-19.5,-19.4289321881345,-12.7640099266284));
#5666=CARTESIAN_POINT('',(-21.5,19.4289321881345,-12.7640099266284));
#5667=CARTESIAN_POINT('',(-21.5,10.1286796564404,-12.7640099266284));
#5668=CARTESIAN_POINT('Origin',(-19.5,19.4289321881345,-12.7640099266284));
#5669=CARTESIAN_POINT('',(-13.9,18.5,-12.7640099266284));
#5670=CARTESIAN_POINT('',(-13.9,12.5,-12.7640099266284));
#5671=CARTESIAN_POINT('',(-13.9,6.25000000000001,-12.7640099266284));
#5672=CARTESIAN_POINT('',(-17.1,18.5,-12.7640099266284));
#5673=CARTESIAN_POINT('Origin',(-15.5,18.5,-12.7640099266284));
#5674=CARTESIAN_POINT('',(-17.1,12.5,-12.7640099266284));
#5675=CARTESIAN_POINT('',(-17.1,9.25000000000001,-12.7640099266284));
#5676=CARTESIAN_POINT('Origin',(-15.5,12.5,-12.7640099266284));
#5677=CARTESIAN_POINT('',(-13.9,-12.5,-12.7640099266284));
#5678=CARTESIAN_POINT('',(-13.9,-18.5,-12.7640099266284));
#5679=CARTESIAN_POINT('',(-13.9,-6.25000000000001,-12.7640099266284));
#5680=CARTESIAN_POINT('',(-17.1,-12.5,-12.7640099266284));
#5681=CARTESIAN_POINT('Origin',(-15.5,-12.5,-12.7640099266284));
#5682=CARTESIAN_POINT('',(-17.1,-18.5,-12.7640099266284));
#5683=CARTESIAN_POINT('',(-17.1,-9.25000000000001,-12.7640099266284));
#5684=CARTESIAN_POINT('Origin',(-15.5,-18.5,-12.7640099266284));
#5685=CARTESIAN_POINT('',(17.1,-12.5,-12.7640099266284));
#5686=CARTESIAN_POINT('',(17.1,-18.5,-12.7640099266284));
#5687=CARTESIAN_POINT('',(17.1,-9.25000000000001,-12.7640099266284));
#5688=CARTESIAN_POINT('',(13.9,-12.5,-12.7640099266284));
#5689=CARTESIAN_POINT('Origin',(15.5,-12.5,-12.7640099266284));
#5690=CARTESIAN_POINT('',(13.9,-18.5,-12.7640099266284));
#5691=CARTESIAN_POINT('',(13.9,-6.25000000000001,-12.7640099266284));
#5692=CARTESIAN_POINT('Origin',(15.5,-18.5,-12.7640099266284));
#5693=CARTESIAN_POINT('',(17.1,18.5,-12.7640099266284));
#5694=CARTESIAN_POINT('',(17.1,12.5,-12.7640099266284));
#5695=CARTESIAN_POINT('',(17.1,9.25000000000001,-12.7640099266284));
#5696=CARTESIAN_POINT('',(13.9,18.5,-12.7640099266284));
#5697=CARTESIAN_POINT('Origin',(15.5,18.5,-12.7640099266284));
#5698=CARTESIAN_POINT('',(13.9,12.5,-12.7640099266284));
#5699=CARTESIAN_POINT('',(13.9,6.25000000000001,-12.7640099266284));
#5700=CARTESIAN_POINT('Origin',(15.5,12.5,-12.7640099266284));
#5701=CARTESIAN_POINT('Origin',(0.,3.,-0.250000000000004));
#5702=CARTESIAN_POINT('',(11.,3.,-0.500000000000004));
#5703=CARTESIAN_POINT('',(-11.,3.,-0.500000000000004));
#5704=CARTESIAN_POINT('',(-11.5,3.,-4.44089209850063E-15));
#5705=CARTESIAN_POINT('Origin',(0.,3.,-0.500000000000004));
#5706=CARTESIAN_POINT('Origin',(11.25,0.544931439817314,-0.250000000000004));
#5707=CARTESIAN_POINT('',(11.,-3.,-0.500000000000004));
#5708=CARTESIAN_POINT('Origin',(0.,-3.,-0.250000000000004));
#5709=CARTESIAN_POINT('',(-11.,-3.,-0.500000000000004));
#5710=CARTESIAN_POINT('Origin',(-11.25,-2.45506856018269,-0.250000000000004));
#5711=CARTESIAN_POINT('',(-11.,-2.45506856018269,-0.500000000000004));
#5712=CARTESIAN_POINT('Origin',(0.,3.,0.));
#5713=CARTESIAN_POINT('',(-11.,3.,0.));
#5714=CARTESIAN_POINT('Origin',(-0.00893414395925759,-36.8202742407307,
-15.75));
#5715=CARTESIAN_POINT('',(0.,-25.8202778688644,-15.5));
#5716=CARTESIAN_POINT('Ctrl Pts',(-2.68882138776405E-16,-25.8202778688644,
-15.5));
#5717=CARTESIAN_POINT('Ctrl Pts',(-1.4713880208617E-6,-25.7786111896499,
-15.5416666666667));
#5718=CARTESIAN_POINT('Ctrl Pts',(-2.57493426278314E-6,-25.7369445102795,
-15.5833333333333));
#5719=CARTESIAN_POINT('Ctrl Pts',(-4.04634318107734E-6,-25.6536111512366,
-15.6666666666667));
#5720=CARTESIAN_POINT('Ctrl Pts',(-4.41420585626321E-6,-25.6119444715642,
-15.7083333333333));
#5721=CARTESIAN_POINT('Ctrl Pts',(-4.41424764178819E-6,-25.5286111119271,
-15.7916666666667));
#5722=CARTESIAN_POINT('Ctrl Pts',(-4.04642675020416E-6,-25.4869444319624,
-15.8333333333333));
#5723=CARTESIAN_POINT('Ctrl Pts',(-2.57510139154758E-6,-25.4036110717505,
-15.9166666666667));
#5724=CARTESIAN_POINT('Ctrl Pts',(-1.47159692581069E-6,-25.3619443915033,
-15.9583333333333));
#5725=CARTESIAN_POINT('Ctrl Pts',(-2.50669694419961E-10,-25.3202777111196,
-16.));
#5726=CARTESIAN_POINT('',(0.,-47.820270612597,-15.5));
#5727=CARTESIAN_POINT('Origin',(-0.00893414395925759,-36.8202742407307,
-15.5));
#5728=CARTESIAN_POINT('Ctrl Pts',(2.68882138776405E-16,-47.820270612597,
-15.5));
#5729=CARTESIAN_POINT('Ctrl Pts',(1.4713880208617E-6,-47.8619372918116,
-15.5416666666667));
#5730=CARTESIAN_POINT('Ctrl Pts',(2.57493426278314E-6,-47.903603971182,
-15.5833333333333));
#5731=CARTESIAN_POINT('Ctrl Pts',(4.04634318107734E-6,-47.9869373302249,
-15.6666666666667));
#5732=CARTESIAN_POINT('Ctrl Pts',(4.41420585626321E-6,-48.0286040098973,
-15.7083333333333));
#5733=CARTESIAN_POINT('Ctrl Pts',(4.41424764178819E-6,-48.1119373695344,
-15.7916666666667));
#5734=CARTESIAN_POINT('Ctrl Pts',(4.04642675020416E-6,-48.1536040494991,
-15.8333333333333));
#5735=CARTESIAN_POINT('Ctrl Pts',(2.57510139154758E-6,-48.236937409711,
-15.9166666666667));
#5736=CARTESIAN_POINT('Ctrl Pts',(1.47159692581069E-6,-48.2786040899582,
-15.9583333333333));
#5737=CARTESIAN_POINT('Ctrl Pts',(2.50669694419961E-10,-48.3202707703418,
-16.));
#5738=CARTESIAN_POINT('Origin',(0.00893414395925759,-36.8202742407307,-15.75));
#5739=CARTESIAN_POINT('Origin',(0.00893414395925759,-36.8202742407307,-15.5));
#5740=CARTESIAN_POINT('Origin',(-0.00893414395925759,-36.8202742407307,
-4.44089209850063E-15));
#5741=CARTESIAN_POINT('',(1.11022302462516E-15,-25.8202778688644,-9.));
#5742=CARTESIAN_POINT('',(0.,-25.8202778688644,-2.01803094983413E-15));
#5743=CARTESIAN_POINT('',(-7.8159700933611E-13,-47.820270612597,-9.));
#5744=CARTESIAN_POINT('Origin',(-0.00893414395925759,-36.8202742407307,
-9.));
#5745=CARTESIAN_POINT('',(0.,-47.820270612597,-3.73748054206779E-15));
#5746=CARTESIAN_POINT('Origin',(-0.00893414395925759,-36.8202742407307,
-0.250000000000004));
#5747=CARTESIAN_POINT('Origin',(-0.00893414395925759,-36.8202742407307,
-0.500000000000004));
#5748=CARTESIAN_POINT('Origin',(-0.00893414395925759,-36.8202742407307,
-4.44089209850063E-15));
#5749=CARTESIAN_POINT('',(-7.81692419127289E-13,-47.820270612597,-7.));
#5750=CARTESIAN_POINT('',(0.,-47.820270612597,-3.73748054206779E-15));
#5751=CARTESIAN_POINT('',(9.40003283544932E-16,-25.8202778688644,-7.));
#5752=CARTESIAN_POINT('Origin',(-0.00893414395925759,-36.8202742407307,
-7.));
#5753=CARTESIAN_POINT('',(0.,-25.8202778688644,-2.01803094983413E-15));
#5754=CARTESIAN_POINT('Origin',(0.00893414395925759,-36.8202742407307,-7.));
#5755=CARTESIAN_POINT('',(-9.64106585604075,-36.8202742407307,-9.));
#5756=CARTESIAN_POINT('Origin',(0.00893414395925759,-36.8202742407307,-9.));
#5757=CARTESIAN_POINT('',(-9.64106585604075,-36.8202742407307,-7.));
#5758=CARTESIAN_POINT('',(-9.64106585604075,-36.8202742407307,-7.));
#5759=CARTESIAN_POINT('Origin',(0.00893414395925759,-36.8202742407307,-7.));
#5760=CARTESIAN_POINT('Origin',(1.3850247797026E-35,-36.8202742407307,-9.));
#5761=CARTESIAN_POINT('Origin',(0.00893414395925759,-36.8202742407307,-9.));
#5762=CARTESIAN_POINT('Origin',(1.3850247797026E-35,-36.8202742407307,-7.));
#5763=CARTESIAN_POINT('Origin',(0.00893414395925759,-36.8202742407307,-7.));
#5764=CARTESIAN_POINT('Origin',(0.00893414395925759,-36.8202742407307,-4.44089209850063E-15));
#5765=CARTESIAN_POINT('Origin',(0.00893414395925759,-36.8202742407307,-4.44089209850063E-15));
#5766=CARTESIAN_POINT('Origin',(19.5,19.4289321881345,-16.));
#5767=CARTESIAN_POINT('',(20.9142135623731,20.8431457505076,-16.));
#5768=CARTESIAN_POINT('',(21.5,19.4289321881345,-16.));
#5769=CARTESIAN_POINT('Origin',(21.5,20.2573593128807,-16.));
#5770=CARTESIAN_POINT('Origin',(19.5,-19.4289321881345,-16.));
#5771=CARTESIAN_POINT('',(21.5,-19.4289321881345,-16.));
#5772=CARTESIAN_POINT('Origin',(-16.4289321881345,-22.5,-16.));
#5773=CARTESIAN_POINT('',(-17.8431457505076,-23.9142135623731,-16.));
#5774=CARTESIAN_POINT('Origin',(-21.5,-20.2573593128807,-16.));
#5775=CARTESIAN_POINT('',(-20.9142135623731,-20.8431457505076,-16.));
#5776=CARTESIAN_POINT('Origin',(-19.5,-19.4289321881345,-16.));
#5777=CARTESIAN_POINT('',(-21.5,-19.4289321881345,-16.));
#5778=CARTESIAN_POINT('Origin',(-19.5,19.4289321881345,-16.));
#5779=CARTESIAN_POINT('',(-21.5,19.4289321881345,-16.));
#5780=CARTESIAN_POINT('Origin',(-21.5,20.2573593128807,-16.));
#5781=CARTESIAN_POINT('Origin',(-15.5,12.5,-10.));
#5782=CARTESIAN_POINT('',(-17.1,12.5,-10.));
#5783=CARTESIAN_POINT('',(-17.1,12.5,-10.));
#5784=CARTESIAN_POINT('',(-13.9,12.5,-10.));
#5785=CARTESIAN_POINT('Origin',(-15.5,12.5,-10.));
#5786=CARTESIAN_POINT('',(-13.9,12.5,-10.));
#5787=CARTESIAN_POINT('Origin',(-17.1,18.5,-10.));
#5788=CARTESIAN_POINT('',(-17.1,18.5,-10.));
#5789=CARTESIAN_POINT('',(-17.1,18.5,-10.));
#5790=CARTESIAN_POINT('',(-17.1,17.,-10.));
#5791=CARTESIAN_POINT('Origin',(-15.5,-18.5,-10.));
#5792=CARTESIAN_POINT('',(-17.1,-18.5,-10.));
#5793=CARTESIAN_POINT('',(-17.1,-18.5,-10.));
#5794=CARTESIAN_POINT('',(-13.9,-18.5,-10.));
#5795=CARTESIAN_POINT('Origin',(-15.5,-18.5,-10.));
#5796=CARTESIAN_POINT('',(-13.9,-18.5,-10.));
#5797=CARTESIAN_POINT('Origin',(-17.1,-18.5,-10.));
#5798=CARTESIAN_POINT('',(-17.1,-12.5,-10.));
#5799=CARTESIAN_POINT('',(-17.1,-12.5,-10.));
#5800=CARTESIAN_POINT('',(-17.1,-17.,-10.));
#5801=CARTESIAN_POINT('Origin',(21.5,-20.2573593128807,-16.));
#5802=CARTESIAN_POINT('Origin',(13.9,12.5,-10.));
#5803=CARTESIAN_POINT('',(13.9,18.5,-10.));
#5804=CARTESIAN_POINT('',(13.9,18.5,-10.));
#5805=CARTESIAN_POINT('',(13.9,12.5,-10.));
#5806=CARTESIAN_POINT('',(13.9,14.,-10.));
#5807=CARTESIAN_POINT('',(13.9,12.5,-10.));
#5808=CARTESIAN_POINT('Origin',(15.5,18.5,-10.));
#5809=CARTESIAN_POINT('',(17.1,18.5,-10.));
#5810=CARTESIAN_POINT('',(17.1,18.5,-10.));
#5811=CARTESIAN_POINT('Origin',(15.5,18.5,-10.));
#5812=CARTESIAN_POINT('Origin',(13.9,-12.5,-10.));
#5813=CARTESIAN_POINT('',(13.9,-12.5,-10.));
#5814=CARTESIAN_POINT('',(13.9,-12.5,-10.));
#5815=CARTESIAN_POINT('',(13.9,-18.5,-10.));
#5816=CARTESIAN_POINT('',(13.9,-14.,-10.));
#5817=CARTESIAN_POINT('',(13.9,-18.5,-10.));
#5818=CARTESIAN_POINT('Origin',(15.5,-12.5,-10.));
#5819=CARTESIAN_POINT('',(17.1,-12.5,-10.));
#5820=CARTESIAN_POINT('',(17.1,-12.5,-10.));
#5821=CARTESIAN_POINT('Origin',(15.5,-12.5,-10.));
#5822=CARTESIAN_POINT('Origin',(-13.9,-12.5,-10.));
#5823=CARTESIAN_POINT('',(-13.9,-12.5,-10.));
#5824=CARTESIAN_POINT('',(-13.9,-14.,-10.));
#5825=CARTESIAN_POINT('',(-13.9,-12.5,-10.));
#5826=CARTESIAN_POINT('Origin',(-15.5,-12.5,-10.));
#5827=CARTESIAN_POINT('Origin',(-15.5,-12.5,-10.));
#5828=CARTESIAN_POINT('Origin',(-18.75,-18.5,0.));
#5829=CARTESIAN_POINT('',(-18.75,-18.5,-10.));
#5830=CARTESIAN_POINT('',(-18.75,-18.5,0.));
#5831=CARTESIAN_POINT('',(-18.75,-12.5,-10.));
#5832=CARTESIAN_POINT('',(-18.75,-12.5,-10.));
#5833=CARTESIAN_POINT('',(-18.75,-12.5,0.));
#5834=CARTESIAN_POINT('Origin',(-15.5,-18.5,0.));
#5835=CARTESIAN_POINT('',(-12.25,-18.5,-10.));
#5836=CARTESIAN_POINT('',(-12.25,-18.5,0.));
#5837=CARTESIAN_POINT('Origin',(-15.5,-18.5,-10.));
#5838=CARTESIAN_POINT('Origin',(-12.25,-12.5,0.));
#5839=CARTESIAN_POINT('',(-12.25,-12.5,-10.));
#5840=CARTESIAN_POINT('',(-12.25,-12.5,0.));
#5841=CARTESIAN_POINT('',(-12.25,-18.5,-10.));
#5842=CARTESIAN_POINT('Origin',(-15.5,-12.5,0.));
#5843=CARTESIAN_POINT('Origin',(-15.5,-12.5,-10.));
#5844=CARTESIAN_POINT('Origin',(-15.5,-15.5,-10.));
#5845=CARTESIAN_POINT('Origin',(17.1,-18.5,-10.));
#5846=CARTESIAN_POINT('',(17.1,-18.5,-10.));
#5847=CARTESIAN_POINT('',(17.1,-18.5,-10.));
#5848=CARTESIAN_POINT('',(17.1,-17.,-10.));
#5849=CARTESIAN_POINT('Origin',(15.5,-18.5,-10.));
#5850=CARTESIAN_POINT('Origin',(15.5,-18.5,-10.));
#5851=CARTESIAN_POINT('Origin',(18.75,-18.5,0.));
#5852=CARTESIAN_POINT('',(18.75,-12.5,-10.));
#5853=CARTESIAN_POINT('',(18.75,-12.5,0.));
#5854=CARTESIAN_POINT('',(18.75,-18.5,-10.));
#5855=CARTESIAN_POINT('',(18.75,-12.5,-10.));
#5856=CARTESIAN_POINT('',(18.75,-18.5,0.));
#5857=CARTESIAN_POINT('Origin',(15.5,-18.5,0.));
#5858=CARTESIAN_POINT('',(12.25,-18.5,-10.));
#5859=CARTESIAN_POINT('Origin',(15.5,-18.5,-10.));
#5860=CARTESIAN_POINT('',(12.25,-18.5,0.));
#5861=CARTESIAN_POINT('Origin',(12.25,-12.5,0.));
#5862=CARTESIAN_POINT('',(12.25,-12.5,-10.));
#5863=CARTESIAN_POINT('',(12.25,-18.5,-10.));
#5864=CARTESIAN_POINT('',(12.25,-12.5,0.));
#5865=CARTESIAN_POINT('Origin',(15.5,-12.5,0.));
#5866=CARTESIAN_POINT('Origin',(15.5,-12.5,-10.));
#5867=CARTESIAN_POINT('Origin',(15.5,-15.5,-10.));
#5868=CARTESIAN_POINT('Origin',(-13.9,12.5,-10.));
#5869=CARTESIAN_POINT('',(-13.9,18.5,-10.));
#5870=CARTESIAN_POINT('',(-13.9,14.,-10.));
#5871=CARTESIAN_POINT('',(-13.9,18.5,-10.));
#5872=CARTESIAN_POINT('Origin',(-15.5,18.5,-10.));
#5873=CARTESIAN_POINT('Origin',(-15.5,18.5,-10.));
#5874=CARTESIAN_POINT('Origin',(-18.75,18.5,0.));
#5875=CARTESIAN_POINT('',(-18.75,12.5,-10.));
#5876=CARTESIAN_POINT('',(-18.75,12.5,0.));
#5877=CARTESIAN_POINT('',(-18.75,18.5,-10.));
#5878=CARTESIAN_POINT('',(-18.75,12.5,-10.));
#5879=CARTESIAN_POINT('',(-18.75,18.5,0.));
#5880=CARTESIAN_POINT('Origin',(-15.5,18.5,0.));
#5881=CARTESIAN_POINT('',(-12.25,18.5,-10.));
#5882=CARTESIAN_POINT('Origin',(-15.5,18.5,-10.));
#5883=CARTESIAN_POINT('',(-12.25,18.5,0.));
#5884=CARTESIAN_POINT('Origin',(-12.25,12.5,0.));
#5885=CARTESIAN_POINT('',(-12.25,12.5,-10.));
#5886=CARTESIAN_POINT('',(-12.25,18.5,-10.));
#5887=CARTESIAN_POINT('',(-12.25,12.5,0.));
#5888=CARTESIAN_POINT('Origin',(-15.5,12.5,0.));
#5889=CARTESIAN_POINT('Origin',(-15.5,12.5,-10.));
#5890=CARTESIAN_POINT('Origin',(-15.5,15.5,-10.));
#5891=CARTESIAN_POINT('Origin',(17.1,18.5,-10.));
#5892=CARTESIAN_POINT('',(17.1,12.5,-10.));
#5893=CARTESIAN_POINT('',(17.1,12.5,-10.));
#5894=CARTESIAN_POINT('',(17.1,17.,-10.));
#5895=CARTESIAN_POINT('Origin',(15.5,12.5,-10.));
#5896=CARTESIAN_POINT('Origin',(15.5,12.5,-10.));
#5897=CARTESIAN_POINT('Origin',(18.75,18.5,0.));
#5898=CARTESIAN_POINT('',(18.75,18.5,-10.));
#5899=CARTESIAN_POINT('',(18.75,18.5,0.));
#5900=CARTESIAN_POINT('',(18.75,12.5,-10.));
#5901=CARTESIAN_POINT('',(18.75,12.5,-10.));
#5902=CARTESIAN_POINT('',(18.75,12.5,0.));
#5903=CARTESIAN_POINT('Origin',(15.5,18.5,0.));
#5904=CARTESIAN_POINT('',(12.25,18.5,-10.));
#5905=CARTESIAN_POINT('',(12.25,18.5,0.));
#5906=CARTESIAN_POINT('Origin',(15.5,18.5,-10.));
#5907=CARTESIAN_POINT('Origin',(12.25,12.5,0.));
#5908=CARTESIAN_POINT('',(12.25,12.5,-10.));
#5909=CARTESIAN_POINT('',(12.25,12.5,0.));
#5910=CARTESIAN_POINT('',(12.25,18.5,-10.));
#5911=CARTESIAN_POINT('Origin',(15.5,12.5,0.));
#5912=CARTESIAN_POINT('Origin',(15.5,12.5,-10.));
#5913=CARTESIAN_POINT('Origin',(15.5,15.5,-10.));
#5914=CARTESIAN_POINT('Ctrl Pts',(23.4641016151388,20.6664445752346,-15.8857819657376));
#5915=CARTESIAN_POINT('Ctrl Pts',(23.4641016151388,20.9029885333661,-15.8857819657376));
#5916=CARTESIAN_POINT('Ctrl Pts',(23.4552315567386,21.1394831185443,-15.8857819657375));
#5917=CARTESIAN_POINT('Ctrl Pts',(23.4375136648182,21.3753558588615,-15.8857819657375));
#5918=CARTESIAN_POINT('Ctrl Pts',(23.313101692018,20.6664445752346,-15.9648977198587));
#5919=CARTESIAN_POINT('Ctrl Pts',(23.313101692018,20.8992080082118,-15.9648977198587));
#5920=CARTESIAN_POINT('Ctrl Pts',(23.3043726715641,21.1319422229177,-15.9648977198586));
#5921=CARTESIAN_POINT('Ctrl Pts',(23.2869379529558,21.3640451657097,-15.9648977198586));
#5922=CARTESIAN_POINT('Ctrl Pts',(23.1488923126159,20.6664445752347,-15.9999999999999));
#5923=CARTESIAN_POINT('Ctrl Pts',(23.1488923126159,20.8951020390241,-15.9999999999999));
#5924=CARTESIAN_POINT('Ctrl Pts',(23.1403170632722,21.1237363896795,-15.9999999999998));
#5925=CARTESIAN_POINT('Ctrl Pts',(23.1231898947652,21.3517450143937,-15.9999999999998));
#5926=CARTESIAN_POINT('Ctrl Pts',(23.0000000000017,20.6664445752347,-16.));
#5927=CARTESIAN_POINT('Ctrl Pts',(23.0000000000017,20.8913888657501,-16.));
#5928=CARTESIAN_POINT('Ctrl Pts',(22.9915649124632,21.1162862044684,-16.));
#5929=CARTESIAN_POINT('Ctrl Pts',(22.9747158723991,21.3405921924198,-16.));
#5930=CARTESIAN_POINT('Ctrl Pts',(23.4641016151388,20.6664445752346,-15.8857819657376));
#5931=CARTESIAN_POINT('Ctrl Pts',(23.313101692018,20.6664445752346,-15.9648977198587));
#5932=CARTESIAN_POINT('Ctrl Pts',(23.1488923126159,20.6664445752347,-15.9999999999999));
#5933=CARTESIAN_POINT('Ctrl Pts',(23.0000000000017,20.6664445752347,-16.));
#5934=CARTESIAN_POINT('Ctrl Pts',(23.0000000000017,20.6664445752347,-16.));
#5935=CARTESIAN_POINT('Ctrl Pts',(23.0000000000017,8.47152664218521,-16.));
#5936=CARTESIAN_POINT('Ctrl Pts',(23.,-3.71985074814805,-16.));
#5937=CARTESIAN_POINT('Ctrl Pts',(23.,-15.9130296040353,-16.));
#5938=CARTESIAN_POINT('Ctrl Pts',(23.1346870059419,20.6664445752347,-15.9999999999999));
#5939=CARTESIAN_POINT('Ctrl Pts',(23.1346870059419,8.47152664218521,-15.9999999999999));
#5940=CARTESIAN_POINT('Ctrl Pts',(23.1346870059403,-3.71985074814805,-16.));
#5941=CARTESIAN_POINT('Ctrl Pts',(23.1346870059403,-15.9130296040353,-16.));
#5942=CARTESIAN_POINT('Ctrl Pts',(23.4282983256977,20.6664445752346,-15.9447815203913));
#5943=CARTESIAN_POINT('Ctrl Pts',(23.4282983256977,8.47152664218521,-15.9447815203913));
#5944=CARTESIAN_POINT('Ctrl Pts',(23.4282983256966,-3.71985074814806,-15.9447815203917));
#5945=CARTESIAN_POINT('Ctrl Pts',(23.4282983256966,-15.9130296040353,-15.9447815203917));
#5946=CARTESIAN_POINT('Ctrl Pts',(23.8836258809986,20.6664445752346,-15.5902510607103));
#5947=CARTESIAN_POINT('Ctrl Pts',(23.8836258809986,8.47152664218517,-15.5902510607103));
#5948=CARTESIAN_POINT('Ctrl Pts',(23.8836258809984,-3.71985074814804,-15.5902510607106));
#5949=CARTESIAN_POINT('Ctrl Pts',(23.8836258809984,-15.9130296040353,-15.5902510607106));
#5950=CARTESIAN_POINT('Ctrl Pts',(24.,20.6664445752346,-15.2020305089104));
#5951=CARTESIAN_POINT('Ctrl Pts',(24.,8.47152664218517,-15.2020305089104));
#5952=CARTESIAN_POINT('Ctrl Pts',(24.,-3.71985074814806,-15.2020305089104));
#5953=CARTESIAN_POINT('Ctrl Pts',(24.,-15.9130296040353,-15.2020305089104));
#5954=CARTESIAN_POINT('Ctrl Pts',(24.,20.6664445752346,-15.));
#5955=CARTESIAN_POINT('Ctrl Pts',(24.,8.47152664218516,-15.));
#5956=CARTESIAN_POINT('Ctrl Pts',(24.,-3.71985074814805,-15.));
#5957=CARTESIAN_POINT('Ctrl Pts',(24.,-15.9130296040353,-15.));
#5958=CARTESIAN_POINT('Ctrl Pts',(24.,-15.9130296040353,-15.));
#5959=CARTESIAN_POINT('Ctrl Pts',(24.,-15.9130296040353,-15.2020305089104));
#5960=CARTESIAN_POINT('Ctrl Pts',(23.8836258809984,-15.9130296040353,-15.5902510607106));
#5961=CARTESIAN_POINT('Ctrl Pts',(23.4282983256966,-15.9130296040353,-15.9447815203917));
#5962=CARTESIAN_POINT('Ctrl Pts',(23.1346870059403,-15.9130296040353,-16.));
#5963=CARTESIAN_POINT('Ctrl Pts',(23.,-15.9130296040353,-16.));
#5964=CARTESIAN_POINT('Ctrl Pts',(23.8367253285947,-17.7127059109813,-15.));
#5965=CARTESIAN_POINT('Ctrl Pts',(23.9452785584597,-17.1193723756159,-15.));
#5966=CARTESIAN_POINT('Ctrl Pts',(24.,-16.5162038620801,-15.));
#5967=CARTESIAN_POINT('Ctrl Pts',(24.,-15.9130296040353,-15.));
#5968=CARTESIAN_POINT('Ctrl Pts',(23.8367253285947,-17.7127059109813,-15.1346870059403));
#5969=CARTESIAN_POINT('Ctrl Pts',(23.9452758383046,-17.1193872435225,-15.1346870059403));
#5970=CARTESIAN_POINT('Ctrl Pts',(24.,-16.5161887475821,-15.1346870059403));
#5971=CARTESIAN_POINT('Ctrl Pts',(24.,-15.9130296040353,-15.1346870059403));
#5972=CARTESIAN_POINT('Ctrl Pts',(23.7824034237014,-17.7027674566768,-15.428305039285));
#5973=CARTESIAN_POINT('Ctrl Pts',(23.8903511973369,-17.1127432423293,-15.428305039285));
#5974=CARTESIAN_POINT('Ctrl Pts',(23.9447764341499,-16.512839654378,-15.428305039285));
#5975=CARTESIAN_POINT('Ctrl Pts',(23.9447764341499,-15.9130296040353,-15.428305039285));
#5976=CARTESIAN_POINT('Ctrl Pts',(23.4336546657527,-17.6389621906161,-15.883644965759));
#5977=CARTESIAN_POINT('Ctrl Pts',(23.5377609978709,-17.0699346437947,-15.883644965759));
#5978=CARTESIAN_POINT('Ctrl Pts',(23.5902389775281,-16.4914947470002,-15.883644965759));
#5979=CARTESIAN_POINT('Ctrl Pts',(23.5902389775281,-15.9130296040353,-15.883644965759));
#5980=CARTESIAN_POINT('Ctrl Pts',(23.0517846581501,-17.5690972323034,-16.));
#5981=CARTESIAN_POINT('Ctrl Pts',(23.1516508279363,-17.0232456933272,-16.));
#5982=CARTESIAN_POINT('Ctrl Pts',(23.2020305089104,-16.4679343538937,-16.));
#5983=CARTESIAN_POINT('Ctrl Pts',(23.2020305089104,-15.9130296040353,-16.));
#5984=CARTESIAN_POINT('Ctrl Pts',(22.8530527957353,-17.5327382802867,-16.));
#5985=CARTESIAN_POINT('Ctrl Pts',(22.9507507026137,-16.9987380984579,-16.));
#5986=CARTESIAN_POINT('Ctrl Pts',(23.,-16.4558864362756,-16.));
#5987=CARTESIAN_POINT('Ctrl Pts',(23.,-15.9130296040353,-16.));
#5988=CARTESIAN_POINT('',(23.8367253285947,-17.7127059109813,-15.));
#5989=CARTESIAN_POINT('Ctrl Pts',(23.8367253285947,-17.7127059109813,-15.));
#5990=CARTESIAN_POINT('Ctrl Pts',(23.8367253285947,-17.7127059109813,-15.1346870059403));
#5991=CARTESIAN_POINT('Ctrl Pts',(23.7824034237014,-17.7027674566768,-15.428305039285));
#5992=CARTESIAN_POINT('Ctrl Pts',(23.4336546657527,-17.6389621906161,-15.883644965759));
#5993=CARTESIAN_POINT('Ctrl Pts',(23.0517846581501,-17.5690972323034,-16.));
#5994=CARTESIAN_POINT('Ctrl Pts',(22.8530527957353,-17.5327382802867,-16.));
#5995=CARTESIAN_POINT('Ctrl Pts',(24.,-15.9130296040353,-15.));
#5996=CARTESIAN_POINT('Ctrl Pts',(24.,-16.5162038485638,-15.));
#5997=CARTESIAN_POINT('Ctrl Pts',(23.9452785609122,-17.1193723485837,-15.));
#5998=CARTESIAN_POINT('Ctrl Pts',(23.8367253358923,-17.7127058710942,-15.));
#5999=CARTESIAN_POINT('Ctrl Pts',(22.8530527953704,-17.5327382822811,-16.));
#6000=CARTESIAN_POINT('Ctrl Pts',(21.4682526474003,-25.1018210945731,-16.));
#6001=CARTESIAN_POINT('Ctrl Pts',(20.084083155903,-32.6674568455145,-16.));
#6002=CARTESIAN_POINT('Ctrl Pts',(18.6987122821546,-40.2396591481426,-16.));
#6003=CARTESIAN_POINT('Ctrl Pts',(22.9855407037452,-17.5569775830883,-16.));
#6004=CARTESIAN_POINT('Ctrl Pts',(21.6007405557751,-25.1260603953804,-16.));
#6005=CARTESIAN_POINT('Ctrl Pts',(20.2165710642778,-32.6916961463217,-16.));
#6006=CARTESIAN_POINT('Ctrl Pts',(18.8312001905295,-40.2638984489497,-16.));
#6007=CARTESIAN_POINT('Ctrl Pts',(23.2743316698951,-17.6098132809627,-15.9448017114386));
#6008=CARTESIAN_POINT('Ctrl Pts',(21.8895315219251,-25.1788960932548,-15.9448017114386));
#6009=CARTESIAN_POINT('Ctrl Pts',(20.5053620304277,-32.7445318441961,-15.9448017114386));
#6010=CARTESIAN_POINT('Ctrl Pts',(19.1199911566794,-40.3167341468242,-15.9448017114386));
#6011=CARTESIAN_POINT('Ctrl Pts',(23.7221787104732,-17.6917490535577,-15.5902978613756));
#6012=CARTESIAN_POINT('Ctrl Pts',(22.3373785625031,-25.2608318658498,-15.5902978613756));
#6013=CARTESIAN_POINT('Ctrl Pts',(20.9532090710058,-32.8264676167911,-15.5902978613756));
#6014=CARTESIAN_POINT('Ctrl Pts',(19.5678381972575,-40.3986699194191,-15.5902978613756));
#6015=CARTESIAN_POINT('Ctrl Pts',(23.8367253289596,-17.712705908987,-15.2020305089104));
#6016=CARTESIAN_POINT('Ctrl Pts',(22.4519251809895,-25.281788721279,-15.2020305089104));
#6017=CARTESIAN_POINT('Ctrl Pts',(21.0677556894922,-32.8474244722204,-15.2020305089104));
#6018=CARTESIAN_POINT('Ctrl Pts',(19.6823848157439,-40.4196267748484,-15.2020305089104));
#6019=CARTESIAN_POINT('Ctrl Pts',(23.8367253289596,-17.712705908987,-15.));
#6020=CARTESIAN_POINT('Ctrl Pts',(22.4519251809895,-25.281788721279,-15.));
#6021=CARTESIAN_POINT('Ctrl Pts',(21.0677556894922,-32.8474244722204,-15.));
#6022=CARTESIAN_POINT('Ctrl Pts',(19.6823848157439,-40.4196267748484,-15.));
#6023=CARTESIAN_POINT('Ctrl Pts',(23.8367253285947,-17.7127059109813,-15.));
#6024=CARTESIAN_POINT('Ctrl Pts',(22.4519251938332,-25.281788651078,-15.));
#6025=CARTESIAN_POINT('Ctrl Pts',(21.0677557155321,-32.8474243298906,-15.));
#6026=CARTESIAN_POINT('Ctrl Pts',(19.6823848550203,-40.41962656017,-15.));
#6027=CARTESIAN_POINT('Ctrl Pts',(-19.6823848157438,-40.4196267748484,-15.));
#6028=CARTESIAN_POINT('Ctrl Pts',(-18.9675902307311,-44.3265727812236,-15.));
#6029=CARTESIAN_POINT('Ctrl Pts',(-15.7777597457108,-50.4600083579535,-15.));
#6030=CARTESIAN_POINT('Ctrl Pts',(-7.94017850155892,-55.756136629768,-15.));
#6031=CARTESIAN_POINT('Ctrl Pts',(-2.65127963746528,-56.8215189306183,-15.));
#6032=CARTESIAN_POINT('Ctrl Pts',(0.000470218204450448,-56.8202720296799,
-15.));
#6033=CARTESIAN_POINT('Ctrl Pts',(-19.6823848157438,-40.4196267748484,-15.1346870059403));
#6034=CARTESIAN_POINT('Ctrl Pts',(-18.9675991864857,-44.3265238305873,-15.1346870059403));
#6035=CARTESIAN_POINT('Ctrl Pts',(-15.7777070760209,-50.4600298925052,-15.13468700594));
#6036=CARTESIAN_POINT('Ctrl Pts',(-7.94019317631539,-55.7560985634335,-15.1346870059401));
#6037=CARTESIAN_POINT('Ctrl Pts',(-2.65124641334496,-56.8215189149957,-15.1346870059389));
#6038=CARTESIAN_POINT('Ctrl Pts',(0.000470218204450155,-56.8202720296799,
-15.1346870059389));
#6039=CARTESIAN_POINT('Ctrl Pts',(-19.628092930779,-40.409693813062,-15.428264438977));
#6040=CARTESIAN_POINT('Ctrl Pts',(-18.9152917311074,-44.3057443131459,-15.428264438977));
#6041=CARTESIAN_POINT('Ctrl Pts',(-15.7341209372384,-50.4224174496952,-15.4282644389759));
#6042=CARTESIAN_POINT('Ctrl Pts',(-7.91832510799188,-55.7037918186509,-15.4282644389765));
#6043=CARTESIAN_POINT('Ctrl Pts',(-2.64391051561932,-56.7663224118283,-15.4282644389718));
#6044=CARTESIAN_POINT('Ctrl Pts',(0.000444265434025093,-56.7650789881884,
-15.4282644389718));
#6045=CARTESIAN_POINT('Ctrl Pts',(-19.2793837508937,-40.34589578946,-15.8835333944348));
#6046=CARTESIAN_POINT('Ctrl Pts',(-18.5792299943181,-44.1728175099885,-15.8835333944348));
#6047=CARTESIAN_POINT('Ctrl Pts',(-15.4547512053553,-50.1806016966378,-15.8835333944328));
#6048=CARTESIAN_POINT('Ctrl Pts',(-7.77770854083051,-55.368250613817,-15.8835333944338));
#6049=CARTESIAN_POINT('Ctrl Pts',(-2.59715763546072,-56.411803167242,-15.8835333944252));
#6050=CARTESIAN_POINT('Ctrl Pts',(0.000277574421246704,-56.4105818060365,
-15.8835333944252));
#6051=CARTESIAN_POINT('Ctrl Pts',(-18.897444144717,-40.2760180993533,-16.));
#6052=CARTESIAN_POINT('Ctrl Pts',(-18.2112505673008,-44.0266358475816,-16.));
#6053=CARTESIAN_POINT('Ctrl Pts',(-15.1481266197751,-49.9160004511279,-15.9999999999991));
#6054=CARTESIAN_POINT('Ctrl Pts',(-7.62386797677061,-55.0002769414489,-15.9999999999995));
#6055=CARTESIAN_POINT('Ctrl Pts',(-2.54555064295677,-56.0234996356541,-15.9999999999957));
#6056=CARTESIAN_POINT('Ctrl Pts',(9.49984999737624E-5,-56.0223026268441,
-15.9999999999957));
#6057=CARTESIAN_POINT('Ctrl Pts',(-18.6987122821548,-40.2396591481426,-16.));
#6058=CARTESIAN_POINT('Ctrl Pts',(-18.0196574263926,-43.9512578541989,-16.));
#6059=CARTESIAN_POINT('Ctrl Pts',(-14.9893184656234,-49.7780216521015,-16.));
#6060=CARTESIAN_POINT('Ctrl Pts',(-7.54361628367896,-54.8093435103206,-16.));
#6061=CARTESIAN_POINT('Ctrl Pts',(-2.51916236278996,-55.8214566961666,-16.));
#6062=CARTESIAN_POINT('Ctrl Pts',(9.62807611415428E-11,-55.8202721402751,
-16.));
#6063=CARTESIAN_POINT('',(-19.6823848157438,-40.4196267748484,-15.));
#6064=CARTESIAN_POINT('Ctrl Pts',(-1.29408219789974E-10,-56.8202722451888,
-15.));
#6065=CARTESIAN_POINT('Ctrl Pts',(-2.65159225267183,-56.8214559563529,-15.));
#6066=CARTESIAN_POINT('Ctrl Pts',(-7.94031086249558,-55.7560471888452,-15.));
#6067=CARTESIAN_POINT('Ctrl Pts',(-15.7777597457108,-50.4600083579535,-15.));
#6068=CARTESIAN_POINT('Ctrl Pts',(-18.9675902307311,-44.3265727812236,-15.));
#6069=CARTESIAN_POINT('Ctrl Pts',(-19.6823848157438,-40.4196267748484,-15.));
#6070=CARTESIAN_POINT('Ctrl Pts',(-19.6823848157438,-40.4196267748484,-15.));
#6071=CARTESIAN_POINT('Ctrl Pts',(-19.6823848157438,-40.4196267748484,-15.1346870059403));
#6072=CARTESIAN_POINT('Ctrl Pts',(-19.628092930779,-40.409693813062,-15.428264438977));
#6073=CARTESIAN_POINT('Ctrl Pts',(-19.2793837508937,-40.34589578946,-15.8835333944348));
#6074=CARTESIAN_POINT('Ctrl Pts',(-18.897444144717,-40.2760180993533,-16.));
#6075=CARTESIAN_POINT('Ctrl Pts',(-18.6987122821548,-40.2396591481426,-16.));
#6076=CARTESIAN_POINT('Ctrl Pts',(-23.8367253293245,-17.7127059069926,-15.));
#6077=CARTESIAN_POINT('Ctrl Pts',(-22.4519251812325,-25.2817887199508,-15.));
#6078=CARTESIAN_POINT('Ctrl Pts',(-21.0677556896106,-32.8474244715735,-15.));
#6079=CARTESIAN_POINT('Ctrl Pts',(-19.6823848157439,-40.4196267748484,-15.));
#6080=CARTESIAN_POINT('Ctrl Pts',(-23.8367253293245,-17.7127059069926,-15.1346870059403));
#6081=CARTESIAN_POINT('Ctrl Pts',(-22.4519251812325,-25.2817887199508,-15.1346870059403));
#6082=CARTESIAN_POINT('Ctrl Pts',(-21.0677556896106,-32.8474244715735,-15.1346870059403));
#6083=CARTESIAN_POINT('Ctrl Pts',(-19.6823848157439,-40.4196267748484,-15.1346870059403));
#6084=CARTESIAN_POINT('Ctrl Pts',(-23.7824282902706,-17.7027720022408,-15.4282714606671));
#6085=CARTESIAN_POINT('Ctrl Pts',(-22.3976281421786,-25.271854815199,-15.4282714606671));
#6086=CARTESIAN_POINT('Ctrl Pts',(-21.0134586505567,-32.8374905668217,-15.4282714606671));
#6087=CARTESIAN_POINT('Ctrl Pts',(-19.6280877766899,-40.4096928700966,-15.4282714606671));
#6088=CARTESIAN_POINT('Ctrl Pts',(-23.433712591576,-17.6389727859913,-15.883552077291));
#6089=CARTESIAN_POINT('Ctrl Pts',(-22.048912443484,-25.2080555989495,-15.883552077291));
#6090=CARTESIAN_POINT('Ctrl Pts',(-20.6647429518621,-32.7736913505721,-15.883552077291));
#6091=CARTESIAN_POINT('Ctrl Pts',(-19.2793720779954,-40.3458936538471,-15.883552077291));
#6092=CARTESIAN_POINT('Ctrl Pts',(-23.0517846582975,-17.5690972314975,-16.));
#6093=CARTESIAN_POINT('Ctrl Pts',(-21.6669845102056,-25.1381800444557,-16.));
#6094=CARTESIAN_POINT('Ctrl Pts',(-20.2828150185836,-32.7038157960784,-16.));
#6095=CARTESIAN_POINT('Ctrl Pts',(-18.8974441447169,-40.2760180993533,-16.));
#6096=CARTESIAN_POINT('Ctrl Pts',(-22.8530527957353,-17.5327382802867,-16.));
#6097=CARTESIAN_POINT('Ctrl Pts',(-21.4682526476433,-25.1018210932449,-16.));
#6098=CARTESIAN_POINT('Ctrl Pts',(-20.0840831560214,-32.6674568448676,-16.));
#6099=CARTESIAN_POINT('Ctrl Pts',(-18.6987122821546,-40.2396591481425,-16.));
#6100=CARTESIAN_POINT('',(-23.8367253293245,-17.7127059069926,-15.));
#6101=CARTESIAN_POINT('Ctrl Pts',(-23.8367253293245,-17.7127059069926,-15.));
#6102=CARTESIAN_POINT('Ctrl Pts',(-23.8367253293245,-17.7127059069926,-15.1346870059403));
#6103=CARTESIAN_POINT('Ctrl Pts',(-23.7824282902706,-17.7027720022408,-15.4282714606671));
#6104=CARTESIAN_POINT('Ctrl Pts',(-23.433712591576,-17.6389727859913,-15.883552077291));
#6105=CARTESIAN_POINT('Ctrl Pts',(-23.0517846582975,-17.5690972314975,-16.));
#6106=CARTESIAN_POINT('Ctrl Pts',(-22.8530527957353,-17.5327382802867,-16.));
#6107=CARTESIAN_POINT('Ctrl Pts',(-19.6823848157439,-40.4196267748484,-15.));
#6108=CARTESIAN_POINT('Ctrl Pts',(-21.0677556896106,-32.8474244715735,-15.));
#6109=CARTESIAN_POINT('Ctrl Pts',(-22.4519251812325,-25.2817887199508,-15.));
#6110=CARTESIAN_POINT('Ctrl Pts',(-23.8367253293245,-17.7127059069926,-15.));
#6111=CARTESIAN_POINT('Ctrl Pts',(-22.8530527960637,-17.5327382784918,-16.));
#6112=CARTESIAN_POINT('Ctrl Pts',(-22.9507507027244,-16.9987380972417,-16.));
#6113=CARTESIAN_POINT('Ctrl Pts',(-23.,-16.455886435667,-16.));
#6114=CARTESIAN_POINT('Ctrl Pts',(-23.,-15.9130296040353,-16.));
#6115=CARTESIAN_POINT('Ctrl Pts',(-22.9855407043451,-17.5569775798094,-16.));
#6116=CARTESIAN_POINT('Ctrl Pts',(-23.0846959406479,-17.0150118820032,-16.));
#6117=CARTESIAN_POINT('Ctrl Pts',(-23.1346870059403,-16.4639840641544,-16.));
#6118=CARTESIAN_POINT('Ctrl Pts',(-23.1346870059403,-15.9130296040353,-16.));
#6119=CARTESIAN_POINT('Ctrl Pts',(-23.2743647014979,-17.6098193220147,-15.9447764321527));
#6120=CARTESIAN_POINT('Ctrl Pts',(-23.3767242689758,-17.050339293689,-15.9447764321527));
#6121=CARTESIAN_POINT('Ctrl Pts',(-23.4283050419166,-16.481788878287,-15.9447764321527));
#6122=CARTESIAN_POINT('Ctrl Pts',(-23.4283050419166,-15.9130296040353,-15.9447764321527));
#6123=CARTESIAN_POINT('Ctrl Pts',(-23.7222700851258,-17.6917657705347,-15.5902389727582));
#6124=CARTESIAN_POINT('Ctrl Pts',(-23.8295561873363,-17.1053581392533,-15.5902389727582));
#6125=CARTESIAN_POINT('Ctrl Pts',(-23.8836449732953,-16.5091630885163,-15.5902389727582));
#6126=CARTESIAN_POINT('Ctrl Pts',(-23.8836449732953,-15.9130296040353,-15.5902389727582));
#6127=CARTESIAN_POINT('Ctrl Pts',(-23.8367253289596,-17.712705908987,-15.2020305089104));
#6128=CARTESIAN_POINT('Ctrl Pts',(-23.9453193855741,-17.1191492208564,-15.2020305089104));
#6129=CARTESIAN_POINT('Ctrl Pts',(-24.,-16.5164307159189,-15.2020305089104));
#6130=CARTESIAN_POINT('Ctrl Pts',(-24.,-15.9130296040353,-15.2020305089104));
#6131=CARTESIAN_POINT('Ctrl Pts',(-23.8367253289596,-17.712705908987,-15.));
#6132=CARTESIAN_POINT('Ctrl Pts',(-23.9452785585826,-17.1193723742647,-15.));
#6133=CARTESIAN_POINT('Ctrl Pts',(-24.,-16.5162038614039,-15.));
#6134=CARTESIAN_POINT('Ctrl Pts',(-24.,-15.9130296040353,-15.));
#6135=CARTESIAN_POINT('Ctrl Pts',(-23.8367253293245,-17.7127059069926,-15.));
#6136=CARTESIAN_POINT('Ctrl Pts',(-23.9452785472798,-17.1193724353626,-15.));
#6137=CARTESIAN_POINT('Ctrl Pts',(-23.9999999884809,-16.5162039876974,-15.));
#6138=CARTESIAN_POINT('Ctrl Pts',(-24.,-15.9130297944911,-15.));
#6139=CARTESIAN_POINT('Origin',(-14.,-15.9130296040353,0.));
#6140=CARTESIAN_POINT('',(-23.8367253293245,-17.7127059069926,-1.));
#6141=CARTESIAN_POINT('',(-23.8367253358923,-17.7127058710941,0.));
#6142=CARTESIAN_POINT('Ctrl Pts',(-24.,-15.9130297944911,-1.));
#6143=CARTESIAN_POINT('Ctrl Pts',(-23.9999999884809,-16.5162039876979,-1.));
#6144=CARTESIAN_POINT('Ctrl Pts',(-23.9452785472799,-17.1193724353623,-1.));
#6145=CARTESIAN_POINT('Ctrl Pts',(-23.8367253293245,-17.7127059069926,-1.));
#6146=CARTESIAN_POINT('Origin',(-24.,-16.8202742407307,0.));
#6147=CARTESIAN_POINT('',(-19.6823848157438,-40.4196267748484,-1.));
#6148=CARTESIAN_POINT('',(-19.6823848157439,-40.4196267748484,-4.44089209850063E-15));
#6149=CARTESIAN_POINT('Ctrl Pts',(-23.8367253293245,-17.7127059069926,-1.));
#6150=CARTESIAN_POINT('Ctrl Pts',(-22.4519251812318,-25.2817887199546,-1.));
#6151=CARTESIAN_POINT('Ctrl Pts',(-21.0677556896139,-32.8474244715553,-1.));
#6152=CARTESIAN_POINT('Ctrl Pts',(-19.6823848157439,-40.4196267748484,-1.));
#6153=CARTESIAN_POINT('Origin',(-0.00893414395925759,-36.8202742407307,
-4.44089209850063E-15));
#6154=CARTESIAN_POINT('',(0.,-56.8202722452574,-4.44089209850063E-15));
#6155=CARTESIAN_POINT('Ctrl Pts',(-19.6823848157438,-40.4196267748484,-1.));
#6156=CARTESIAN_POINT('Ctrl Pts',(-19.2058550924044,-43.0242574457519,-1.));
#6157=CARTESIAN_POINT('Ctrl Pts',(-17.2042801941149,-48.0376065958872,-1.));
#6158=CARTESIAN_POINT('Ctrl Pts',(-10.5790405631542,-54.7907598590227,-1.));
#6159=CARTESIAN_POINT('Ctrl Pts',(-3.97746635227166,-56.8220463280619,-1.));
#6160=CARTESIAN_POINT('Ctrl Pts',(-1.28801506705254E-10,-56.8202722450991,
-1.));
#6161=CARTESIAN_POINT('Origin',(0.00893414395925759,-36.8202742407307,-4.44089209850063E-15));
#6162=CARTESIAN_POINT('',(19.6823848157439,-40.4196267748484,-4.44089209850063E-15));
#6163=CARTESIAN_POINT('Origin',(24.,-16.8202742407307,0.));
#6164=CARTESIAN_POINT('',(23.8367253285947,-17.7127059109813,-1.));
#6165=CARTESIAN_POINT('',(23.8367253358923,-17.7127058710941,0.));
#6166=CARTESIAN_POINT('Ctrl Pts',(19.6823848550203,-40.41962656017,-1.));
#6167=CARTESIAN_POINT('Ctrl Pts',(21.0677557155285,-32.8474243299107,-1.));
#6168=CARTESIAN_POINT('Ctrl Pts',(22.4519251938335,-25.2817886510759,-1.));
#6169=CARTESIAN_POINT('Ctrl Pts',(23.8367253285947,-17.7127059109813,-1.));
#6170=CARTESIAN_POINT('Origin',(14.,-15.9130296040353,0.));
#6171=CARTESIAN_POINT('Ctrl Pts',(23.8367253358923,-17.7127058710941,-1.));
#6172=CARTESIAN_POINT('Ctrl Pts',(23.9452785609121,-17.1193723485839,-1.));
#6173=CARTESIAN_POINT('Ctrl Pts',(24.,-16.5162038485632,-1.));
#6174=CARTESIAN_POINT('Ctrl Pts',(24.,-15.9130296040353,-1.));
#6175=CARTESIAN_POINT('Ctrl Pts',(0.000470217949023685,-56.82027202968,
-1.));
#6176=CARTESIAN_POINT('Ctrl Pts',(-3.97715417962577,-56.8221423808553,-1.));
#6177=CARTESIAN_POINT('Ctrl Pts',(-10.5789286743821,-54.7908739080335,-1.));
#6178=CARTESIAN_POINT('Ctrl Pts',(-17.2042801941149,-48.0376065958872,-1.));
#6179=CARTESIAN_POINT('Ctrl Pts',(-19.2058550924044,-43.0242574457519,-1.));
#6180=CARTESIAN_POINT('Ctrl Pts',(-19.6823848157438,-40.4196267748484,-1.));
#6181=CARTESIAN_POINT('Ctrl Pts',(0.000470217949023728,-56.82027202968,
-0.865312994061153));
#6182=CARTESIAN_POINT('Ctrl Pts',(-3.97710434345013,-56.8221423574214,-0.865312994061153));
#6183=CARTESIAN_POINT('Ctrl Pts',(-10.5789603983897,-54.7908297896562,-0.865312994059493));
#6184=CARTESIAN_POINT('Ctrl Pts',(-17.2042418923481,-48.0376160353064,-0.865312994059983));
#6185=CARTESIAN_POINT('Ctrl Pts',(-19.2058610629075,-43.0242248119944,-0.865312994059715));
#6186=CARTESIAN_POINT('Ctrl Pts',(-19.6823848157438,-40.4196267748484,-0.865312994059715));
#6187=CARTESIAN_POINT('Ctrl Pts',(0.000444257325048319,-56.7650622847581,
-0.57171324742766));
#6188=CARTESIAN_POINT('Ctrl Pts',(-3.96608752940141,-56.7669274199864,-0.57171324742766));
#6189=CARTESIAN_POINT('Ctrl Pts',(-10.5498219040247,-54.7411667622471,-0.571713247421558));
#6190=CARTESIAN_POINT('Ctrl Pts',(-17.1567262483048,-48.0066625844748,-0.57171324742336));
#6191=CARTESIAN_POINT('Ctrl Pts',(-19.1528757002928,-43.0070578070276,-0.571713247422375));
#6192=CARTESIAN_POINT('Ctrl Pts',(-19.6280765000714,-40.4096908069849,-0.571713247422375));
#6193=CARTESIAN_POINT('Ctrl Pts',(0.000277556199683612,-56.4105435868144,
-0.116406391084959));
#6194=CARTESIAN_POINT('Ctrl Pts',(-3.89587488059832,-56.4123756283952,-0.116406391084959));
#6195=CARTESIAN_POINT('Ctrl Pts',(-10.3623775150179,-54.4227341570579,-0.116406391073769));
#6196=CARTESIAN_POINT('Ctrl Pts',(-16.8520208272751,-47.807800658845,-0.116406391077072));
#6197=CARTESIAN_POINT('Ctrl Pts',(-18.8125769846423,-42.8971700582425,-0.116406391075266));
#6198=CARTESIAN_POINT('Ctrl Pts',(-19.2793461556903,-40.3458889112365,-0.116406391075267));
#6199=CARTESIAN_POINT('Ctrl Pts',(9.49982547427004E-5,-56.0223026268444,
-4.33430729534941E-12));
#6200=CARTESIAN_POINT('Ctrl Pts',(-3.81837309344272,-56.0240981398364,-4.33429402318746E-12));
#6201=CARTESIAN_POINT('Ctrl Pts',(-10.1574917559242,-54.0734714557781,6.46435771829254E-13));
#6202=CARTESIAN_POINT('Ctrl Pts',(-16.5178623024186,-47.5901383577571,-8.23898721394121E-13));
#6203=CARTESIAN_POINT('Ctrl Pts',(-18.4399817597752,-42.7764299314928,-2.00561140460356E-14));
#6204=CARTESIAN_POINT('Ctrl Pts',(-18.897444144717,-40.2760180993534,-2.01978914160063E-14));
#6205=CARTESIAN_POINT('Ctrl Pts',(-1.46369583120531E-10,-55.8202721402754,
-4.44089209850063E-15));
#6206=CARTESIAN_POINT('Ctrl Pts',(-3.77874317784243,-55.822048973892,-4.44089209850063E-15));
#6207=CARTESIAN_POINT('Ctrl Pts',(-10.050428947861,-53.8923439246619,-4.44089209850062E-15));
#6208=CARTESIAN_POINT('Ctrl Pts',(-16.3445128916073,-47.4767399781374,-4.44089209850063E-15));
#6209=CARTESIAN_POINT('Ctrl Pts',(-18.2460090449823,-42.7140582855009,-4.44089209850063E-15));
#6210=CARTESIAN_POINT('Ctrl Pts',(-18.6987122821547,-40.2396591481426,-4.44089209850063E-15));
#6211=CARTESIAN_POINT('Ctrl Pts',(-18.6987122821547,-40.2396591481426,-4.44089209850063E-15));
#6212=CARTESIAN_POINT('Ctrl Pts',(-18.897444144717,-40.2760180993534,-2.01978914160063E-14));
#6213=CARTESIAN_POINT('Ctrl Pts',(-19.2793461556903,-40.3458889112365,-0.116406391075267));
#6214=CARTESIAN_POINT('Ctrl Pts',(-19.6280765000714,-40.4096908069849,-0.571713247422375));
#6215=CARTESIAN_POINT('Ctrl Pts',(-19.6823848157438,-40.4196267748484,-0.865312994059715));
#6216=CARTESIAN_POINT('Ctrl Pts',(-19.6823848157438,-40.4196267748484,-1.));
#6217=CARTESIAN_POINT('Ctrl Pts',(24.,-15.9130296040353,-1.));
#6218=CARTESIAN_POINT('Ctrl Pts',(24.,-16.5162038620794,-1.));
#6219=CARTESIAN_POINT('Ctrl Pts',(23.9452785584597,-17.1193723756161,-1.));
#6220=CARTESIAN_POINT('Ctrl Pts',(23.8367253285947,-17.7127059109813,-1.));
#6221=CARTESIAN_POINT('Ctrl Pts',(24.,-15.9130296040353,-0.86531299405971));
#6222=CARTESIAN_POINT('Ctrl Pts',(24.,-16.5161887475815,-0.86531299405971));
#6223=CARTESIAN_POINT('Ctrl Pts',(23.9452758383045,-17.1193872435227,-0.865312994059715));
#6224=CARTESIAN_POINT('Ctrl Pts',(23.8367253285947,-17.7127059109813,-0.865312994059715));
#6225=CARTESIAN_POINT('Ctrl Pts',(23.9447474026702,-15.9130296040353,-0.571657131129629));
#6226=CARTESIAN_POINT('Ctrl Pts',(23.9447474026702,-16.5128396543773,-0.571657131129629));
#6227=CARTESIAN_POINT('Ctrl Pts',(23.8903226398677,-17.1127380176029,-0.571657131129649));
#6228=CARTESIAN_POINT('Ctrl Pts',(23.7823748662323,-17.7027622319502,-0.571657131129649));
#6229=CARTESIAN_POINT('Ctrl Pts',(23.5901673105725,-15.9130296040353,-0.116241561799));
#6230=CARTESIAN_POINT('Ctrl Pts',(23.5901673105725,-16.4914947469996,-0.116241561799));
#6231=CARTESIAN_POINT('Ctrl Pts',(23.5376905010551,-17.0699217460627,-0.116241561799037));
#6232=CARTESIAN_POINT('Ctrl Pts',(23.433584168937,-17.6389492928839,-0.116241561799037));
#6233=CARTESIAN_POINT('Ctrl Pts',(23.2020305089104,-15.9130296040353,-4.44089209850063E-15));
#6234=CARTESIAN_POINT('Ctrl Pts',(23.2020305089104,-16.4679343538932,-4.44089209850063E-15));
#6235=CARTESIAN_POINT('Ctrl Pts',(23.1516508279364,-17.0232456933274,-2.08851335434639E-14));
#6236=CARTESIAN_POINT('Ctrl Pts',(23.0517846581502,-17.5690972323034,-2.08988255493473E-14));
#6237=CARTESIAN_POINT('Ctrl Pts',(23.,-15.9130296040353,-4.44089209850063E-15));
#6238=CARTESIAN_POINT('Ctrl Pts',(23.,-16.455886436275,-4.44089209850063E-15));
#6239=CARTESIAN_POINT('Ctrl Pts',(22.9507507026139,-16.9987380984581,-4.44089209850063E-15));
#6240=CARTESIAN_POINT('Ctrl Pts',(22.8530527957354,-17.5327382802868,-4.44089209850063E-15));
#6241=CARTESIAN_POINT('Ctrl Pts',(22.8530527957354,-17.5327382802868,-4.44089209850063E-15));
#6242=CARTESIAN_POINT('Ctrl Pts',(23.0517846581502,-17.5690972323034,-2.08988255493473E-14));
#6243=CARTESIAN_POINT('Ctrl Pts',(23.433584168937,-17.6389492928839,-0.116241561799037));
#6244=CARTESIAN_POINT('Ctrl Pts',(23.7823748662323,-17.7027622319502,-0.571657131129649));
#6245=CARTESIAN_POINT('Ctrl Pts',(23.8367253285947,-17.7127059109813,-0.865312994059715));
#6246=CARTESIAN_POINT('Ctrl Pts',(23.8367253285947,-17.7127059109813,-1.));
#6247=CARTESIAN_POINT('Ctrl Pts',(23.8367253289596,-17.712705908987,-1.));
#6248=CARTESIAN_POINT('Ctrl Pts',(22.4519251809899,-25.281788721277,-1.));
#6249=CARTESIAN_POINT('Ctrl Pts',(21.0677556894885,-32.8474244722405,-1.));
#6250=CARTESIAN_POINT('Ctrl Pts',(19.6823848157439,-40.4196267748484,-1.));
#6251=CARTESIAN_POINT('Ctrl Pts',(23.8367253289596,-17.712705908987,-0.86531299405971));
#6252=CARTESIAN_POINT('Ctrl Pts',(22.4519251809899,-25.281788721277,-0.86531299405971));
#6253=CARTESIAN_POINT('Ctrl Pts',(21.0677556894885,-32.8474244722405,-0.86531299405971));
#6254=CARTESIAN_POINT('Ctrl Pts',(19.6823848157439,-40.4196267748484,-0.86531299405971));
#6255=CARTESIAN_POINT('Ctrl Pts',(23.7824099656633,-17.7027686517267,-0.571703743244358));
#6256=CARTESIAN_POINT('Ctrl Pts',(22.3976098176936,-25.2718514640167,-0.571703743244358));
#6257=CARTESIAN_POINT('Ctrl Pts',(21.0134403261922,-32.8374872149802,-0.571703743244358));
#6258=CARTESIAN_POINT('Ctrl Pts',(19.6280694524475,-40.4096895175882,-0.571703743244358));
#6259=CARTESIAN_POINT('Ctrl Pts',(23.4336701818075,-17.638965028981,-0.116379945124105));
#6260=CARTESIAN_POINT('Ctrl Pts',(22.0488700338378,-25.208047841271,-0.116379945124105));
#6261=CARTESIAN_POINT('Ctrl Pts',(20.6647005423364,-32.7736835922345,-0.116379945124104));
#6262=CARTESIAN_POINT('Ctrl Pts',(19.2793296685917,-40.3458858948425,-0.116379945124105));
#6263=CARTESIAN_POINT('Ctrl Pts',(23.0517846579326,-17.5690972334919,-4.44089209850063E-15));
#6264=CARTESIAN_POINT('Ctrl Pts',(21.6669845099629,-25.1381800457819,-4.44089209850063E-15));
#6265=CARTESIAN_POINT('Ctrl Pts',(20.2828150184616,-32.7038157967454,-4.39686978031082E-15));
#6266=CARTESIAN_POINT('Ctrl Pts',(18.8974441447169,-40.2760180993533,-4.44089209850063E-15));
#6267=CARTESIAN_POINT('Ctrl Pts',(22.8530527953704,-17.5327382822811,-4.44089209850063E-15));
#6268=CARTESIAN_POINT('Ctrl Pts',(21.4682526474007,-25.1018210945711,-4.44089209850063E-15));
#6269=CARTESIAN_POINT('Ctrl Pts',(20.0840831558993,-32.6674568455346,-4.44089209850063E-15));
#6270=CARTESIAN_POINT('Ctrl Pts',(18.6987122821546,-40.2396591481426,-4.44089209850063E-15));
#6271=CARTESIAN_POINT('Ctrl Pts',(-22.8530527957353,-17.5327382802867,-4.44089209850063E-15));
#6272=CARTESIAN_POINT('Ctrl Pts',(-21.4682526476426,-25.1018210932487,-4.44089209850063E-15));
#6273=CARTESIAN_POINT('Ctrl Pts',(-20.0840831560247,-32.6674568448494,-4.44089209850063E-15));
#6274=CARTESIAN_POINT('Ctrl Pts',(-18.6987122821546,-40.2396591481426,-4.44089209850063E-15));
#6275=CARTESIAN_POINT('Ctrl Pts',(-22.9855407041101,-17.5569775810939,-4.42220052161153E-15));
#6276=CARTESIAN_POINT('Ctrl Pts',(-21.6007405560174,-25.126060394056,-4.42220052161153E-15));
#6277=CARTESIAN_POINT('Ctrl Pts',(-20.2165710643995,-32.6916961456566,-4.73995732872611E-15));
#6278=CARTESIAN_POINT('Ctrl Pts',(-18.8312001905295,-40.2638984489498,-4.73995732872611E-15));
#6279=CARTESIAN_POINT('Ctrl Pts',(-23.2743560597449,-17.6098177411421,-0.0552169156316524));
#6280=CARTESIAN_POINT('Ctrl Pts',(-21.8895559116522,-25.178900554104,-0.0552169156316524));
#6281=CARTESIAN_POINT('Ctrl Pts',(-20.5053864200343,-32.7445363057048,-0.0552169156316533));
#6282=CARTESIAN_POINT('Ctrl Pts',(-19.1200155461642,-40.3167386089979,-0.0552169156316533));
#6283=CARTESIAN_POINT('Ctrl Pts',(-23.7222455738453,-17.6917612844725,-0.40974524894123));
#6284=CARTESIAN_POINT('Ctrl Pts',(-22.3374454257526,-25.2608440974345,-0.40974524894123));
#6285=CARTESIAN_POINT('Ctrl Pts',(-20.9532759341347,-32.8264798490351,-0.409745248941231));
#6286=CARTESIAN_POINT('Ctrl Pts',(-19.5679050602647,-40.3986821523283,-0.409745248941231));
#6287=CARTESIAN_POINT('Ctrl Pts',(-23.8367253293245,-17.7127059069926,-0.797969491089562));
#6288=CARTESIAN_POINT('Ctrl Pts',(-22.4519251812318,-25.2817887199546,-0.797969491089562));
#6289=CARTESIAN_POINT('Ctrl Pts',(-21.0677556896139,-32.8474244715553,-0.797969491089562));
#6290=CARTESIAN_POINT('Ctrl Pts',(-19.6823848157439,-40.4196267748484,-0.797969491089562));
#6291=CARTESIAN_POINT('Ctrl Pts',(-23.8367253293245,-17.7127059069926,-1.));
#6292=CARTESIAN_POINT('Ctrl Pts',(-22.4519251812318,-25.2817887199546,-1.));
#6293=CARTESIAN_POINT('Ctrl Pts',(-21.0677556896139,-32.8474244715553,-1.));
#6294=CARTESIAN_POINT('Ctrl Pts',(-19.6823848157439,-40.4196267748484,-1.));
#6295=CARTESIAN_POINT('Ctrl Pts',(-22.8530527957353,-17.5327382802867,-4.44089209850063E-15));
#6296=CARTESIAN_POINT('Ctrl Pts',(-22.9855407041101,-17.5569775810939,-4.42220052161153E-15));
#6297=CARTESIAN_POINT('Ctrl Pts',(-23.2743560597449,-17.6098177411421,-0.0552169156316524));
#6298=CARTESIAN_POINT('Ctrl Pts',(-23.7222455738453,-17.6917612844725,-0.40974524894123));
#6299=CARTESIAN_POINT('Ctrl Pts',(-23.8367253293245,-17.7127059069926,-0.797969491089562));
#6300=CARTESIAN_POINT('Ctrl Pts',(-23.8367253293245,-17.7127059069926,-1.));
#6301=CARTESIAN_POINT('Ctrl Pts',(-23.,-15.9130296040353,-4.44089209850063E-15));
#6302=CARTESIAN_POINT('Ctrl Pts',(-23.,-16.4558864356675,-4.44089209850063E-15));
#6303=CARTESIAN_POINT('Ctrl Pts',(-22.9507507027244,-16.9987380972415,-4.44089209850063E-15));
#6304=CARTESIAN_POINT('Ctrl Pts',(-22.8530527960637,-17.5327382784918,-4.44089209850063E-15));
#6305=CARTESIAN_POINT('Ctrl Pts',(-23.1346870059403,-15.9130296040353,-4.44089209850063E-15));
#6306=CARTESIAN_POINT('Ctrl Pts',(-23.1346870059403,-16.4639840641549,-4.44089209850063E-15));
#6307=CARTESIAN_POINT('Ctrl Pts',(-23.0846959406479,-17.0150118820029,-4.45958367538972E-15));
#6308=CARTESIAN_POINT('Ctrl Pts',(-22.9855407043451,-17.5569775798094,-4.45958367538972E-15));
#6309=CARTESIAN_POINT('Ctrl Pts',(-23.4283428688704,-15.9130296040353,-0.0552525973298001));
#6310=CARTESIAN_POINT('Ctrl Pts',(-23.4283428688704,-16.4817888782875,-0.0552525973298001));
#6311=CARTESIAN_POINT('Ctrl Pts',(-23.3767614783113,-17.050346101316,-0.0552525973298002));
#6312=CARTESIAN_POINT('Ctrl Pts',(-23.2744019108333,-17.6098261296419,-0.0552525973298002));
#6313=CARTESIAN_POINT('Ctrl Pts',(-23.883758438201,-15.9130296040353,-0.40983268942757));
#6314=CARTESIAN_POINT('Ctrl Pts',(-23.883758438201,-16.5091630885168,-0.40983268942757));
#6315=CARTESIAN_POINT('Ctrl Pts',(-23.8296677996477,-17.1053785592633,-0.40983268942757));
#6316=CARTESIAN_POINT('Ctrl Pts',(-23.722381697437,-17.691786190545,-0.40983268942757));
#6317=CARTESIAN_POINT('Ctrl Pts',(-24.,-15.9130296040353,-0.797969491089562));
#6318=CARTESIAN_POINT('Ctrl Pts',(-24.,-16.5164307159194,-0.797969491089562));
#6319=CARTESIAN_POINT('Ctrl Pts',(-23.9453193855742,-17.1191492208561,-0.797969491089562));
#6320=CARTESIAN_POINT('Ctrl Pts',(-23.8367253289596,-17.712705908987,-0.797969491089562));
#6321=CARTESIAN_POINT('Ctrl Pts',(-24.,-15.9130296040353,-1.));
#6322=CARTESIAN_POINT('Ctrl Pts',(-24.,-16.5162038614044,-1.));
#6323=CARTESIAN_POINT('Ctrl Pts',(-23.9452785585827,-17.1193723742644,-1.));
#6324=CARTESIAN_POINT('Ctrl Pts',(-23.8367253289596,-17.712705908987,-1.));
#6325=CARTESIAN_POINT('Origin',(-11.,-3.,0.));
#6326=UNCERTAINTY_MEASURE_WITH_UNIT(LENGTH_MEASURE(0.01),#6330,
'DISTANCE_ACCURACY_VALUE',
'Maximum model space distance between geometric entities at asserted c
onnectivities');
#6327=UNCERTAINTY_MEASURE_WITH_UNIT(LENGTH_MEASURE(0.01),#6330,
'DISTANCE_ACCURACY_VALUE',
'Maximum model space distance between geometric entities at asserted c
onnectivities');
#6328=(
GEOMETRIC_REPRESENTATION_CONTEXT(3)
GLOBAL_UNCERTAINTY_ASSIGNED_CONTEXT((#6326))
GLOBAL_UNIT_ASSIGNED_CONTEXT((#6330,#6332,#6333))
REPRESENTATION_CONTEXT('','3D')
);
#6329=(
GEOMETRIC_REPRESENTATION_CONTEXT(3)
GLOBAL_UNCERTAINTY_ASSIGNED_CONTEXT((#6327))
GLOBAL_UNIT_ASSIGNED_CONTEXT((#6330,#6332,#6333))
REPRESENTATION_CONTEXT('','3D')
);
#6330=(
LENGTH_UNIT()
NAMED_UNIT(*)
SI_UNIT(.MILLI.,.METRE.)
);
#6331=(
LENGTH_UNIT()
NAMED_UNIT(*)
SI_UNIT($,.METRE.)
);
#6332=(
NAMED_UNIT(*)
PLANE_ANGLE_UNIT()
SI_UNIT($,.RADIAN.)
);
#6333=(
NAMED_UNIT(*)
SI_UNIT($,.STERADIAN.)
SOLID_ANGLE_UNIT()
);
#6334=SHAPE_DEFINITION_REPRESENTATION(#6335,#6336);
#6335=PRODUCT_DEFINITION_SHAPE('',$,#6338);
#6336=SHAPE_REPRESENTATION('',(#2989),#6328);
#6337=PRODUCT_DEFINITION_CONTEXT('part definition',#6342,'design');
#6338=PRODUCT_DEFINITION('B_arm','B_arm v3',#6339,#6337);
#6339=PRODUCT_DEFINITION_FORMATION('',$,#6344);
#6340=PRODUCT_RELATED_PRODUCT_CATEGORY('B_arm v3','B_arm v3',(#6344));
#6341=APPLICATION_PROTOCOL_DEFINITION('international standard',
'automotive_design',2009,#6342);
#6342=APPLICATION_CONTEXT(
'Core Data for Automotive Mechanical Design Process');
#6343=PRODUCT_CONTEXT('part definition',#6342,'mechanical');
#6344=PRODUCT('B_arm','B_arm v3',$,(#6343));
#6345=PRESENTATION_STYLE_ASSIGNMENT((#6347));
#6346=PRESENTATION_STYLE_ASSIGNMENT((#6348));
#6347=SURFACE_STYLE_USAGE(.BOTH.,#6349);
#6348=SURFACE_STYLE_USAGE(.BOTH.,#6350);
#6349=SURFACE_SIDE_STYLE('',(#6351));
#6350=SURFACE_SIDE_STYLE('',(#6352));
#6351=SURFACE_STYLE_FILL_AREA(#6353);
#6352=SURFACE_STYLE_FILL_AREA(#6354);
#6353=FILL_AREA_STYLE('Steel - Satin',(#6355));
#6354=FILL_AREA_STYLE('Plastic - Glossy (White)',(#6356));
#6355=FILL_AREA_STYLE_COLOUR('Steel - Satin',#6357);
#6356=FILL_AREA_STYLE_COLOUR('Plastic - Glossy (White)',#6358);
#6357=COLOUR_RGB('Steel - Satin',0.627450980392157,0.627450980392157,0.627450980392157);
#6358=COLOUR_RGB('Plastic - Glossy (White)',0.964705882352941,0.964705882352941,
0.952941176470588);
ENDSEC;
END-ISO-10303-21;
