ISO-10303-21;
HEADER;
/* Generated by software containing ST-Developer
 * from STEP Tools, Inc. (www.steptools.com) 
 */

FILE_DESCRIPTION(
/* description */ (''),
/* implementation_level */ '2;1');

FILE_NAME(
/* name */ 'Ender v3se - carriage mount v1.1.1.step',
/* time_stamp */ '2026-01-13T14:41:44+01:00',
/* author */ (''),
/* organization */ (''),
/* preprocessor_version */ 'ST-DEVELOPER v20.1',
/* originating_system */ 'Autodesk Translation Framework v14.21.0.0',
/* authorisation */ '');

FILE_SCHEMA (('AUTOMOTIVE_DESIGN { 1 0 10303 214 3 1 1 }'));
ENDSEC;

DATA;
#10=MECHANICAL_DESIGN_GEOMETRIC_PRESENTATION_REPRESENTATION('',(#13),#9176);
#11=SHAPE_REPRESENTATION_RELATIONSHIP('SRR','None',#9182,#12);
#12=ADVANCED_BREP_SHAPE_REPRESENTATION('',(#14),#9175);
#13=STYLED_ITEM('',(#9191),#14);
#14=MANIFOLD_SOLID_BREP('Body1',#5225);
#15=CONICAL_SURFACE('',#5802,2.10827723859727,0.785398163397448);
#16=CONICAL_SURFACE('',#5810,2.10827723859726,0.785398163397448);
#17=CONICAL_SURFACE('',#5817,1.83683712431892,0.785398163397447);
#18=CONICAL_SURFACE('',#5824,1.83683712431891,0.785398163397447);
#19=(
BOUNDED_CURVE()
B_SPLINE_CURVE(2,(#8922,#8923,#8924),.UNSPECIFIED.,.F.,.F.)
B_SPLINE_CURVE_WITH_KNOTS((3,3),(0.0427817197380451,0.151460027499596),
 .UNSPECIFIED.)
CURVE()
GEOMETRIC_REPRESENTATION_ITEM()
RATIONAL_B_SPLINE_CURVE((1.01857391383056,1.03287859296887,1.))
REPRESENTATION_ITEM('')
);
#20=(
BOUNDED_CURVE()
B_SPLINE_CURVE(2,(#9036,#9037,#9038),.UNSPECIFIED.,.F.,.F.)
B_SPLINE_CURVE_WITH_KNOTS((3,3),(0.,0.0106164655736592),.UNSPECIFIED.)
CURVE()
GEOMETRIC_REPRESENTATION_ITEM()
RATIONAL_B_SPLINE_CURVE((1.,1.00200563148262,1.00367873175985))
REPRESENTATION_ITEM('')
);
#21=SPHERICAL_SURFACE('',#5247,1.00000000000001);
#22=SPHERICAL_SURFACE('',#5253,1.);
#23=SPHERICAL_SURFACE('',#5270,1.);
#24=SPHERICAL_SURFACE('',#5274,0.999999999999996);
#25=SPHERICAL_SURFACE('',#5280,0.999999999999996);
#26=SPHERICAL_SURFACE('',#5286,0.999999999999996);
#27=SPHERICAL_SURFACE('',#5303,0.999999999999996);
#28=SPHERICAL_SURFACE('',#5312,1.);
#29=SPHERICAL_SURFACE('',#5359,1.);
#30=SPHERICAL_SURFACE('',#5508,1.);
#31=SPHERICAL_SURFACE('',#5523,1.);
#32=SPHERICAL_SURFACE('',#5527,1.);
#33=SPHERICAL_SURFACE('',#5546,1.);
#34=SPHERICAL_SURFACE('',#5556,1.);
#35=SPHERICAL_SURFACE('',#5571,1.);
#36=SPHERICAL_SURFACE('',#5575,1.);
#37=SPHERICAL_SURFACE('',#5579,1.);
#38=SPHERICAL_SURFACE('',#5634,0.999999999999996);
#39=SPHERICAL_SURFACE('',#5639,1.);
#40=SPHERICAL_SURFACE('',#5648,1.);
#41=SPHERICAL_SURFACE('',#5659,1.);
#42=FACE_BOUND('',#558,.T.);
#43=FACE_BOUND('',#559,.T.);
#44=FACE_BOUND('',#560,.T.);
#45=FACE_BOUND('',#561,.T.);
#46=FACE_BOUND('',#562,.T.);
#47=FACE_BOUND('',#563,.T.);
#48=FACE_BOUND('',#626,.T.);
#49=FACE_BOUND('',#627,.T.);
#50=FACE_BOUND('',#631,.T.);
#51=FACE_BOUND('',#632,.T.);
#52=FACE_BOUND('',#637,.T.);
#53=FACE_BOUND('',#638,.T.);
#54=FACE_BOUND('',#639,.T.);
#55=FACE_BOUND('',#640,.T.);
#56=FACE_BOUND('',#728,.T.);
#57=FACE_BOUND('',#760,.T.);
#58=FACE_BOUND('',#761,.T.);
#59=FACE_BOUND('',#767,.T.);
#60=FACE_BOUND('',#768,.T.);
#61=FACE_BOUND('',#769,.T.);
#62=FACE_BOUND('',#770,.T.);
#63=FACE_BOUND('',#771,.T.);
#64=FACE_BOUND('',#772,.T.);
#65=FACE_BOUND('',#773,.T.);
#66=FACE_BOUND('',#774,.T.);
#67=FACE_BOUND('',#828,.T.);
#68=FACE_BOUND('',#834,.T.);
#69=FACE_BOUND('',#840,.T.);
#70=FACE_BOUND('',#846,.T.);
#71=FACE_BOUND('',#863,.T.);
#72=FACE_BOUND('',#865,.T.);
#73=FACE_BOUND('',#871,.T.);
#74=FACE_BOUND('',#875,.T.);
#75=FACE_BOUND('',#879,.T.);
#76=FACE_BOUND('',#894,.T.);
#77=FACE_BOUND('',#896,.T.);
#78=FACE_BOUND('',#899,.T.);
#79=FACE_BOUND('',#902,.T.);
#80=PLANE('',#5234);
#81=PLANE('',#5376);
#82=PLANE('',#5379);
#83=PLANE('',#5380);
#84=PLANE('',#5381);
#85=PLANE('',#5388);
#86=PLANE('',#5397);
#87=PLANE('',#5398);
#88=PLANE('',#5399);
#89=PLANE('',#5404);
#90=PLANE('',#5405);
#91=PLANE('',#5411);
#92=PLANE('',#5436);
#93=PLANE('',#5449);
#94=PLANE('',#5462);
#95=PLANE('',#5475);
#96=PLANE('',#5488);
#97=PLANE('',#5500);
#98=PLANE('',#5502);
#99=PLANE('',#5517);
#100=PLANE('',#5604);
#101=PLANE('',#5605);
#102=PLANE('',#5606);
#103=PLANE('',#5607);
#104=PLANE('',#5608);
#105=PLANE('',#5609);
#106=PLANE('',#5610);
#107=PLANE('',#5620);
#108=PLANE('',#5632);
#109=PLANE('',#5672);
#110=PLANE('',#5673);
#111=PLANE('',#5678);
#112=PLANE('',#5685);
#113=PLANE('',#5695);
#114=PLANE('',#5696);
#115=PLANE('',#5697);
#116=PLANE('',#5701);
#117=PLANE('',#5704);
#118=PLANE('',#5707);
#119=PLANE('',#5710);
#120=PLANE('',#5711);
#121=PLANE('',#5712);
#122=PLANE('',#5715);
#123=PLANE('',#5718);
#124=PLANE('',#5721);
#125=PLANE('',#5722);
#126=PLANE('',#5723);
#127=PLANE('',#5724);
#128=PLANE('',#5725);
#129=PLANE('',#5726);
#130=PLANE('',#5727);
#131=PLANE('',#5728);
#132=PLANE('',#5729);
#133=PLANE('',#5730);
#134=PLANE('',#5731);
#135=PLANE('',#5732);
#136=PLANE('',#5735);
#137=PLANE('',#5736);
#138=PLANE('',#5739);
#139=PLANE('',#5740);
#140=PLANE('',#5741);
#141=PLANE('',#5744);
#142=PLANE('',#5747);
#143=PLANE('',#5750);
#144=PLANE('',#5753);
#145=PLANE('',#5754);
#146=PLANE('',#5757);
#147=PLANE('',#5760);
#148=PLANE('',#5761);
#149=PLANE('',#5764);
#150=PLANE('',#5767);
#151=PLANE('',#5770);
#152=PLANE('',#5773);
#153=PLANE('',#5774);
#154=PLANE('',#5775);
#155=PLANE('',#5778);
#156=PLANE('',#5781);
#157=PLANE('',#5782);
#158=PLANE('',#5783);
#159=PLANE('',#5784);
#160=PLANE('',#5785);
#161=PLANE('',#5786);
#162=PLANE('',#5787);
#163=PLANE('',#5788);
#164=PLANE('',#5791);
#165=PLANE('',#5792);
#166=PLANE('',#5793);
#167=PLANE('',#5794);
#168=PLANE('',#5795);
#169=PLANE('',#5796);
#170=PLANE('',#5800);
#171=PLANE('',#5801);
#172=PLANE('',#5806);
#173=PLANE('',#5813);
#174=PLANE('',#5820);
#175=PLANE('',#5827);
#176=PLANE('',#5831);
#177=PLANE('',#5832);
#178=PLANE('',#5833);
#179=PLANE('',#5834);
#180=PLANE('',#5835);
#181=PLANE('',#5836);
#182=PLANE('',#5837);
#183=PLANE('',#5844);
#184=PLANE('',#5845);
#185=PLANE('',#5848);
#186=PLANE('',#5851);
#187=PLANE('',#5852);
#188=PLANE('',#5853);
#189=PLANE('',#5854);
#190=PLANE('',#5855);
#191=B_SPLINE_CURVE_WITH_KNOTS('',3,(#7554,#7555,#7556,#7557,#7558,#7559),
 .UNSPECIFIED.,.F.,.F.,(4,2,4),(0.505532240038509,0.581995466601179,0.699558285734087),
 .UNSPECIFIED.);
#192=B_SPLINE_CURVE_WITH_KNOTS('',3,(#7651,#7652,#7653,#7654,#7655,#7656,
#7657,#7658,#7659,#7660,#7661,#7662,#7663,#7664,#7665,#7666,#7667,#7668,
#7669,#7670,#7671,#7672),.UNSPECIFIED.,.F.,.F.,(4,2,2,2,2,2,2,2,2,2,4),
(0.,0.0018816694583339,0.00376333891666781,0.00752667783333561,0.0150533556666712,
0.0301067113333424,0.0602134226666849,0.12042684533337,0.161142570994695,
0.181500433825357,0.200517309717855),.UNSPECIFIED.);
#193=B_SPLINE_CURVE_WITH_KNOTS('',3,(#7815,#7816,#7817,#7818,#7819,#7820,
#7821,#7822,#7823,#7824,#7825,#7826,#7827,#7828,#7829,#7830,#7831,#7832),
 .UNSPECIFIED.,.F.,.F.,(4,2,2,2,2,2,2,2,4),(-0.351397926446256,-0.349313972721298,
-0.275476443097029,-0.216125027528568,-0.17465698636011,-0.13318894519174,
-0.0738375296235267,0.,0.00208395372505792),.UNSPECIFIED.);
#194=B_SPLINE_CURVE_WITH_KNOTS('',3,(#7841,#7842,#7843,#7844,#7845,#7846,
#7847,#7848,#7849,#7850,#7851,#7852,#7853,#7854,#7855,#7856,#7857,#7858),
 .UNSPECIFIED.,.F.,.F.,(4,2,2,2,2,2,2,2,4),(-0.351397926455637,-0.349313972730521,
-0.275476443105513,-0.216125027534949,-0.174656986365018,-0.133188945195175,
-0.0738375296248538,0.,0.00208395372521383),.UNSPECIFIED.);
#195=B_SPLINE_CURVE_WITH_KNOTS('',3,(#7924,#7925,#7926,#7927,#7928,#7929),
 .UNSPECIFIED.,.F.,.F.,(4,2,4),(0.,0.117562819132908,0.194026045695578),
 .UNSPECIFIED.);
#196=B_SPLINE_CURVE_WITH_KNOTS('',3,(#7982,#7983,#7984,#7985,#7986,#7987,
#7988,#7989,#7990,#7991,#7992,#7993,#7994,#7995,#7996,#7997,#7998,#7999),
 .UNSPECIFIED.,.F.,.F.,(4,2,2,2,2,2,2,2,4),(1.08375172447345,1.08479035068501,
1.14276346125451,1.17175001653927,1.18624329418165,1.19348993300284,1.19711325241343,
1.19892491211873,1.20073657182402),.UNSPECIFIED.);
#197=B_SPLINE_CURVE_WITH_KNOTS('',3,(#8076,#8077,#8078,#8079),
 .UNSPECIFIED.,.F.,.F.,(4,4),(0.,0.0705989313472243),.UNSPECIFIED.);
#198=B_SPLINE_CURVE_WITH_KNOTS('',3,(#8320,#8321,#8322,#8323),
 .UNSPECIFIED.,.F.,.F.,(4,4),(0.50553224003851,0.508619839769597),
 .UNSPECIFIED.);
#199=B_SPLINE_CURVE_WITH_KNOTS('',3,(#8372,#8373,#8374,#8375,#8376,#8377,
#8378,#8379),.UNSPECIFIED.,.F.,.F.,(4,2,2,4),(0.903865851129888,0.914176103587456,
0.960249177070653,0.999122653421416),.UNSPECIFIED.);
#200=B_SPLINE_CURVE_WITH_KNOTS('',3,(#8434,#8435,#8436,#8437,#8438,#8439,
#8440,#8441,#8442,#8443,#8444,#8445,#8446,#8447,#8448,#8449),
 .UNSPECIFIED.,.F.,.F.,(4,2,2,2,2,2,2,4),(0.168208773368669,0.202458669342561,
0.232788898175375,0.251749830958905,0.267908318597181,0.292033358706344,
0.337327257115492,0.348386129895584),.UNSPECIFIED.);
#201=B_SPLINE_CURVE_WITH_KNOTS('',3,(#8453,#8454,#8455,#8456),
 .UNSPECIFIED.,.F.,.F.,(4,4),(0.632981547203517,0.699558285734088),
 .UNSPECIFIED.);
#202=TOROIDAL_SURFACE('',#5231,2.,1.);
#203=TOROIDAL_SURFACE('',#5260,1.99999999999999,1.00000000000001);
#204=TOROIDAL_SURFACE('',#5265,2.,1.);
#205=TOROIDAL_SURFACE('',#5291,2.,0.999999999999996);
#206=TOROIDAL_SURFACE('',#5298,4.,0.999999999999996);
#207=TOROIDAL_SURFACE('',#5307,2.00000000000001,1.);
#208=TOROIDAL_SURFACE('',#5318,4.,0.999999999999996);
#209=TOROIDAL_SURFACE('',#5326,2.,1.00000000000001);
#210=TOROIDAL_SURFACE('',#5331,1.99999999999999,0.999999999999988);
#211=TOROIDAL_SURFACE('',#5337,4.,0.999999999999996);
#212=TOROIDAL_SURFACE('',#5345,4.,1.);
#213=TOROIDAL_SURFACE('',#5355,2.,1.);
#214=TOROIDAL_SURFACE('',#5406,17.,1.);
#215=TOROIDAL_SURFACE('',#5426,4.6,1.);
#216=TOROIDAL_SURFACE('',#5432,4.59999999999999,1.);
#217=TOROIDAL_SURFACE('',#5439,4.6,1.);
#218=TOROIDAL_SURFACE('',#5445,4.6,1.);
#219=TOROIDAL_SURFACE('',#5452,4.6,1.);
#220=TOROIDAL_SURFACE('',#5458,4.59999999999999,1.);
#221=TOROIDAL_SURFACE('',#5465,4.6,1.);
#222=TOROIDAL_SURFACE('',#5471,4.6,1.);
#223=TOROIDAL_SURFACE('',#5478,6.84714567507705,1.);
#224=TOROIDAL_SURFACE('',#5484,6.84714567507705,1.);
#225=TOROIDAL_SURFACE('',#5494,2.,1.);
#226=TOROIDAL_SURFACE('',#5503,17.,1.);
#227=TOROIDAL_SURFACE('',#5514,2.,1.);
#228=TOROIDAL_SURFACE('',#5531,2.,1.);
#229=TOROIDAL_SURFACE('',#5537,2.,1.);
#230=TOROIDAL_SURFACE('',#5543,2.,1.);
#231=TOROIDAL_SURFACE('',#5550,2.00000000000001,1.);
#232=TOROIDAL_SURFACE('',#5560,2.,1.);
#233=TOROIDAL_SURFACE('',#5565,2.,1.);
#234=TOROIDAL_SURFACE('',#5582,2.,1.);
#235=TOROIDAL_SURFACE('',#5588,2.,1.);
#236=TOROIDAL_SURFACE('',#5611,6.84714567507705,1.);
#237=TOROIDAL_SURFACE('',#5616,6.84714567507705,1.);
#238=TOROIDAL_SURFACE('',#5644,2.,0.999999999999996);
#239=TOROIDAL_SURFACE('',#5654,2.,1.);
#240=TOROIDAL_SURFACE('',#5679,1.99999999999999,1.);
#241=FACE_OUTER_BOUND('',#555,.T.);
#242=FACE_OUTER_BOUND('',#556,.T.);
#243=FACE_OUTER_BOUND('',#557,.T.);
#244=FACE_OUTER_BOUND('',#564,.T.);
#245=FACE_OUTER_BOUND('',#565,.T.);
#246=FACE_OUTER_BOUND('',#566,.T.);
#247=FACE_OUTER_BOUND('',#567,.T.);
#248=FACE_OUTER_BOUND('',#568,.T.);
#249=FACE_OUTER_BOUND('',#569,.T.);
#250=FACE_OUTER_BOUND('',#570,.T.);
#251=FACE_OUTER_BOUND('',#571,.T.);
#252=FACE_OUTER_BOUND('',#572,.T.);
#253=FACE_OUTER_BOUND('',#573,.T.);
#254=FACE_OUTER_BOUND('',#574,.T.);
#255=FACE_OUTER_BOUND('',#575,.T.);
#256=FACE_OUTER_BOUND('',#576,.T.);
#257=FACE_OUTER_BOUND('',#577,.T.);
#258=FACE_OUTER_BOUND('',#578,.T.);
#259=FACE_OUTER_BOUND('',#579,.T.);
#260=FACE_OUTER_BOUND('',#580,.T.);
#261=FACE_OUTER_BOUND('',#581,.T.);
#262=FACE_OUTER_BOUND('',#582,.T.);
#263=FACE_OUTER_BOUND('',#583,.T.);
#264=FACE_OUTER_BOUND('',#584,.T.);
#265=FACE_OUTER_BOUND('',#585,.T.);
#266=FACE_OUTER_BOUND('',#586,.T.);
#267=FACE_OUTER_BOUND('',#587,.T.);
#268=FACE_OUTER_BOUND('',#588,.T.);
#269=FACE_OUTER_BOUND('',#589,.T.);
#270=FACE_OUTER_BOUND('',#590,.T.);
#271=FACE_OUTER_BOUND('',#591,.T.);
#272=FACE_OUTER_BOUND('',#592,.T.);
#273=FACE_OUTER_BOUND('',#593,.T.);
#274=FACE_OUTER_BOUND('',#594,.T.);
#275=FACE_OUTER_BOUND('',#595,.T.);
#276=FACE_OUTER_BOUND('',#596,.T.);
#277=FACE_OUTER_BOUND('',#597,.T.);
#278=FACE_OUTER_BOUND('',#598,.T.);
#279=FACE_OUTER_BOUND('',#599,.T.);
#280=FACE_OUTER_BOUND('',#600,.T.);
#281=FACE_OUTER_BOUND('',#601,.T.);
#282=FACE_OUTER_BOUND('',#602,.T.);
#283=FACE_OUTER_BOUND('',#603,.T.);
#284=FACE_OUTER_BOUND('',#604,.T.);
#285=FACE_OUTER_BOUND('',#605,.T.);
#286=FACE_OUTER_BOUND('',#606,.T.);
#287=FACE_OUTER_BOUND('',#607,.T.);
#288=FACE_OUTER_BOUND('',#608,.T.);
#289=FACE_OUTER_BOUND('',#609,.T.);
#290=FACE_OUTER_BOUND('',#610,.T.);
#291=FACE_OUTER_BOUND('',#611,.T.);
#292=FACE_OUTER_BOUND('',#612,.T.);
#293=FACE_OUTER_BOUND('',#613,.T.);
#294=FACE_OUTER_BOUND('',#614,.T.);
#295=FACE_OUTER_BOUND('',#615,.T.);
#296=FACE_OUTER_BOUND('',#616,.T.);
#297=FACE_OUTER_BOUND('',#617,.T.);
#298=FACE_OUTER_BOUND('',#618,.T.);
#299=FACE_OUTER_BOUND('',#619,.T.);
#300=FACE_OUTER_BOUND('',#620,.T.);
#301=FACE_OUTER_BOUND('',#621,.T.);
#302=FACE_OUTER_BOUND('',#622,.T.);
#303=FACE_OUTER_BOUND('',#623,.T.);
#304=FACE_OUTER_BOUND('',#624,.T.);
#305=FACE_OUTER_BOUND('',#625,.T.);
#306=FACE_OUTER_BOUND('',#628,.T.);
#307=FACE_OUTER_BOUND('',#629,.T.);
#308=FACE_OUTER_BOUND('',#630,.T.);
#309=FACE_OUTER_BOUND('',#633,.T.);
#310=FACE_OUTER_BOUND('',#634,.T.);
#311=FACE_OUTER_BOUND('',#635,.T.);
#312=FACE_OUTER_BOUND('',#636,.T.);
#313=FACE_OUTER_BOUND('',#641,.T.);
#314=FACE_OUTER_BOUND('',#642,.T.);
#315=FACE_OUTER_BOUND('',#643,.T.);
#316=FACE_OUTER_BOUND('',#644,.T.);
#317=FACE_OUTER_BOUND('',#645,.T.);
#318=FACE_OUTER_BOUND('',#646,.T.);
#319=FACE_OUTER_BOUND('',#647,.T.);
#320=FACE_OUTER_BOUND('',#648,.T.);
#321=FACE_OUTER_BOUND('',#649,.T.);
#322=FACE_OUTER_BOUND('',#650,.T.);
#323=FACE_OUTER_BOUND('',#651,.T.);
#324=FACE_OUTER_BOUND('',#652,.T.);
#325=FACE_OUTER_BOUND('',#653,.T.);
#326=FACE_OUTER_BOUND('',#654,.T.);
#327=FACE_OUTER_BOUND('',#655,.T.);
#328=FACE_OUTER_BOUND('',#656,.T.);
#329=FACE_OUTER_BOUND('',#657,.T.);
#330=FACE_OUTER_BOUND('',#658,.T.);
#331=FACE_OUTER_BOUND('',#659,.T.);
#332=FACE_OUTER_BOUND('',#660,.T.);
#333=FACE_OUTER_BOUND('',#661,.T.);
#334=FACE_OUTER_BOUND('',#662,.T.);
#335=FACE_OUTER_BOUND('',#663,.T.);
#336=FACE_OUTER_BOUND('',#664,.T.);
#337=FACE_OUTER_BOUND('',#665,.T.);
#338=FACE_OUTER_BOUND('',#666,.T.);
#339=FACE_OUTER_BOUND('',#667,.T.);
#340=FACE_OUTER_BOUND('',#668,.T.);
#341=FACE_OUTER_BOUND('',#669,.T.);
#342=FACE_OUTER_BOUND('',#670,.T.);
#343=FACE_OUTER_BOUND('',#671,.T.);
#344=FACE_OUTER_BOUND('',#672,.T.);
#345=FACE_OUTER_BOUND('',#673,.T.);
#346=FACE_OUTER_BOUND('',#674,.T.);
#347=FACE_OUTER_BOUND('',#675,.T.);
#348=FACE_OUTER_BOUND('',#676,.T.);
#349=FACE_OUTER_BOUND('',#677,.T.);
#350=FACE_OUTER_BOUND('',#678,.T.);
#351=FACE_OUTER_BOUND('',#679,.T.);
#352=FACE_OUTER_BOUND('',#680,.T.);
#353=FACE_OUTER_BOUND('',#681,.T.);
#354=FACE_OUTER_BOUND('',#682,.T.);
#355=FACE_OUTER_BOUND('',#683,.T.);
#356=FACE_OUTER_BOUND('',#684,.T.);
#357=FACE_OUTER_BOUND('',#685,.T.);
#358=FACE_OUTER_BOUND('',#686,.T.);
#359=FACE_OUTER_BOUND('',#687,.T.);
#360=FACE_OUTER_BOUND('',#688,.T.);
#361=FACE_OUTER_BOUND('',#689,.T.);
#362=FACE_OUTER_BOUND('',#690,.T.);
#363=FACE_OUTER_BOUND('',#691,.T.);
#364=FACE_OUTER_BOUND('',#692,.T.);
#365=FACE_OUTER_BOUND('',#693,.T.);
#366=FACE_OUTER_BOUND('',#694,.T.);
#367=FACE_OUTER_BOUND('',#695,.T.);
#368=FACE_OUTER_BOUND('',#696,.T.);
#369=FACE_OUTER_BOUND('',#697,.T.);
#370=FACE_OUTER_BOUND('',#698,.T.);
#371=FACE_OUTER_BOUND('',#699,.T.);
#372=FACE_OUTER_BOUND('',#700,.T.);
#373=FACE_OUTER_BOUND('',#701,.T.);
#374=FACE_OUTER_BOUND('',#702,.T.);
#375=FACE_OUTER_BOUND('',#703,.T.);
#376=FACE_OUTER_BOUND('',#704,.T.);
#377=FACE_OUTER_BOUND('',#705,.T.);
#378=FACE_OUTER_BOUND('',#706,.T.);
#379=FACE_OUTER_BOUND('',#707,.T.);
#380=FACE_OUTER_BOUND('',#708,.T.);
#381=FACE_OUTER_BOUND('',#709,.T.);
#382=FACE_OUTER_BOUND('',#710,.T.);
#383=FACE_OUTER_BOUND('',#711,.T.);
#384=FACE_OUTER_BOUND('',#712,.T.);
#385=FACE_OUTER_BOUND('',#713,.T.);
#386=FACE_OUTER_BOUND('',#714,.T.);
#387=FACE_OUTER_BOUND('',#715,.T.);
#388=FACE_OUTER_BOUND('',#716,.T.);
#389=FACE_OUTER_BOUND('',#717,.T.);
#390=FACE_OUTER_BOUND('',#718,.T.);
#391=FACE_OUTER_BOUND('',#719,.T.);
#392=FACE_OUTER_BOUND('',#720,.T.);
#393=FACE_OUTER_BOUND('',#721,.T.);
#394=FACE_OUTER_BOUND('',#722,.T.);
#395=FACE_OUTER_BOUND('',#723,.T.);
#396=FACE_OUTER_BOUND('',#724,.T.);
#397=FACE_OUTER_BOUND('',#725,.T.);
#398=FACE_OUTER_BOUND('',#726,.T.);
#399=FACE_OUTER_BOUND('',#727,.T.);
#400=FACE_OUTER_BOUND('',#729,.T.);
#401=FACE_OUTER_BOUND('',#730,.T.);
#402=FACE_OUTER_BOUND('',#731,.T.);
#403=FACE_OUTER_BOUND('',#732,.T.);
#404=FACE_OUTER_BOUND('',#733,.T.);
#405=FACE_OUTER_BOUND('',#734,.T.);
#406=FACE_OUTER_BOUND('',#735,.T.);
#407=FACE_OUTER_BOUND('',#736,.T.);
#408=FACE_OUTER_BOUND('',#737,.T.);
#409=FACE_OUTER_BOUND('',#738,.T.);
#410=FACE_OUTER_BOUND('',#739,.T.);
#411=FACE_OUTER_BOUND('',#740,.T.);
#412=FACE_OUTER_BOUND('',#741,.T.);
#413=FACE_OUTER_BOUND('',#742,.T.);
#414=FACE_OUTER_BOUND('',#743,.T.);
#415=FACE_OUTER_BOUND('',#744,.T.);
#416=FACE_OUTER_BOUND('',#745,.T.);
#417=FACE_OUTER_BOUND('',#746,.T.);
#418=FACE_OUTER_BOUND('',#747,.T.);
#419=FACE_OUTER_BOUND('',#748,.T.);
#420=FACE_OUTER_BOUND('',#749,.T.);
#421=FACE_OUTER_BOUND('',#750,.T.);
#422=FACE_OUTER_BOUND('',#751,.T.);
#423=FACE_OUTER_BOUND('',#752,.T.);
#424=FACE_OUTER_BOUND('',#753,.T.);
#425=FACE_OUTER_BOUND('',#754,.T.);
#426=FACE_OUTER_BOUND('',#755,.T.);
#427=FACE_OUTER_BOUND('',#756,.T.);
#428=FACE_OUTER_BOUND('',#757,.T.);
#429=FACE_OUTER_BOUND('',#758,.T.);
#430=FACE_OUTER_BOUND('',#759,.T.);
#431=FACE_OUTER_BOUND('',#762,.T.);
#432=FACE_OUTER_BOUND('',#763,.T.);
#433=FACE_OUTER_BOUND('',#764,.T.);
#434=FACE_OUTER_BOUND('',#765,.T.);
#435=FACE_OUTER_BOUND('',#766,.T.);
#436=FACE_OUTER_BOUND('',#775,.T.);
#437=FACE_OUTER_BOUND('',#776,.T.);
#438=FACE_OUTER_BOUND('',#777,.T.);
#439=FACE_OUTER_BOUND('',#778,.T.);
#440=FACE_OUTER_BOUND('',#779,.T.);
#441=FACE_OUTER_BOUND('',#780,.T.);
#442=FACE_OUTER_BOUND('',#781,.T.);
#443=FACE_OUTER_BOUND('',#782,.T.);
#444=FACE_OUTER_BOUND('',#783,.T.);
#445=FACE_OUTER_BOUND('',#784,.T.);
#446=FACE_OUTER_BOUND('',#785,.T.);
#447=FACE_OUTER_BOUND('',#786,.T.);
#448=FACE_OUTER_BOUND('',#787,.T.);
#449=FACE_OUTER_BOUND('',#788,.T.);
#450=FACE_OUTER_BOUND('',#789,.T.);
#451=FACE_OUTER_BOUND('',#790,.T.);
#452=FACE_OUTER_BOUND('',#791,.T.);
#453=FACE_OUTER_BOUND('',#792,.T.);
#454=FACE_OUTER_BOUND('',#793,.T.);
#455=FACE_OUTER_BOUND('',#794,.T.);
#456=FACE_OUTER_BOUND('',#795,.T.);
#457=FACE_OUTER_BOUND('',#796,.T.);
#458=FACE_OUTER_BOUND('',#797,.T.);
#459=FACE_OUTER_BOUND('',#798,.T.);
#460=FACE_OUTER_BOUND('',#799,.T.);
#461=FACE_OUTER_BOUND('',#800,.T.);
#462=FACE_OUTER_BOUND('',#801,.T.);
#463=FACE_OUTER_BOUND('',#802,.T.);
#464=FACE_OUTER_BOUND('',#803,.T.);
#465=FACE_OUTER_BOUND('',#804,.T.);
#466=FACE_OUTER_BOUND('',#805,.T.);
#467=FACE_OUTER_BOUND('',#806,.T.);
#468=FACE_OUTER_BOUND('',#807,.T.);
#469=FACE_OUTER_BOUND('',#808,.T.);
#470=FACE_OUTER_BOUND('',#809,.T.);
#471=FACE_OUTER_BOUND('',#810,.T.);
#472=FACE_OUTER_BOUND('',#811,.T.);
#473=FACE_OUTER_BOUND('',#812,.T.);
#474=FACE_OUTER_BOUND('',#813,.T.);
#475=FACE_OUTER_BOUND('',#814,.T.);
#476=FACE_OUTER_BOUND('',#815,.T.);
#477=FACE_OUTER_BOUND('',#816,.T.);
#478=FACE_OUTER_BOUND('',#817,.T.);
#479=FACE_OUTER_BOUND('',#818,.T.);
#480=FACE_OUTER_BOUND('',#819,.T.);
#481=FACE_OUTER_BOUND('',#820,.T.);
#482=FACE_OUTER_BOUND('',#821,.T.);
#483=FACE_OUTER_BOUND('',#822,.T.);
#484=FACE_OUTER_BOUND('',#823,.T.);
#485=FACE_OUTER_BOUND('',#824,.T.);
#486=FACE_OUTER_BOUND('',#825,.T.);
#487=FACE_OUTER_BOUND('',#826,.T.);
#488=FACE_OUTER_BOUND('',#827,.T.);
#489=FACE_OUTER_BOUND('',#829,.T.);
#490=FACE_OUTER_BOUND('',#830,.T.);
#491=FACE_OUTER_BOUND('',#831,.T.);
#492=FACE_OUTER_BOUND('',#832,.T.);
#493=FACE_OUTER_BOUND('',#833,.T.);
#494=FACE_OUTER_BOUND('',#835,.T.);
#495=FACE_OUTER_BOUND('',#836,.T.);
#496=FACE_OUTER_BOUND('',#837,.T.);
#497=FACE_OUTER_BOUND('',#838,.T.);
#498=FACE_OUTER_BOUND('',#839,.T.);
#499=FACE_OUTER_BOUND('',#841,.T.);
#500=FACE_OUTER_BOUND('',#842,.T.);
#501=FACE_OUTER_BOUND('',#843,.T.);
#502=FACE_OUTER_BOUND('',#844,.T.);
#503=FACE_OUTER_BOUND('',#845,.T.);
#504=FACE_OUTER_BOUND('',#847,.T.);
#505=FACE_OUTER_BOUND('',#848,.T.);
#506=FACE_OUTER_BOUND('',#849,.T.);
#507=FACE_OUTER_BOUND('',#850,.T.);
#508=FACE_OUTER_BOUND('',#851,.T.);
#509=FACE_OUTER_BOUND('',#852,.T.);
#510=FACE_OUTER_BOUND('',#853,.T.);
#511=FACE_OUTER_BOUND('',#854,.T.);
#512=FACE_OUTER_BOUND('',#855,.T.);
#513=FACE_OUTER_BOUND('',#856,.T.);
#514=FACE_OUTER_BOUND('',#857,.T.);
#515=FACE_OUTER_BOUND('',#858,.T.);
#516=FACE_OUTER_BOUND('',#859,.T.);
#517=FACE_OUTER_BOUND('',#860,.T.);
#518=FACE_OUTER_BOUND('',#861,.T.);
#519=FACE_OUTER_BOUND('',#862,.T.);
#520=FACE_OUTER_BOUND('',#864,.T.);
#521=FACE_OUTER_BOUND('',#866,.T.);
#522=FACE_OUTER_BOUND('',#867,.T.);
#523=FACE_OUTER_BOUND('',#868,.T.);
#524=FACE_OUTER_BOUND('',#869,.T.);
#525=FACE_OUTER_BOUND('',#870,.T.);
#526=FACE_OUTER_BOUND('',#872,.T.);
#527=FACE_OUTER_BOUND('',#873,.T.);
#528=FACE_OUTER_BOUND('',#874,.T.);
#529=FACE_OUTER_BOUND('',#876,.T.);
#530=FACE_OUTER_BOUND('',#877,.T.);
#531=FACE_OUTER_BOUND('',#878,.T.);
#532=FACE_OUTER_BOUND('',#880,.T.);
#533=FACE_OUTER_BOUND('',#881,.T.);
#534=FACE_OUTER_BOUND('',#882,.T.);
#535=FACE_OUTER_BOUND('',#883,.T.);
#536=FACE_OUTER_BOUND('',#884,.T.);
#537=FACE_OUTER_BOUND('',#885,.T.);
#538=FACE_OUTER_BOUND('',#886,.T.);
#539=FACE_OUTER_BOUND('',#887,.T.);
#540=FACE_OUTER_BOUND('',#888,.T.);
#541=FACE_OUTER_BOUND('',#889,.T.);
#542=FACE_OUTER_BOUND('',#890,.T.);
#543=FACE_OUTER_BOUND('',#891,.T.);
#544=FACE_OUTER_BOUND('',#892,.T.);
#545=FACE_OUTER_BOUND('',#893,.T.);
#546=FACE_OUTER_BOUND('',#895,.T.);
#547=FACE_OUTER_BOUND('',#897,.T.);
#548=FACE_OUTER_BOUND('',#898,.T.);
#549=FACE_OUTER_BOUND('',#900,.T.);
#550=FACE_OUTER_BOUND('',#901,.T.);
#551=FACE_OUTER_BOUND('',#903,.T.);
#552=FACE_OUTER_BOUND('',#904,.T.);
#553=FACE_OUTER_BOUND('',#905,.T.);
#554=FACE_OUTER_BOUND('',#906,.T.);
#555=EDGE_LOOP('',(#3270,#3271,#3272,#3273,#3274));
#556=EDGE_LOOP('',(#3275,#3276,#3277,#3278));
#557=EDGE_LOOP('',(#3279,#3280,#3281,#3282,#3283,#3284,#3285,#3286,#3287,
#3288,#3289,#3290,#3291));
#558=EDGE_LOOP('',(#3292,#3293,#3294,#3295));
#559=EDGE_LOOP('',(#3296));
#560=EDGE_LOOP('',(#3297));
#561=EDGE_LOOP('',(#3298));
#562=EDGE_LOOP('',(#3299,#3300,#3301,#3302,#3303,#3304,#3305,#3306));
#563=EDGE_LOOP('',(#3307,#3308,#3309,#3310,#3311,#3312,#3313,#3314,#3315,
#3316,#3317));
#564=EDGE_LOOP('',(#3318,#3319,#3320));
#565=EDGE_LOOP('',(#3321,#3322,#3323,#3324,#3325,#3326));
#566=EDGE_LOOP('',(#3327,#3328,#3329));
#567=EDGE_LOOP('',(#3330,#3331,#3332,#3333));
#568=EDGE_LOOP('',(#3334,#3335,#3336,#3337));
#569=EDGE_LOOP('',(#3338,#3339,#3340,#3341));
#570=EDGE_LOOP('',(#3342,#3343,#3344,#3345));
#571=EDGE_LOOP('',(#3346,#3347,#3348));
#572=EDGE_LOOP('',(#3349,#3350,#3351));
#573=EDGE_LOOP('',(#3352,#3353,#3354,#3355));
#574=EDGE_LOOP('',(#3356,#3357,#3358));
#575=EDGE_LOOP('',(#3359,#3360,#3361,#3362));
#576=EDGE_LOOP('',(#3363,#3364,#3365));
#577=EDGE_LOOP('',(#3366,#3367,#3368,#3369));
#578=EDGE_LOOP('',(#3370,#3371,#3372,#3373));
#579=EDGE_LOOP('',(#3374,#3375,#3376,#3377));
#580=EDGE_LOOP('',(#3378,#3379,#3380,#3381));
#581=EDGE_LOOP('',(#3382,#3383,#3384,#3385));
#582=EDGE_LOOP('',(#3386,#3387,#3388));
#583=EDGE_LOOP('',(#3389,#3390,#3391,#3392));
#584=EDGE_LOOP('',(#3393,#3394,#3395));
#585=EDGE_LOOP('',(#3396,#3397,#3398,#3399));
#586=EDGE_LOOP('',(#3400,#3401,#3402,#3403));
#587=EDGE_LOOP('',(#3404,#3405,#3406,#3407,#3408,#3409,#3410,#3411));
#588=EDGE_LOOP('',(#3412,#3413,#3414,#3415));
#589=EDGE_LOOP('',(#3416,#3417,#3418,#3419));
#590=EDGE_LOOP('',(#3420,#3421,#3422,#3423));
#591=EDGE_LOOP('',(#3424,#3425,#3426,#3427));
#592=EDGE_LOOP('',(#3428,#3429,#3430,#3431));
#593=EDGE_LOOP('',(#3432,#3433,#3434,#3435));
#594=EDGE_LOOP('',(#3436,#3437,#3438,#3439));
#595=EDGE_LOOP('',(#3440,#3441,#3442,#3443));
#596=EDGE_LOOP('',(#3444,#3445,#3446,#3447));
#597=EDGE_LOOP('',(#3448,#3449,#3450,#3451));
#598=EDGE_LOOP('',(#3452,#3453,#3454,#3455));
#599=EDGE_LOOP('',(#3456,#3457,#3458,#3459));
#600=EDGE_LOOP('',(#3460,#3461,#3462,#3463));
#601=EDGE_LOOP('',(#3464,#3465,#3466,#3467));
#602=EDGE_LOOP('',(#3468,#3469,#3470,#3471));
#603=EDGE_LOOP('',(#3472,#3473,#3474));
#604=EDGE_LOOP('',(#3475,#3476,#3477,#3478));
#605=EDGE_LOOP('',(#3479,#3480,#3481,#3482));
#606=EDGE_LOOP('',(#3483,#3484,#3485,#3486));
#607=EDGE_LOOP('',(#3487,#3488,#3489,#3490));
#608=EDGE_LOOP('',(#3491,#3492,#3493,#3494));
#609=EDGE_LOOP('',(#3495,#3496,#3497,#3498));
#610=EDGE_LOOP('',(#3499,#3500,#3501,#3502));
#611=EDGE_LOOP('',(#3503,#3504,#3505,#3506));
#612=EDGE_LOOP('',(#3507,#3508,#3509,#3510));
#613=EDGE_LOOP('',(#3511,#3512,#3513,#3514));
#614=EDGE_LOOP('',(#3515,#3516,#3517,#3518));
#615=EDGE_LOOP('',(#3519,#3520,#3521,#3522));
#616=EDGE_LOOP('',(#3523,#3524,#3525,#3526,#3527));
#617=EDGE_LOOP('',(#3528,#3529,#3530,#3531));
#618=EDGE_LOOP('',(#3532,#3533,#3534,#3535));
#619=EDGE_LOOP('',(#3536,#3537,#3538,#3539,#3540,#3541,#3542));
#620=EDGE_LOOP('',(#3543,#3544,#3545,#3546,#3547,#3548,#3549,#3550,#3551,
#3552,#3553));
#621=EDGE_LOOP('',(#3554,#3555,#3556,#3557,#3558,#3559));
#622=EDGE_LOOP('',(#3560,#3561,#3562,#3563));
#623=EDGE_LOOP('',(#3564,#3565,#3566,#3567));
#624=EDGE_LOOP('',(#3568,#3569,#3570,#3571));
#625=EDGE_LOOP('',(#3572,#3573,#3574,#3575,#3576,#3577,#3578,#3579,#3580,
#3581,#3582,#3583,#3584,#3585,#3586,#3587,#3588,#3589,#3590,#3591,#3592,
#3593,#3594,#3595,#3596,#3597,#3598,#3599,#3600));
#626=EDGE_LOOP('',(#3601));
#627=EDGE_LOOP('',(#3602,#3603,#3604,#3605));
#628=EDGE_LOOP('',(#3606,#3607,#3608,#3609));
#629=EDGE_LOOP('',(#3610,#3611,#3612,#3613));
#630=EDGE_LOOP('',(#3614,#3615,#3616,#3617,#3618));
#631=EDGE_LOOP('',(#3619,#3620,#3621,#3622));
#632=EDGE_LOOP('',(#3623,#3624,#3625,#3626));
#633=EDGE_LOOP('',(#3627,#3628,#3629,#3630,#3631,#3632,#3633));
#634=EDGE_LOOP('',(#3634,#3635,#3636,#3637,#3638,#3639));
#635=EDGE_LOOP('',(#3640,#3641,#3642,#3643,#3644));
#636=EDGE_LOOP('',(#3645,#3646,#3647,#3648,#3649,#3650,#3651,#3652,#3653,
#3654,#3655,#3656,#3657,#3658,#3659,#3660,#3661,#3662,#3663,#3664,#3665,
#3666,#3667,#3668));
#637=EDGE_LOOP('',(#3669,#3670,#3671,#3672));
#638=EDGE_LOOP('',(#3673,#3674,#3675,#3676));
#639=EDGE_LOOP('',(#3677,#3678,#3679,#3680));
#640=EDGE_LOOP('',(#3681));
#641=EDGE_LOOP('',(#3682,#3683,#3684,#3685,#3686));
#642=EDGE_LOOP('',(#3687,#3688,#3689,#3690,#3691,#3692));
#643=EDGE_LOOP('',(#3693,#3694,#3695,#3696));
#644=EDGE_LOOP('',(#3697,#3698,#3699,#3700));
#645=EDGE_LOOP('',(#3701,#3702,#3703,#3704));
#646=EDGE_LOOP('',(#3705,#3706,#3707,#3708));
#647=EDGE_LOOP('',(#3709,#3710,#3711,#3712));
#648=EDGE_LOOP('',(#3713,#3714,#3715,#3716,#3717,#3718));
#649=EDGE_LOOP('',(#3719,#3720,#3721,#3722));
#650=EDGE_LOOP('',(#3723,#3724,#3725,#3726));
#651=EDGE_LOOP('',(#3727,#3728,#3729,#3730));
#652=EDGE_LOOP('',(#3731,#3732,#3733,#3734));
#653=EDGE_LOOP('',(#3735,#3736,#3737,#3738));
#654=EDGE_LOOP('',(#3739,#3740,#3741,#3742));
#655=EDGE_LOOP('',(#3743,#3744,#3745,#3746));
#656=EDGE_LOOP('',(#3747,#3748,#3749,#3750));
#657=EDGE_LOOP('',(#3751,#3752,#3753,#3754));
#658=EDGE_LOOP('',(#3755,#3756,#3757,#3758));
#659=EDGE_LOOP('',(#3759,#3760,#3761,#3762));
#660=EDGE_LOOP('',(#3763,#3764,#3765,#3766));
#661=EDGE_LOOP('',(#3767,#3768,#3769,#3770));
#662=EDGE_LOOP('',(#3771,#3772,#3773,#3774));
#663=EDGE_LOOP('',(#3775,#3776,#3777,#3778));
#664=EDGE_LOOP('',(#3779,#3780,#3781,#3782));
#665=EDGE_LOOP('',(#3783,#3784,#3785,#3786));
#666=EDGE_LOOP('',(#3787,#3788,#3789,#3790));
#667=EDGE_LOOP('',(#3791,#3792,#3793,#3794));
#668=EDGE_LOOP('',(#3795,#3796,#3797,#3798));
#669=EDGE_LOOP('',(#3799,#3800,#3801,#3802));
#670=EDGE_LOOP('',(#3803,#3804,#3805,#3806));
#671=EDGE_LOOP('',(#3807,#3808,#3809,#3810));
#672=EDGE_LOOP('',(#3811,#3812,#3813,#3814));
#673=EDGE_LOOP('',(#3815,#3816,#3817,#3818,#3819,#3820));
#674=EDGE_LOOP('',(#3821,#3822,#3823,#3824,#3825));
#675=EDGE_LOOP('',(#3826,#3827,#3828,#3829,#3830,#3831,#3832,#3833,#3834,
#3835,#3836,#3837));
#676=EDGE_LOOP('',(#3838,#3839,#3840,#3841,#3842,#3843,#3844,#3845));
#677=EDGE_LOOP('',(#3846,#3847,#3848,#3849));
#678=EDGE_LOOP('',(#3850,#3851,#3852,#3853));
#679=EDGE_LOOP('',(#3854,#3855,#3856));
#680=EDGE_LOOP('',(#3857,#3858,#3859,#3860));
#681=EDGE_LOOP('',(#3861,#3862,#3863,#3864,#3865));
#682=EDGE_LOOP('',(#3866,#3867,#3868,#3869,#3870,#3871,#3872));
#683=EDGE_LOOP('',(#3873,#3874,#3875,#3876));
#684=EDGE_LOOP('',(#3877,#3878,#3879,#3880));
#685=EDGE_LOOP('',(#3881,#3882,#3883));
#686=EDGE_LOOP('',(#3884,#3885,#3886));
#687=EDGE_LOOP('',(#3887,#3888,#3889,#3890));
#688=EDGE_LOOP('',(#3891,#3892,#3893,#3894));
#689=EDGE_LOOP('',(#3895,#3896,#3897,#3898));
#690=EDGE_LOOP('',(#3899,#3900,#3901,#3902));
#691=EDGE_LOOP('',(#3903,#3904,#3905,#3906,#3907,#3908));
#692=EDGE_LOOP('',(#3909,#3910,#3911));
#693=EDGE_LOOP('',(#3912,#3913,#3914,#3915));
#694=EDGE_LOOP('',(#3916,#3917,#3918,#3919));
#695=EDGE_LOOP('',(#3920,#3921,#3922,#3923));
#696=EDGE_LOOP('',(#3924,#3925,#3926));
#697=EDGE_LOOP('',(#3927,#3928,#3929,#3930));
#698=EDGE_LOOP('',(#3931,#3932,#3933,#3934));
#699=EDGE_LOOP('',(#3935,#3936,#3937,#3938));
#700=EDGE_LOOP('',(#3939,#3940,#3941,#3942));
#701=EDGE_LOOP('',(#3943,#3944,#3945,#3946));
#702=EDGE_LOOP('',(#3947,#3948,#3949));
#703=EDGE_LOOP('',(#3950,#3951,#3952));
#704=EDGE_LOOP('',(#3953,#3954,#3955));
#705=EDGE_LOOP('',(#3956,#3957,#3958,#3959));
#706=EDGE_LOOP('',(#3960,#3961,#3962,#3963));
#707=EDGE_LOOP('',(#3964,#3965,#3966,#3967));
#708=EDGE_LOOP('',(#3968,#3969,#3970,#3971));
#709=EDGE_LOOP('',(#3972,#3973,#3974,#3975));
#710=EDGE_LOOP('',(#3976,#3977,#3978,#3979));
#711=EDGE_LOOP('',(#3980,#3981,#3982,#3983));
#712=EDGE_LOOP('',(#3984,#3985,#3986,#3987));
#713=EDGE_LOOP('',(#3988,#3989,#3990,#3991));
#714=EDGE_LOOP('',(#3992,#3993,#3994,#3995));
#715=EDGE_LOOP('',(#3996,#3997,#3998,#3999));
#716=EDGE_LOOP('',(#4000,#4001,#4002,#4003));
#717=EDGE_LOOP('',(#4004,#4005,#4006,#4007));
#718=EDGE_LOOP('',(#4008,#4009,#4010,#4011));
#719=EDGE_LOOP('',(#4012,#4013,#4014,#4015));
#720=EDGE_LOOP('',(#4016,#4017,#4018,#4019));
#721=EDGE_LOOP('',(#4020,#4021,#4022,#4023));
#722=EDGE_LOOP('',(#4024,#4025,#4026,#4027));
#723=EDGE_LOOP('',(#4028,#4029,#4030,#4031));
#724=EDGE_LOOP('',(#4032,#4033,#4034,#4035));
#725=EDGE_LOOP('',(#4036,#4037,#4038,#4039));
#726=EDGE_LOOP('',(#4040,#4041,#4042,#4043));
#727=EDGE_LOOP('',(#4044,#4045,#4046,#4047,#4048,#4049,#4050,#4051,#4052,
#4053));
#728=EDGE_LOOP('',(#4054,#4055,#4056,#4057,#4058,#4059,#4060,#4061));
#729=EDGE_LOOP('',(#4062,#4063,#4064,#4065));
#730=EDGE_LOOP('',(#4066,#4067,#4068,#4069));
#731=EDGE_LOOP('',(#4070,#4071,#4072,#4073));
#732=EDGE_LOOP('',(#4074,#4075,#4076,#4077));
#733=EDGE_LOOP('',(#4078,#4079,#4080,#4081));
#734=EDGE_LOOP('',(#4082,#4083,#4084,#4085));
#735=EDGE_LOOP('',(#4086,#4087,#4088,#4089));
#736=EDGE_LOOP('',(#4090,#4091,#4092,#4093));
#737=EDGE_LOOP('',(#4094,#4095,#4096,#4097));
#738=EDGE_LOOP('',(#4098,#4099,#4100,#4101));
#739=EDGE_LOOP('',(#4102,#4103,#4104,#4105));
#740=EDGE_LOOP('',(#4106,#4107,#4108,#4109,#4110,#4111,#4112,#4113,#4114,
#4115,#4116,#4117,#4118,#4119,#4120,#4121,#4122));
#741=EDGE_LOOP('',(#4123,#4124,#4125));
#742=EDGE_LOOP('',(#4126,#4127,#4128,#4129));
#743=EDGE_LOOP('',(#4130,#4131,#4132));
#744=EDGE_LOOP('',(#4133,#4134,#4135,#4136));
#745=EDGE_LOOP('',(#4137,#4138,#4139,#4140));
#746=EDGE_LOOP('',(#4141,#4142,#4143));
#747=EDGE_LOOP('',(#4144,#4145,#4146,#4147));
#748=EDGE_LOOP('',(#4148,#4149,#4150,#4151));
#749=EDGE_LOOP('',(#4152,#4153,#4154,#4155));
#750=EDGE_LOOP('',(#4156,#4157,#4158));
#751=EDGE_LOOP('',(#4159,#4160,#4161,#4162));
#752=EDGE_LOOP('',(#4163,#4164,#4165,#4166));
#753=EDGE_LOOP('',(#4167,#4168,#4169,#4170));
#754=EDGE_LOOP('',(#4171,#4172,#4173,#4174));
#755=EDGE_LOOP('',(#4175,#4176,#4177,#4178));
#756=EDGE_LOOP('',(#4179,#4180,#4181,#4182));
#757=EDGE_LOOP('',(#4183,#4184,#4185,#4186,#4187));
#758=EDGE_LOOP('',(#4188,#4189,#4190,#4191));
#759=EDGE_LOOP('',(#4192,#4193,#4194,#4195));
#760=EDGE_LOOP('',(#4196,#4197,#4198,#4199));
#761=EDGE_LOOP('',(#4200,#4201,#4202,#4203));
#762=EDGE_LOOP('',(#4204,#4205,#4206,#4207));
#763=EDGE_LOOP('',(#4208,#4209,#4210,#4211));
#764=EDGE_LOOP('',(#4212,#4213,#4214,#4215));
#765=EDGE_LOOP('',(#4216,#4217,#4218,#4219));
#766=EDGE_LOOP('',(#4220,#4221,#4222,#4223,#4224,#4225,#4226,#4227,#4228,
#4229,#4230,#4231,#4232,#4233,#4234,#4235,#4236,#4237,#4238,#4239,#4240,
#4241,#4242,#4243,#4244,#4245,#4246));
#767=EDGE_LOOP('',(#4247,#4248,#4249,#4250));
#768=EDGE_LOOP('',(#4251));
#769=EDGE_LOOP('',(#4252));
#770=EDGE_LOOP('',(#4253,#4254,#4255,#4256,#4257));
#771=EDGE_LOOP('',(#4258));
#772=EDGE_LOOP('',(#4259));
#773=EDGE_LOOP('',(#4260));
#774=EDGE_LOOP('',(#4261));
#775=EDGE_LOOP('',(#4262,#4263,#4264,#4265));
#776=EDGE_LOOP('',(#4266,#4267,#4268,#4269,#4270,#4271));
#777=EDGE_LOOP('',(#4272,#4273,#4274,#4275,#4276,#4277,#4278));
#778=EDGE_LOOP('',(#4279,#4280,#4281,#4282,#4283));
#779=EDGE_LOOP('',(#4284,#4285,#4286,#4287,#4288,#4289,#4290,#4291));
#780=EDGE_LOOP('',(#4292,#4293,#4294,#4295));
#781=EDGE_LOOP('',(#4296,#4297,#4298,#4299));
#782=EDGE_LOOP('',(#4300,#4301,#4302,#4303));
#783=EDGE_LOOP('',(#4304,#4305,#4306,#4307));
#784=EDGE_LOOP('',(#4308,#4309,#4310,#4311));
#785=EDGE_LOOP('',(#4312,#4313,#4314,#4315));
#786=EDGE_LOOP('',(#4316,#4317,#4318,#4319));
#787=EDGE_LOOP('',(#4320,#4321,#4322,#4323));
#788=EDGE_LOOP('',(#4324,#4325,#4326,#4327));
#789=EDGE_LOOP('',(#4328,#4329,#4330,#4331,#4332));
#790=EDGE_LOOP('',(#4333,#4334,#4335,#4336));
#791=EDGE_LOOP('',(#4337,#4338,#4339,#4340));
#792=EDGE_LOOP('',(#4341));
#793=EDGE_LOOP('',(#4342,#4343,#4344,#4345));
#794=EDGE_LOOP('',(#4346));
#795=EDGE_LOOP('',(#4347,#4348,#4349,#4350));
#796=EDGE_LOOP('',(#4351));
#797=EDGE_LOOP('',(#4352,#4353,#4354,#4355,#4356,#4357,#4358,#4359));
#798=EDGE_LOOP('',(#4360,#4361,#4362,#4363));
#799=EDGE_LOOP('',(#4364,#4365,#4366,#4367));
#800=EDGE_LOOP('',(#4368,#4369,#4370,#4371));
#801=EDGE_LOOP('',(#4372,#4373,#4374,#4375));
#802=EDGE_LOOP('',(#4376,#4377,#4378,#4379));
#803=EDGE_LOOP('',(#4380,#4381,#4382,#4383));
#804=EDGE_LOOP('',(#4384,#4385,#4386,#4387));
#805=EDGE_LOOP('',(#4388,#4389,#4390,#4391));
#806=EDGE_LOOP('',(#4392,#4393,#4394,#4395));
#807=EDGE_LOOP('',(#4396,#4397,#4398,#4399));
#808=EDGE_LOOP('',(#4400,#4401,#4402,#4403));
#809=EDGE_LOOP('',(#4404,#4405,#4406,#4407));
#810=EDGE_LOOP('',(#4408,#4409,#4410,#4411));
#811=EDGE_LOOP('',(#4412,#4413,#4414,#4415));
#812=EDGE_LOOP('',(#4416,#4417,#4418,#4419,#4420,#4421));
#813=EDGE_LOOP('',(#4422,#4423,#4424,#4425,#4426,#4427,#4428,#4429,#4430,
#4431,#4432,#4433,#4434));
#814=EDGE_LOOP('',(#4435,#4436,#4437,#4438));
#815=EDGE_LOOP('',(#4439,#4440,#4441,#4442));
#816=EDGE_LOOP('',(#4443,#4444,#4445,#4446));
#817=EDGE_LOOP('',(#4447,#4448,#4449,#4450));
#818=EDGE_LOOP('',(#4451,#4452,#4453,#4454));
#819=EDGE_LOOP('',(#4455,#4456,#4457,#4458));
#820=EDGE_LOOP('',(#4459,#4460,#4461,#4462));
#821=EDGE_LOOP('',(#4463,#4464,#4465,#4466));
#822=EDGE_LOOP('',(#4467,#4468,#4469,#4470,#4471,#4472,#4473,#4474));
#823=EDGE_LOOP('',(#4475,#4476,#4477,#4478));
#824=EDGE_LOOP('',(#4479,#4480,#4481,#4482));
#825=EDGE_LOOP('',(#4483,#4484,#4485,#4486));
#826=EDGE_LOOP('',(#4487,#4488,#4489,#4490));
#827=EDGE_LOOP('',(#4491,#4492,#4493,#4494));
#828=EDGE_LOOP('',(#4495,#4496,#4497,#4498));
#829=EDGE_LOOP('',(#4499,#4500,#4501,#4502));
#830=EDGE_LOOP('',(#4503,#4504,#4505,#4506));
#831=EDGE_LOOP('',(#4507,#4508,#4509,#4510));
#832=EDGE_LOOP('',(#4511,#4512,#4513,#4514));
#833=EDGE_LOOP('',(#4515,#4516,#4517,#4518));
#834=EDGE_LOOP('',(#4519,#4520,#4521,#4522));
#835=EDGE_LOOP('',(#4523,#4524,#4525,#4526));
#836=EDGE_LOOP('',(#4527,#4528,#4529,#4530));
#837=EDGE_LOOP('',(#4531,#4532,#4533,#4534));
#838=EDGE_LOOP('',(#4535,#4536,#4537,#4538));
#839=EDGE_LOOP('',(#4539,#4540,#4541,#4542));
#840=EDGE_LOOP('',(#4543,#4544,#4545,#4546));
#841=EDGE_LOOP('',(#4547,#4548,#4549,#4550));
#842=EDGE_LOOP('',(#4551,#4552,#4553,#4554));
#843=EDGE_LOOP('',(#4555,#4556,#4557,#4558));
#844=EDGE_LOOP('',(#4559,#4560,#4561,#4562));
#845=EDGE_LOOP('',(#4563,#4564,#4565,#4566));
#846=EDGE_LOOP('',(#4567,#4568,#4569,#4570));
#847=EDGE_LOOP('',(#4571,#4572,#4573,#4574,#4575,#4576,#4577,#4578,#4579));
#848=EDGE_LOOP('',(#4580,#4581,#4582,#4583));
#849=EDGE_LOOP('',(#4584,#4585,#4586,#4587));
#850=EDGE_LOOP('',(#4588,#4589,#4590,#4591));
#851=EDGE_LOOP('',(#4592,#4593,#4594,#4595));
#852=EDGE_LOOP('',(#4596,#4597,#4598,#4599));
#853=EDGE_LOOP('',(#4600,#4601,#4602,#4603));
#854=EDGE_LOOP('',(#4604,#4605,#4606,#4607));
#855=EDGE_LOOP('',(#4608,#4609,#4610,#4611));
#856=EDGE_LOOP('',(#4612,#4613,#4614,#4615));
#857=EDGE_LOOP('',(#4616,#4617,#4618,#4619,#4620));
#858=EDGE_LOOP('',(#4621,#4622,#4623,#4624,#4625));
#859=EDGE_LOOP('',(#4626,#4627,#4628,#4629));
#860=EDGE_LOOP('',(#4630,#4631,#4632,#4633));
#861=EDGE_LOOP('',(#4634,#4635,#4636,#4637));
#862=EDGE_LOOP('',(#4638));
#863=EDGE_LOOP('',(#4639));
#864=EDGE_LOOP('',(#4640));
#865=EDGE_LOOP('',(#4641));
#866=EDGE_LOOP('',(#4642,#4643,#4644,#4645,#4646,#4647,#4648));
#867=EDGE_LOOP('',(#4649,#4650,#4651,#4652,#4653));
#868=EDGE_LOOP('',(#4654,#4655,#4656,#4657));
#869=EDGE_LOOP('',(#4658,#4659,#4660,#4661));
#870=EDGE_LOOP('',(#4662));
#871=EDGE_LOOP('',(#4663));
#872=EDGE_LOOP('',(#4664,#4665,#4666,#4667));
#873=EDGE_LOOP('',(#4668,#4669,#4670,#4671));
#874=EDGE_LOOP('',(#4672));
#875=EDGE_LOOP('',(#4673));
#876=EDGE_LOOP('',(#4674,#4675,#4676,#4677));
#877=EDGE_LOOP('',(#4678,#4679,#4680,#4681));
#878=EDGE_LOOP('',(#4682));
#879=EDGE_LOOP('',(#4683));
#880=EDGE_LOOP('',(#4684,#4685,#4686,#4687));
#881=EDGE_LOOP('',(#4688,#4689,#4690,#4691,#4692,#4693));
#882=EDGE_LOOP('',(#4694,#4695,#4696,#4697));
#883=EDGE_LOOP('',(#4698,#4699,#4700,#4701));
#884=EDGE_LOOP('',(#4702,#4703,#4704,#4705));
#885=EDGE_LOOP('',(#4706,#4707,#4708,#4709));
#886=EDGE_LOOP('',(#4710,#4711,#4712,#4713));
#887=EDGE_LOOP('',(#4714,#4715,#4716,#4717));
#888=EDGE_LOOP('',(#4718,#4719,#4720,#4721));
#889=EDGE_LOOP('',(#4722,#4723,#4724,#4725));
#890=EDGE_LOOP('',(#4726,#4727,#4728,#4729));
#891=EDGE_LOOP('',(#4730,#4731,#4732,#4733));
#892=EDGE_LOOP('',(#4734,#4735,#4736,#4737));
#893=EDGE_LOOP('',(#4738));
#894=EDGE_LOOP('',(#4739));
#895=EDGE_LOOP('',(#4740,#4741,#4742));
#896=EDGE_LOOP('',(#4743));
#897=EDGE_LOOP('',(#4744,#4745,#4746,#4747));
#898=EDGE_LOOP('',(#4748));
#899=EDGE_LOOP('',(#4749));
#900=EDGE_LOOP('',(#4750,#4751,#4752,#4753));
#901=EDGE_LOOP('',(#4754));
#902=EDGE_LOOP('',(#4755));
#903=EDGE_LOOP('',(#4756,#4757,#4758,#4759));
#904=EDGE_LOOP('',(#4760,#4761,#4762,#4763));
#905=EDGE_LOOP('',(#4764,#4765,#4766,#4767));
#906=EDGE_LOOP('',(#4768,#4769,#4770,#4771));
#907=CIRCLE('',#5229,1.);
#908=CIRCLE('',#5232,1.);
#909=CIRCLE('',#5233,2.);
#910=CIRCLE('',#5235,1.99999999999999);
#911=CIRCLE('',#5236,2.);
#912=CIRCLE('',#5237,3.25);
#913=CIRCLE('',#5238,3.);
#914=CIRCLE('',#5239,3.);
#915=CIRCLE('',#5240,0.999999999999996);
#916=CIRCLE('',#5241,1.00000000000001);
#917=CIRCLE('',#5242,0.999999999999994);
#918=CIRCLE('',#5243,0.999999999999996);
#919=CIRCLE('',#5244,3.25);
#920=CIRCLE('',#5245,0.499999999999998);
#921=CIRCLE('',#5246,0.499999999999998);
#922=CIRCLE('',#5248,1.);
#923=CIRCLE('',#5249,1.00000000000001);
#924=CIRCLE('',#5250,1.);
#925=CIRCLE('',#5252,1.);
#926=CIRCLE('',#5254,0.999999999999996);
#927=CIRCLE('',#5255,1.);
#928=CIRCLE('',#5256,1.);
#929=CIRCLE('',#5261,1.99999999999999);
#930=CIRCLE('',#5262,1.);
#931=CIRCLE('',#5263,0.999999999999996);
#932=CIRCLE('',#5264,1.00000000000001);
#933=CIRCLE('',#5266,1.);
#934=CIRCLE('',#5267,1.00000000000001);
#935=CIRCLE('',#5268,2.);
#936=CIRCLE('',#5269,1.);
#937=CIRCLE('',#5271,0.999999999999996);
#938=CIRCLE('',#5272,1.);
#939=CIRCLE('',#5273,0.999999999999979);
#940=CIRCLE('',#5275,0.999999999999996);
#941=CIRCLE('',#5276,0.999999999999996);
#942=CIRCLE('',#5277,1.);
#943=CIRCLE('',#5281,0.999999999999996);
#944=CIRCLE('',#5282,0.999999999999996);
#945=CIRCLE('',#5283,1.);
#946=CIRCLE('',#5287,1.);
#947=CIRCLE('',#5288,0.999999999999996);
#948=CIRCLE('',#5289,0.999999999999996);
#949=CIRCLE('',#5292,1.);
#950=CIRCLE('',#5293,1.00000000000001);
#951=CIRCLE('',#5294,2.);
#952=CIRCLE('',#5295,0.999999999999996);
#953=CIRCLE('',#5299,0.999999999999996);
#954=CIRCLE('',#5300,5.);
#955=CIRCLE('',#5301,1.);
#956=CIRCLE('',#5302,4.);
#957=CIRCLE('',#5304,0.999999999999996);
#958=CIRCLE('',#5305,0.999999999999996);
#959=CIRCLE('',#5306,1.);
#960=CIRCLE('',#5308,2.00000000000001);
#961=CIRCLE('',#5309,0.999999999999996);
#962=CIRCLE('',#5310,1.00000000000001);
#963=CIRCLE('',#5311,1.);
#964=CIRCLE('',#5313,1.);
#965=CIRCLE('',#5314,1.);
#966=CIRCLE('',#5315,1.);
#967=CIRCLE('',#5317,1.);
#968=CIRCLE('',#5319,4.);
#969=CIRCLE('',#5320,0.999999999999996);
#970=CIRCLE('',#5321,5.);
#971=CIRCLE('',#5322,0.999999999999996);
#972=CIRCLE('',#5327,1.00000000000001);
#973=CIRCLE('',#5328,0.999999999999996);
#974=CIRCLE('',#5329,2.);
#975=CIRCLE('',#5330,1.00000000000001);
#976=CIRCLE('',#5332,1.);
#977=CIRCLE('',#5333,0.999999999999999);
#978=CIRCLE('',#5334,2.);
#979=CIRCLE('',#5335,0.999999999999988);
#980=CIRCLE('',#5338,5.);
#981=CIRCLE('',#5339,0.999999999999996);
#982=CIRCLE('',#5340,4.);
#983=CIRCLE('',#5341,0.999999999999996);
#984=CIRCLE('',#5346,4.);
#985=CIRCLE('',#5347,1.);
#986=CIRCLE('',#5348,5.);
#987=CIRCLE('',#5349,1.);
#988=CIRCLE('',#5354,1.);
#989=CIRCLE('',#5356,1.);
#990=CIRCLE('',#5360,1.);
#991=CIRCLE('',#5361,1.);
#992=CIRCLE('',#5362,1.);
#993=CIRCLE('',#5383,1.);
#994=CIRCLE('',#5385,1.);
#995=CIRCLE('',#5389,2.);
#996=CIRCLE('',#5390,2.00000000000001);
#997=CIRCLE('',#5391,2.);
#998=CIRCLE('',#5392,2.);
#999=CIRCLE('',#5393,2.);
#1000=CIRCLE('',#5394,17.);
#1001=CIRCLE('',#5395,6.84714567507705);
#1002=CIRCLE('',#5396,6.84714567507705);
#1003=CIRCLE('',#5400,1.60000000001887);
#1004=CIRCLE('',#5401,1.60000000000001);
#1005=CIRCLE('',#5402,1.60000000001887);
#1006=CIRCLE('',#5403,1.60000000000933);
#1007=CIRCLE('',#5407,17.);
#1008=CIRCLE('',#5408,1.);
#1009=CIRCLE('',#5409,16.);
#1010=CIRCLE('',#5410,16.);
#1011=CIRCLE('',#5412,4.6);
#1012=CIRCLE('',#5413,4.6);
#1013=CIRCLE('',#5414,4.6);
#1014=CIRCLE('',#5415,4.6);
#1015=CIRCLE('',#5416,4.59999999999999);
#1016=CIRCLE('',#5417,4.6);
#1017=CIRCLE('',#5418,4.6);
#1018=CIRCLE('',#5419,4.59999999999999);
#1019=CIRCLE('',#5420,6.84714567507705);
#1020=CIRCLE('',#5421,6.84714567507705);
#1021=CIRCLE('',#5422,4.6);
#1022=CIRCLE('',#5423,4.6);
#1023=CIRCLE('',#5425,16.);
#1024=CIRCLE('',#5427,0.999999999999996);
#1025=CIRCLE('',#5428,3.6);
#1026=CIRCLE('',#5429,0.999999999999996);
#1027=CIRCLE('',#5431,1.00000000000001);
#1028=CIRCLE('',#5433,0.999999999999996);
#1029=CIRCLE('',#5434,3.59999999999999);
#1030=CIRCLE('',#5438,3.6);
#1031=CIRCLE('',#5440,0.999999999999996);
#1032=CIRCLE('',#5441,3.6);
#1033=CIRCLE('',#5442,1.);
#1034=CIRCLE('',#5444,1.);
#1035=CIRCLE('',#5446,0.999999999999999);
#1036=CIRCLE('',#5447,3.6);
#1037=CIRCLE('',#5451,3.6);
#1038=CIRCLE('',#5453,0.999999999999996);
#1039=CIRCLE('',#5454,3.6);
#1040=CIRCLE('',#5455,0.999999999999996);
#1041=CIRCLE('',#5457,0.999999999999996);
#1042=CIRCLE('',#5459,0.999999999999996);
#1043=CIRCLE('',#5460,3.59999999999999);
#1044=CIRCLE('',#5464,3.6);
#1045=CIRCLE('',#5466,0.999999999999996);
#1046=CIRCLE('',#5467,3.6);
#1047=CIRCLE('',#5468,1.);
#1048=CIRCLE('',#5470,1.);
#1049=CIRCLE('',#5472,1.);
#1050=CIRCLE('',#5473,3.6);
#1051=CIRCLE('',#5477,3.6);
#1052=CIRCLE('',#5479,0.999999999999996);
#1053=CIRCLE('',#5480,5.84714567507705);
#1054=CIRCLE('',#5481,1.);
#1055=CIRCLE('',#5483,1.00000000000001);
#1056=CIRCLE('',#5485,1.);
#1057=CIRCLE('',#5486,5.84714567507706);
#1058=CIRCLE('',#5490,5.84714567507705);
#1059=CIRCLE('',#5492,1.);
#1060=CIRCLE('',#5493,1.);
#1061=CIRCLE('',#5495,2.);
#1062=CIRCLE('',#5496,1.);
#1063=CIRCLE('',#5497,1.);
#1064=CIRCLE('',#5498,1.97316679756673);
#1065=CIRCLE('',#5501,2.);
#1066=CIRCLE('',#5504,1.);
#1067=CIRCLE('',#5505,16.);
#1068=CIRCLE('',#5507,16.);
#1069=CIRCLE('',#5509,1.);
#1070=CIRCLE('',#5510,1.);
#1071=CIRCLE('',#5511,1.);
#1072=CIRCLE('',#5513,0.999999999999996);
#1073=CIRCLE('',#5515,1.);
#1074=CIRCLE('',#5516,2.);
#1075=CIRCLE('',#5518,2.);
#1076=CIRCLE('',#5520,1.);
#1077=CIRCLE('',#5522,1.);
#1078=CIRCLE('',#5524,1.);
#1079=CIRCLE('',#5525,1.);
#1080=CIRCLE('',#5526,1.);
#1081=CIRCLE('',#5528,1.);
#1082=CIRCLE('',#5529,1.);
#1083=CIRCLE('',#5530,1.);
#1084=CIRCLE('',#5532,1.);
#1085=CIRCLE('',#5533,1.);
#1086=CIRCLE('',#5534,1.);
#1087=CIRCLE('',#5535,2.);
#1088=CIRCLE('',#5538,1.);
#1089=CIRCLE('',#5539,1.);
#1090=CIRCLE('',#5540,1.);
#1091=CIRCLE('',#5542,1.);
#1092=CIRCLE('',#5544,1.);
#1093=CIRCLE('',#5545,1.12612449992231);
#1094=CIRCLE('',#5547,1.);
#1095=CIRCLE('',#5548,1.);
#1096=CIRCLE('',#5549,1.);
#1097=CIRCLE('',#5551,1.);
#1098=CIRCLE('',#5552,1.);
#1099=CIRCLE('',#5553,1.);
#1100=CIRCLE('',#5557,1.);
#1101=CIRCLE('',#5558,1.);
#1102=CIRCLE('',#5561,1.);
#1103=CIRCLE('',#5562,1.);
#1104=CIRCLE('',#5563,1.);
#1105=CIRCLE('',#5564,2.);
#1106=CIRCLE('',#5566,1.00000000000001);
#1107=CIRCLE('',#5567,1.);
#1108=CIRCLE('',#5568,1.);
#1109=CIRCLE('',#5572,1.);
#1110=CIRCLE('',#5573,1.);
#1111=CIRCLE('',#5574,1.);
#1112=CIRCLE('',#5576,1.);
#1113=CIRCLE('',#5577,1.);
#1114=CIRCLE('',#5578,1.);
#1115=CIRCLE('',#5580,1.);
#1116=CIRCLE('',#5581,1.);
#1117=CIRCLE('',#5583,1.);
#1118=CIRCLE('',#5584,0.999999999999996);
#1119=CIRCLE('',#5585,1.);
#1120=CIRCLE('',#5589,1.);
#1121=CIRCLE('',#5590,1.);
#1122=CIRCLE('',#5591,1.);
#1123=CIRCLE('',#5612,0.999999999999996);
#1124=CIRCLE('',#5613,1.);
#1125=CIRCLE('',#5615,1.);
#1126=CIRCLE('',#5617,0.999999999999996);
#1127=CIRCLE('',#5618,5.84714567507706);
#1128=CIRCLE('',#5633,2.);
#1129=CIRCLE('',#5635,1.);
#1130=CIRCLE('',#5636,0.999999999999996);
#1131=CIRCLE('',#5637,1.);
#1132=CIRCLE('',#5640,1.);
#1133=CIRCLE('',#5641,1.);
#1134=CIRCLE('',#5642,0.999999999999996);
#1135=CIRCLE('',#5645,1.);
#1136=CIRCLE('',#5646,1.);
#1137=CIRCLE('',#5647,0.999999999999996);
#1138=CIRCLE('',#5649,0.999999999999996);
#1139=CIRCLE('',#5650,1.);
#1140=CIRCLE('',#5651,1.);
#1141=CIRCLE('',#5653,1.);
#1142=CIRCLE('',#5655,1.);
#1143=CIRCLE('',#5656,0.999999999999999);
#1144=CIRCLE('',#5657,0.999999999999996);
#1145=CIRCLE('',#5660,0.999999999999996);
#1146=CIRCLE('',#5661,1.);
#1147=CIRCLE('',#5662,1.);
#1148=CIRCLE('',#5666,1.);
#1149=CIRCLE('',#5671,1.);
#1150=CIRCLE('',#5674,1.60000000018771);
#1151=CIRCLE('',#5675,1.60000000297154);
#1152=CIRCLE('',#5676,1.6);
#1153=CIRCLE('',#5677,1.60000000001887);
#1154=CIRCLE('',#5680,1.);
#1155=CIRCLE('',#5681,0.999999999999996);
#1156=CIRCLE('',#5684,1.);
#1157=CIRCLE('',#5686,3.);
#1158=CIRCLE('',#5687,3.);
#1159=CIRCLE('',#5688,3.25);
#1160=CIRCLE('',#5689,3.25);
#1161=CIRCLE('',#5690,5.5);
#1162=CIRCLE('',#5691,5.5);
#1163=CIRCLE('',#5692,5.5);
#1164=CIRCLE('',#5700,3.6);
#1165=CIRCLE('',#5703,3.59999999999999);
#1166=CIRCLE('',#5706,3.6);
#1167=CIRCLE('',#5709,3.59999999999999);
#1168=CIRCLE('',#5714,5.5);
#1169=CIRCLE('',#5717,5.5);
#1170=CIRCLE('',#5720,5.5);
#1171=CIRCLE('',#5734,0.499999999999998);
#1172=CIRCLE('',#5738,0.499999999999998);
#1173=CIRCLE('',#5743,0.999999999999996);
#1174=CIRCLE('',#5746,0.999999999999994);
#1175=CIRCLE('',#5749,1.00000000000001);
#1176=CIRCLE('',#5752,0.999999999999996);
#1177=CIRCLE('',#5756,1.60000000000933);
#1178=CIRCLE('',#5759,1.60000000001887);
#1179=CIRCLE('',#5763,1.60000000001887);
#1180=CIRCLE('',#5766,1.6);
#1181=CIRCLE('',#5769,1.60000000001887);
#1182=CIRCLE('',#5772,1.60000000000001);
#1183=CIRCLE('',#5777,1.60000000297154);
#1184=CIRCLE('',#5780,1.60000000018771);
#1185=CIRCLE('',#5790,3.25);
#1186=CIRCLE('',#5798,14.75);
#1187=CIRCLE('',#5799,14.75);
#1188=CIRCLE('',#5803,1.65827723859727);
#1189=CIRCLE('',#5804,2.55827723859727);
#1190=CIRCLE('',#5805,2.55827723859727);
#1191=CIRCLE('',#5807,3.25);
#1192=CIRCLE('',#5809,1.65827723859727);
#1193=CIRCLE('',#5811,1.65827723859727);
#1194=CIRCLE('',#5812,2.55827723859726);
#1195=CIRCLE('',#5814,3.25);
#1196=CIRCLE('',#5816,1.65827723859727);
#1197=CIRCLE('',#5818,1.38683712431892);
#1198=CIRCLE('',#5819,2.28683712431891);
#1199=CIRCLE('',#5821,3.);
#1200=CIRCLE('',#5823,1.38683712431892);
#1201=CIRCLE('',#5825,1.38683712431891);
#1202=CIRCLE('',#5826,2.28683712431891);
#1203=CIRCLE('',#5828,3.);
#1204=CIRCLE('',#5830,1.38683712431891);
#1205=CIRCLE('',#5843,3.25);
#1206=CIRCLE('',#5847,3.);
#1207=CIRCLE('',#5850,3.);
#1208=LINE('',#7545,#1631);
#1209=LINE('',#7549,#1632);
#1210=LINE('',#7564,#1633);
#1211=LINE('',#7566,#1634);
#1212=LINE('',#7570,#1635);
#1213=LINE('',#7572,#1636);
#1214=LINE('',#7574,#1637);
#1215=LINE('',#7576,#1638);
#1216=LINE('',#7580,#1639);
#1217=LINE('',#7582,#1640);
#1218=LINE('',#7583,#1641);
#1219=LINE('',#7586,#1642);
#1220=LINE('',#7588,#1643);
#1221=LINE('',#7590,#1644);
#1222=LINE('',#7591,#1645);
#1223=LINE('',#7600,#1646);
#1224=LINE('',#7604,#1647);
#1225=LINE('',#7608,#1648);
#1226=LINE('',#7612,#1649);
#1227=LINE('',#7616,#1650);
#1228=LINE('',#7618,#1651);
#1229=LINE('',#7620,#1652);
#1230=LINE('',#7622,#1653);
#1231=LINE('',#7624,#1654);
#1232=LINE('',#7628,#1655);
#1233=LINE('',#7630,#1656);
#1234=LINE('',#7634,#1657);
#1235=LINE('',#7647,#1658);
#1236=LINE('',#7649,#1659);
#1237=LINE('',#7673,#1660);
#1238=LINE('',#7685,#1661);
#1239=LINE('',#7686,#1662);
#1240=LINE('',#7688,#1663);
#1241=LINE('',#7689,#1664);
#1242=LINE('',#7724,#1665);
#1243=LINE('',#7726,#1666);
#1244=LINE('',#7737,#1667);
#1245=LINE('',#7739,#1668);
#1246=LINE('',#7749,#1669);
#1247=LINE('',#7750,#1670);
#1248=LINE('',#7761,#1671);
#1249=LINE('',#7762,#1672);
#1250=LINE('',#7764,#1673);
#1251=LINE('',#7765,#1674);
#1252=LINE('',#7801,#1675);
#1253=LINE('',#7802,#1676);
#1254=LINE('',#7834,#1677);
#1255=LINE('',#7837,#1678);
#1256=LINE('',#7839,#1679);
#1257=LINE('',#7859,#1680);
#1258=LINE('',#7861,#1681);
#1259=LINE('',#7862,#1682);
#1260=LINE('',#7881,#1683);
#1261=LINE('',#7895,#1684);
#1262=LINE('',#7896,#1685);
#1263=LINE('',#7898,#1686);
#1264=LINE('',#7899,#1687);
#1265=LINE('',#7910,#1688);
#1266=LINE('',#7911,#1689);
#1267=LINE('',#7913,#1690);
#1268=LINE('',#7914,#1691);
#1269=LINE('',#7916,#1692);
#1270=LINE('',#7917,#1693);
#1271=LINE('',#7921,#1694);
#1272=LINE('',#7932,#1695);
#1273=LINE('',#7933,#1696);
#1274=LINE('',#7935,#1697);
#1275=LINE('',#7936,#1698);
#1276=LINE('',#7944,#1699);
#1277=LINE('',#7946,#1700);
#1278=LINE('',#7947,#1701);
#1279=LINE('',#7949,#1702);
#1280=LINE('',#7950,#1703);
#1281=LINE('',#7952,#1704);
#1282=LINE('',#7953,#1705);
#1283=LINE('',#7955,#1706);
#1284=LINE('',#7956,#1707);
#1285=LINE('',#7958,#1708);
#1286=LINE('',#7959,#1709);
#1287=LINE('',#7961,#1710);
#1288=LINE('',#7962,#1711);
#1289=LINE('',#7964,#1712);
#1290=LINE('',#7965,#1713);
#1291=LINE('',#7967,#1714);
#1292=LINE('',#7968,#1715);
#1293=LINE('',#7970,#1716);
#1294=LINE('',#7971,#1717);
#1295=LINE('',#7973,#1718);
#1296=LINE('',#7974,#1719);
#1297=LINE('',#7976,#1720);
#1298=LINE('',#7977,#1721);
#1299=LINE('',#7979,#1722);
#1300=LINE('',#7981,#1723);
#1301=LINE('',#8001,#1724);
#1302=LINE('',#8004,#1725);
#1303=LINE('',#8007,#1726);
#1304=LINE('',#8009,#1727);
#1305=LINE('',#8012,#1728);
#1306=LINE('',#8014,#1729);
#1307=LINE('',#8016,#1730);
#1308=LINE('',#8018,#1731);
#1309=LINE('',#8020,#1732);
#1310=LINE('',#8022,#1733);
#1311=LINE('',#8024,#1734);
#1312=LINE('',#8025,#1735);
#1313=LINE('',#8028,#1736);
#1314=LINE('',#8030,#1737);
#1315=LINE('',#8031,#1738);
#1316=LINE('',#8034,#1739);
#1317=LINE('',#8039,#1740);
#1318=LINE('',#8042,#1741);
#1319=LINE('',#8045,#1742);
#1320=LINE('',#8048,#1743);
#1321=LINE('',#8050,#1744);
#1322=LINE('',#8054,#1745);
#1323=LINE('',#8056,#1746);
#1324=LINE('',#8060,#1747);
#1325=LINE('',#8064,#1748);
#1326=LINE('',#8066,#1749);
#1327=LINE('',#8070,#1750);
#1328=LINE('',#8074,#1751);
#1329=LINE('',#8080,#1752);
#1330=LINE('',#8087,#1753);
#1331=LINE('',#8090,#1754);
#1332=LINE('',#8096,#1755);
#1333=LINE('',#8100,#1756);
#1334=LINE('',#8106,#1757);
#1335=LINE('',#8109,#1758);
#1336=LINE('',#8122,#1759);
#1337=LINE('',#8124,#1760);
#1338=LINE('',#8126,#1761);
#1339=LINE('',#8128,#1762);
#1340=LINE('',#8130,#1763);
#1341=LINE('',#8131,#1764);
#1342=LINE('',#8135,#1765);
#1343=LINE('',#8139,#1766);
#1344=LINE('',#8144,#1767);
#1345=LINE('',#8148,#1768);
#1346=LINE('',#8154,#1769);
#1347=LINE('',#8157,#1770);
#1348=LINE('',#8162,#1771);
#1349=LINE('',#8165,#1772);
#1350=LINE('',#8170,#1773);
#1351=LINE('',#8173,#1774);
#1352=LINE('',#8177,#1775);
#1353=LINE('',#8187,#1776);
#1354=LINE('',#8193,#1777);
#1355=LINE('',#8196,#1778);
#1356=LINE('',#8198,#1779);
#1357=LINE('',#8199,#1780);
#1358=LINE('',#8202,#1781);
#1359=LINE('',#8213,#1782);
#1360=LINE('',#8219,#1783);
#1361=LINE('',#8222,#1784);
#1362=LINE('',#8224,#1785);
#1363=LINE('',#8225,#1786);
#1364=LINE('',#8228,#1787);
#1365=LINE('',#8239,#1788);
#1366=LINE('',#8245,#1789);
#1367=LINE('',#8248,#1790);
#1368=LINE('',#8250,#1791);
#1369=LINE('',#8251,#1792);
#1370=LINE('',#8254,#1793);
#1371=LINE('',#8265,#1794);
#1372=LINE('',#8271,#1795);
#1373=LINE('',#8274,#1796);
#1374=LINE('',#8276,#1797);
#1375=LINE('',#8277,#1798);
#1376=LINE('',#8280,#1799);
#1377=LINE('',#8291,#1800);
#1378=LINE('',#8297,#1801);
#1379=LINE('',#8300,#1802);
#1380=LINE('',#8302,#1803);
#1381=LINE('',#8303,#1804);
#1382=LINE('',#8306,#1805);
#1383=LINE('',#8313,#1806);
#1384=LINE('',#8316,#1807);
#1385=LINE('',#8330,#1808);
#1386=LINE('',#8333,#1809);
#1387=LINE('',#8335,#1810);
#1388=LINE('',#8339,#1811);
#1389=LINE('',#8341,#1812);
#1390=LINE('',#8342,#1813);
#1391=LINE('',#8344,#1814);
#1392=LINE('',#8345,#1815);
#1393=LINE('',#8353,#1816);
#1394=LINE('',#8366,#1817);
#1395=LINE('',#8367,#1818);
#1396=LINE('',#8382,#1819);
#1397=LINE('',#8384,#1820);
#1398=LINE('',#8386,#1821);
#1399=LINE('',#8389,#1822);
#1400=LINE('',#8392,#1823);
#1401=LINE('',#8396,#1824);
#1402=LINE('',#8399,#1825);
#1403=LINE('',#8423,#1826);
#1404=LINE('',#8424,#1827);
#1405=LINE('',#8472,#1828);
#1406=LINE('',#8474,#1829);
#1407=LINE('',#8475,#1830);
#1408=LINE('',#8481,#1831);
#1409=LINE('',#8498,#1832);
#1410=LINE('',#8500,#1833);
#1411=LINE('',#8501,#1834);
#1412=LINE('',#8526,#1835);
#1413=LINE('',#8528,#1836);
#1414=LINE('',#8529,#1837);
#1415=LINE('',#8537,#1838);
#1416=LINE('',#8539,#1839);
#1417=LINE('',#8540,#1840);
#1418=LINE('',#8542,#1841);
#1419=LINE('',#8544,#1842);
#1420=LINE('',#8545,#1843);
#1421=LINE('',#8547,#1844);
#1422=LINE('',#8549,#1845);
#1423=LINE('',#8550,#1846);
#1424=LINE('',#8552,#1847);
#1425=LINE('',#8553,#1848);
#1426=LINE('',#8555,#1849);
#1427=LINE('',#8556,#1850);
#1428=LINE('',#8558,#1851);
#1429=LINE('',#8559,#1852);
#1430=LINE('',#8561,#1853);
#1431=LINE('',#8562,#1854);
#1432=LINE('',#8564,#1855);
#1433=LINE('',#8566,#1856);
#1434=LINE('',#8567,#1857);
#1435=LINE('',#8577,#1858);
#1436=LINE('',#8579,#1859);
#1437=LINE('',#8581,#1860);
#1438=LINE('',#8583,#1861);
#1439=LINE('',#8585,#1862);
#1440=LINE('',#8587,#1863);
#1441=LINE('',#8589,#1864);
#1442=LINE('',#8590,#1865);
#1443=LINE('',#8597,#1866);
#1444=LINE('',#8603,#1867);
#1445=LINE('',#8607,#1868);
#1446=LINE('',#8612,#1869);
#1447=LINE('',#8618,#1870);
#1448=LINE('',#8621,#1871);
#1449=LINE('',#8623,#1872);
#1450=LINE('',#8625,#1873);
#1451=LINE('',#8628,#1874);
#1452=LINE('',#8630,#1875);
#1453=LINE('',#8632,#1876);
#1454=LINE('',#8636,#1877);
#1455=LINE('',#8637,#1878);
#1456=LINE('',#8645,#1879);
#1457=LINE('',#8653,#1880);
#1458=LINE('',#8654,#1881);
#1459=LINE('',#8670,#1882);
#1460=LINE('',#8678,#1883);
#1461=LINE('',#8679,#1884);
#1462=LINE('',#8687,#1885);
#1463=LINE('',#8689,#1886);
#1464=LINE('',#8690,#1887);
#1465=LINE('',#8694,#1888);
#1466=LINE('',#8696,#1889);
#1467=LINE('',#8698,#1890);
#1468=LINE('',#8700,#1891);
#1469=LINE('',#8704,#1892);
#1470=LINE('',#8706,#1893);
#1471=LINE('',#8712,#1894);
#1472=LINE('',#8715,#1895);
#1473=LINE('',#8720,#1896);
#1474=LINE('',#8723,#1897);
#1475=LINE('',#8730,#1898);
#1476=LINE('',#8735,#1899);
#1477=LINE('',#8736,#1900);
#1478=LINE('',#8739,#1901);
#1479=LINE('',#8741,#1902);
#1480=LINE('',#8743,#1903);
#1481=LINE('',#8745,#1904);
#1482=LINE('',#8747,#1905);
#1483=LINE('',#8749,#1906);
#1484=LINE('',#8751,#1907);
#1485=LINE('',#8753,#1908);
#1486=LINE('',#8755,#1909);
#1487=LINE('',#8757,#1910);
#1488=LINE('',#8758,#1911);
#1489=LINE('',#8759,#1912);
#1490=LINE('',#8760,#1913);
#1491=LINE('',#8761,#1914);
#1492=LINE('',#8763,#1915);
#1493=LINE('',#8765,#1916);
#1494=LINE('',#8766,#1917);
#1495=LINE('',#8769,#1918);
#1496=LINE('',#8771,#1919);
#1497=LINE('',#8773,#1920);
#1498=LINE('',#8774,#1921);
#1499=LINE('',#8781,#1922);
#1500=LINE('',#8783,#1923);
#1501=LINE('',#8785,#1924);
#1502=LINE('',#8787,#1925);
#1503=LINE('',#8798,#1926);
#1504=LINE('',#8800,#1927);
#1505=LINE('',#8803,#1928);
#1506=LINE('',#8805,#1929);
#1507=LINE('',#8807,#1930);
#1508=LINE('',#8808,#1931);
#1509=LINE('',#8811,#1932);
#1510=LINE('',#8812,#1933);
#1511=LINE('',#8814,#1934);
#1512=LINE('',#8815,#1935);
#1513=LINE('',#8820,#1936);
#1514=LINE('',#8822,#1937);
#1515=LINE('',#8826,#1938);
#1516=LINE('',#8828,#1939);
#1517=LINE('',#8832,#1940);
#1518=LINE('',#8834,#1941);
#1519=LINE('',#8838,#1942);
#1520=LINE('',#8840,#1943);
#1521=LINE('',#8845,#1944);
#1522=LINE('',#8850,#1945);
#1523=LINE('',#8855,#1946);
#1524=LINE('',#8861,#1947);
#1525=LINE('',#8863,#1948);
#1526=LINE('',#8865,#1949);
#1527=LINE('',#8867,#1950);
#1528=LINE('',#8869,#1951);
#1529=LINE('',#8871,#1952);
#1530=LINE('',#8873,#1953);
#1531=LINE('',#8874,#1954);
#1532=LINE('',#8876,#1955);
#1533=LINE('',#8877,#1956);
#1534=LINE('',#8879,#1957);
#1535=LINE('',#8881,#1958);
#1536=LINE('',#8883,#1959);
#1537=LINE('',#8885,#1960);
#1538=LINE('',#8887,#1961);
#1539=LINE('',#8889,#1962);
#1540=LINE('',#8894,#1963);
#1541=LINE('',#8896,#1964);
#1542=LINE('',#8897,#1965);
#1543=LINE('',#8900,#1966);
#1544=LINE('',#8904,#1967);
#1545=LINE('',#8905,#1968);
#1546=LINE('',#8908,#1969);
#1547=LINE('',#8910,#1970);
#1548=LINE('',#8911,#1971);
#1549=LINE('',#8915,#1972);
#1550=LINE('',#8918,#1973);
#1551=LINE('',#8920,#1974);
#1552=LINE('',#8926,#1975);
#1553=LINE('',#8928,#1976);
#1554=LINE('',#8929,#1977);
#1555=LINE('',#8930,#1978);
#1556=LINE('',#8933,#1979);
#1557=LINE('',#8935,#1980);
#1558=LINE('',#8936,#1981);
#1559=LINE('',#8939,#1982);
#1560=LINE('',#8943,#1983);
#1561=LINE('',#8944,#1984);
#1562=LINE('',#8947,#1985);
#1563=LINE('',#8951,#1986);
#1564=LINE('',#8952,#1987);
#1565=LINE('',#8955,#1988);
#1566=LINE('',#8959,#1989);
#1567=LINE('',#8960,#1990);
#1568=LINE('',#8966,#1991);
#1569=LINE('',#8968,#1992);
#1570=LINE('',#8969,#1993);
#1571=LINE('',#8973,#1994);
#1572=LINE('',#8976,#1995);
#1573=LINE('',#8977,#1996);
#1574=LINE('',#8983,#1997);
#1575=LINE('',#8985,#1998);
#1576=LINE('',#8986,#1999);
#1577=LINE('',#8990,#2000);
#1578=LINE('',#8993,#2001);
#1579=LINE('',#8994,#2002);
#1580=LINE('',#9000,#2003);
#1581=LINE('',#9003,#2004);
#1582=LINE('',#9006,#2005);
#1583=LINE('',#9007,#2006);
#1584=LINE('',#9011,#2007);
#1585=LINE('',#9013,#2008);
#1586=LINE('',#9017,#2009);
#1587=LINE('',#9019,#2010);
#1588=LINE('',#9020,#2011);
#1589=LINE('',#9024,#2012);
#1590=LINE('',#9027,#2013);
#1591=LINE('',#9028,#2014);
#1592=LINE('',#9034,#2015);
#1593=LINE('',#9040,#2016);
#1594=LINE('',#9041,#2017);
#1595=LINE('',#9042,#2018);
#1596=LINE('',#9043,#2019);
#1597=LINE('',#9045,#2020);
#1598=LINE('',#9048,#2021);
#1599=LINE('',#9049,#2022);
#1600=LINE('',#9051,#2023);
#1601=LINE('',#9053,#2024);
#1602=LINE('',#9060,#2025);
#1603=LINE('',#9062,#2026);
#1604=LINE('',#9064,#2027);
#1605=LINE('',#9070,#2028);
#1606=LINE('',#9078,#2029);
#1607=LINE('',#9086,#2030);
#1608=LINE('',#9091,#2031);
#1609=LINE('',#9099,#2032);
#1610=LINE('',#9104,#2033);
#1611=LINE('',#9112,#2034);
#1612=LINE('',#9117,#2035);
#1613=LINE('',#9125,#2036);
#1614=LINE('',#9127,#2037);
#1615=LINE('',#9129,#2038);
#1616=LINE('',#9131,#2039);
#1617=LINE('',#9133,#2040);
#1618=LINE('',#9135,#2041);
#1619=LINE('',#9137,#2042);
#1620=LINE('',#9140,#2043);
#1621=LINE('',#9143,#2044);
#1622=LINE('',#9145,#2045);
#1623=LINE('',#9148,#2046);
#1624=LINE('',#9154,#2047);
#1625=LINE('',#9159,#2048);
#1626=LINE('',#9164,#2049);
#1627=LINE('',#9166,#2050);
#1628=LINE('',#9167,#2051);
#1629=LINE('',#9169,#2052);
#1630=LINE('',#9171,#2053);
#1631=VECTOR('',#5862,10.);
#1632=VECTOR('',#5865,10.);
#1633=VECTOR('',#5876,1.);
#1634=VECTOR('',#5877,10.);
#1635=VECTOR('',#5880,10.);
#1636=VECTOR('',#5881,10.);
#1637=VECTOR('',#5882,10.);
#1638=VECTOR('',#5883,10.);
#1639=VECTOR('',#5886,10.);
#1640=VECTOR('',#5887,10.);
#1641=VECTOR('',#5888,10.);
#1642=VECTOR('',#5889,10.);
#1643=VECTOR('',#5890,10.);
#1644=VECTOR('',#5891,10.);
#1645=VECTOR('',#5892,10.);
#1646=VECTOR('',#5899,10.);
#1647=VECTOR('',#5902,10.);
#1648=VECTOR('',#5905,10.);
#1649=VECTOR('',#5908,10.);
#1650=VECTOR('',#5911,10.);
#1651=VECTOR('',#5912,10.);
#1652=VECTOR('',#5913,10.);
#1653=VECTOR('',#5914,10.);
#1654=VECTOR('',#5915,10.);
#1655=VECTOR('',#5918,10.);
#1656=VECTOR('',#5919,10.);
#1657=VECTOR('',#5922,10.);
#1658=VECTOR('',#5937,10.);
#1659=VECTOR('',#5938,10.);
#1660=VECTOR('',#5939,10.);
#1661=VECTOR('',#5952,10.);
#1662=VECTOR('',#5953,10.);
#1663=VECTOR('',#5956,10.);
#1664=VECTOR('',#5957,10.);
#1665=VECTOR('',#5996,10.);
#1666=VECTOR('',#5997,10.);
#1667=VECTOR('',#6010,10.);
#1668=VECTOR('',#6011,10.);
#1669=VECTOR('',#6024,10.);
#1670=VECTOR('',#6025,10.);
#1671=VECTOR('',#6038,10.);
#1672=VECTOR('',#6039,10.);
#1673=VECTOR('',#6042,10.);
#1674=VECTOR('',#6043,10.);
#1675=VECTOR('',#6084,10.);
#1676=VECTOR('',#6085,10.);
#1677=VECTOR('',#6098,10.);
#1678=VECTOR('',#6101,10.);
#1679=VECTOR('',#6102,10.);
#1680=VECTOR('',#6103,10.);
#1681=VECTOR('',#6106,10.);
#1682=VECTOR('',#6107,10.);
#1683=VECTOR('',#6130,10.);
#1684=VECTOR('',#6145,10.);
#1685=VECTOR('',#6146,10.);
#1686=VECTOR('',#6149,10.);
#1687=VECTOR('',#6150,10.);
#1688=VECTOR('',#6163,10.);
#1689=VECTOR('',#6164,10.);
#1690=VECTOR('',#6167,10.);
#1691=VECTOR('',#6168,10.);
#1692=VECTOR('',#6171,10.);
#1693=VECTOR('',#6172,10.);
#1694=VECTOR('',#6177,10.);
#1695=VECTOR('',#6184,10.);
#1696=VECTOR('',#6185,10.);
#1697=VECTOR('',#6188,10.);
#1698=VECTOR('',#6189,10.);
#1699=VECTOR('',#6200,10.);
#1700=VECTOR('',#6203,10.);
#1701=VECTOR('',#6204,10.);
#1702=VECTOR('',#6207,10.);
#1703=VECTOR('',#6208,10.);
#1704=VECTOR('',#6211,10.);
#1705=VECTOR('',#6212,10.);
#1706=VECTOR('',#6215,10.);
#1707=VECTOR('',#6216,10.);
#1708=VECTOR('',#6219,10.);
#1709=VECTOR('',#6220,10.);
#1710=VECTOR('',#6223,10.);
#1711=VECTOR('',#6224,10.);
#1712=VECTOR('',#6227,10.);
#1713=VECTOR('',#6228,10.);
#1714=VECTOR('',#6231,10.);
#1715=VECTOR('',#6232,10.);
#1716=VECTOR('',#6235,10.);
#1717=VECTOR('',#6236,10.);
#1718=VECTOR('',#6239,10.);
#1719=VECTOR('',#6240,10.);
#1720=VECTOR('',#6243,10.);
#1721=VECTOR('',#6244,10.);
#1722=VECTOR('',#6247,10.);
#1723=VECTOR('',#6248,10.);
#1724=VECTOR('',#6251,10.);
#1725=VECTOR('',#6254,10.);
#1726=VECTOR('',#6257,10.);
#1727=VECTOR('',#6260,10.);
#1728=VECTOR('',#6263,10.);
#1729=VECTOR('',#6264,10.);
#1730=VECTOR('',#6265,10.);
#1731=VECTOR('',#6266,10.);
#1732=VECTOR('',#6267,10.);
#1733=VECTOR('',#6268,10.);
#1734=VECTOR('',#6269,10.);
#1735=VECTOR('',#6270,10.);
#1736=VECTOR('',#6273,10.);
#1737=VECTOR('',#6274,10.);
#1738=VECTOR('',#6275,10.);
#1739=VECTOR('',#6278,10.);
#1740=VECTOR('',#6285,10.);
#1741=VECTOR('',#6288,10.);
#1742=VECTOR('',#6291,10.);
#1743=VECTOR('',#6294,10.);
#1744=VECTOR('',#6295,10.);
#1745=VECTOR('',#6298,10.);
#1746=VECTOR('',#6299,10.);
#1747=VECTOR('',#6302,10.);
#1748=VECTOR('',#6305,10.);
#1749=VECTOR('',#6306,10.);
#1750=VECTOR('',#6309,10.);
#1751=VECTOR('',#6312,10.);
#1752=VECTOR('',#6313,10.);
#1753=VECTOR('',#6318,10.);
#1754=VECTOR('',#6321,10.);
#1755=VECTOR('',#6328,10.);
#1756=VECTOR('',#6331,10.);
#1757=VECTOR('',#6336,10.);
#1758=VECTOR('',#6339,10.);
#1759=VECTOR('',#6356,10.);
#1760=VECTOR('',#6357,10.);
#1761=VECTOR('',#6358,10.);
#1762=VECTOR('',#6359,10.);
#1763=VECTOR('',#6360,10.);
#1764=VECTOR('',#6361,10.);
#1765=VECTOR('',#6364,10.);
#1766=VECTOR('',#6367,10.);
#1767=VECTOR('',#6372,10.);
#1768=VECTOR('',#6375,10.);
#1769=VECTOR('',#6380,10.);
#1770=VECTOR('',#6383,10.);
#1771=VECTOR('',#6386,10.);
#1772=VECTOR('',#6389,10.);
#1773=VECTOR('',#6392,10.);
#1774=VECTOR('',#6395,10.);
#1775=VECTOR('',#6400,16.);
#1776=VECTOR('',#6413,10.);
#1777=VECTOR('',#6422,10.);
#1778=VECTOR('',#6425,10.);
#1779=VECTOR('',#6426,10.);
#1780=VECTOR('',#6427,10.);
#1781=VECTOR('',#6430,10.);
#1782=VECTOR('',#6445,10.);
#1783=VECTOR('',#6454,10.);
#1784=VECTOR('',#6457,10.);
#1785=VECTOR('',#6458,10.);
#1786=VECTOR('',#6459,10.);
#1787=VECTOR('',#6462,10.);
#1788=VECTOR('',#6477,10.);
#1789=VECTOR('',#6486,10.);
#1790=VECTOR('',#6489,10.);
#1791=VECTOR('',#6490,10.);
#1792=VECTOR('',#6491,10.);
#1793=VECTOR('',#6494,10.);
#1794=VECTOR('',#6509,10.);
#1795=VECTOR('',#6518,10.);
#1796=VECTOR('',#6521,10.);
#1797=VECTOR('',#6522,10.);
#1798=VECTOR('',#6523,10.);
#1799=VECTOR('',#6526,10.);
#1800=VECTOR('',#6541,10.);
#1801=VECTOR('',#6550,10.);
#1802=VECTOR('',#6553,10.);
#1803=VECTOR('',#6554,10.);
#1804=VECTOR('',#6555,10.);
#1805=VECTOR('',#6558,10.);
#1806=VECTOR('',#6565,10.);
#1807=VECTOR('',#6568,10.);
#1808=VECTOR('',#6581,10.);
#1809=VECTOR('',#6584,10.);
#1810=VECTOR('',#6585,10.);
#1811=VECTOR('',#6588,10.);
#1812=VECTOR('',#6589,10.);
#1813=VECTOR('',#6590,10.);
#1814=VECTOR('',#6591,10.);
#1815=VECTOR('',#6592,10.);
#1816=VECTOR('',#6603,16.);
#1817=VECTOR('',#6618,10.);
#1818=VECTOR('',#6619,10.);
#1819=VECTOR('',#6628,10.);
#1820=VECTOR('',#6629,10.);
#1821=VECTOR('',#6630,10.);
#1822=VECTOR('',#6633,10.);
#1823=VECTOR('',#6636,10.);
#1824=VECTOR('',#6641,10.);
#1825=VECTOR('',#6644,10.);
#1826=VECTOR('',#6673,10.);
#1827=VECTOR('',#6674,10.);
#1828=VECTOR('',#6711,10.);
#1829=VECTOR('',#6714,10.);
#1830=VECTOR('',#6715,10.);
#1831=VECTOR('',#6724,10.);
#1832=VECTOR('',#6745,10.);
#1833=VECTOR('',#6748,10.);
#1834=VECTOR('',#6749,10.);
#1835=VECTOR('',#6782,10.);
#1836=VECTOR('',#6785,10.);
#1837=VECTOR('',#6786,10.);
#1838=VECTOR('',#6797,10.);
#1839=VECTOR('',#6800,10.);
#1840=VECTOR('',#6801,10.);
#1841=VECTOR('',#6804,10.);
#1842=VECTOR('',#6807,10.);
#1843=VECTOR('',#6808,10.);
#1844=VECTOR('',#6811,10.);
#1845=VECTOR('',#6814,10.);
#1846=VECTOR('',#6815,10.);
#1847=VECTOR('',#6818,10.);
#1848=VECTOR('',#6819,10.);
#1849=VECTOR('',#6822,10.);
#1850=VECTOR('',#6823,10.);
#1851=VECTOR('',#6826,10.);
#1852=VECTOR('',#6827,10.);
#1853=VECTOR('',#6830,10.);
#1854=VECTOR('',#6831,10.);
#1855=VECTOR('',#6834,10.);
#1856=VECTOR('',#6837,10.);
#1857=VECTOR('',#6838,10.);
#1858=VECTOR('',#6853,10.);
#1859=VECTOR('',#6854,10.);
#1860=VECTOR('',#6855,10.);
#1861=VECTOR('',#6856,10.);
#1862=VECTOR('',#6857,10.);
#1863=VECTOR('',#6858,10.);
#1864=VECTOR('',#6859,10.);
#1865=VECTOR('',#6860,10.);
#1866=VECTOR('',#6871,10.);
#1867=VECTOR('',#6882,10.);
#1868=VECTOR('',#6885,10.);
#1869=VECTOR('',#6892,10.);
#1870=VECTOR('',#6899,10.);
#1871=VECTOR('',#6904,10.);
#1872=VECTOR('',#6907,10.);
#1873=VECTOR('',#6910,10.);
#1874=VECTOR('',#6913,10.);
#1875=VECTOR('',#6914,10.);
#1876=VECTOR('',#6915,10.);
#1877=VECTOR('',#6918,10.);
#1878=VECTOR('',#6919,10.);
#1879=VECTOR('',#6930,10.);
#1880=VECTOR('',#6941,10.);
#1881=VECTOR('',#6942,10.);
#1882=VECTOR('',#6963,10.);
#1883=VECTOR('',#6974,10.);
#1884=VECTOR('',#6975,10.);
#1885=VECTOR('',#6986,10.);
#1886=VECTOR('',#6989,10.);
#1887=VECTOR('',#6990,10.);
#1888=VECTOR('',#6995,10.);
#1889=VECTOR('',#6998,10.);
#1890=VECTOR('',#7001,10.);
#1891=VECTOR('',#7004,10.);
#1892=VECTOR('',#7009,10.);
#1893=VECTOR('',#7012,10.);
#1894=VECTOR('',#7017,10.);
#1895=VECTOR('',#7020,10.);
#1896=VECTOR('',#7023,10.);
#1897=VECTOR('',#7026,10.);
#1898=VECTOR('',#7037,10.);
#1899=VECTOR('',#7042,10.);
#1900=VECTOR('',#7043,10.);
#1901=VECTOR('',#7046,10.);
#1902=VECTOR('',#7047,10.);
#1903=VECTOR('',#7048,10.);
#1904=VECTOR('',#7049,10.);
#1905=VECTOR('',#7050,10.);
#1906=VECTOR('',#7051,10.);
#1907=VECTOR('',#7052,10.);
#1908=VECTOR('',#7053,10.);
#1909=VECTOR('',#7054,10.);
#1910=VECTOR('',#7055,10.);
#1911=VECTOR('',#7056,10.);
#1912=VECTOR('',#7057,10.);
#1913=VECTOR('',#7058,10.);
#1914=VECTOR('',#7059,10.);
#1915=VECTOR('',#7060,10.);
#1916=VECTOR('',#7061,10.);
#1917=VECTOR('',#7062,10.);
#1918=VECTOR('',#7063,10.);
#1919=VECTOR('',#7064,10.);
#1920=VECTOR('',#7065,10.);
#1921=VECTOR('',#7066,10.);
#1922=VECTOR('',#7071,10.);
#1923=VECTOR('',#7072,10.);
#1924=VECTOR('',#7073,10.);
#1925=VECTOR('',#7074,10.);
#1926=VECTOR('',#7087,10.);
#1927=VECTOR('',#7090,10.);
#1928=VECTOR('',#7093,10.);
#1929=VECTOR('',#7094,10.);
#1930=VECTOR('',#7095,10.);
#1931=VECTOR('',#7096,10.);
#1932=VECTOR('',#7099,10.);
#1933=VECTOR('',#7100,10.);
#1934=VECTOR('',#7103,10.);
#1935=VECTOR('',#7104,10.);
#1936=VECTOR('',#7111,10.);
#1937=VECTOR('',#7114,10.);
#1938=VECTOR('',#7119,10.);
#1939=VECTOR('',#7122,10.);
#1940=VECTOR('',#7127,10.);
#1941=VECTOR('',#7130,10.);
#1942=VECTOR('',#7135,10.);
#1943=VECTOR('',#7138,10.);
#1944=VECTOR('',#7145,5.5);
#1945=VECTOR('',#7152,5.5);
#1946=VECTOR('',#7159,5.5);
#1947=VECTOR('',#7166,10.);
#1948=VECTOR('',#7167,10.);
#1949=VECTOR('',#7168,10.);
#1950=VECTOR('',#7169,10.);
#1951=VECTOR('',#7170,10.);
#1952=VECTOR('',#7171,10.);
#1953=VECTOR('',#7172,10.);
#1954=VECTOR('',#7173,10.);
#1955=VECTOR('',#7176,10.);
#1956=VECTOR('',#7177,10.);
#1957=VECTOR('',#7180,10.);
#1958=VECTOR('',#7183,10.);
#1959=VECTOR('',#7186,10.);
#1960=VECTOR('',#7189,10.);
#1961=VECTOR('',#7192,10.);
#1962=VECTOR('',#7195,10.);
#1963=VECTOR('',#7202,10.);
#1964=VECTOR('',#7203,10.);
#1965=VECTOR('',#7204,10.);
#1966=VECTOR('',#7207,10.);
#1967=VECTOR('',#7212,10.);
#1968=VECTOR('',#7213,10.);
#1969=VECTOR('',#7216,10.);
#1970=VECTOR('',#7217,10.);
#1971=VECTOR('',#7218,10.);
#1972=VECTOR('',#7225,10.);
#1973=VECTOR('',#7228,10.);
#1974=VECTOR('',#7229,10.);
#1975=VECTOR('',#7230,10.);
#1976=VECTOR('',#7231,10.);
#1977=VECTOR('',#7232,10.);
#1978=VECTOR('',#7233,10.);
#1979=VECTOR('',#7236,10.);
#1980=VECTOR('',#7237,10.);
#1981=VECTOR('',#7238,10.);
#1982=VECTOR('',#7241,10.);
#1983=VECTOR('',#7246,10.);
#1984=VECTOR('',#7247,10.);
#1985=VECTOR('',#7250,10.);
#1986=VECTOR('',#7255,10.);
#1987=VECTOR('',#7256,10.);
#1988=VECTOR('',#7259,10.);
#1989=VECTOR('',#7264,10.);
#1990=VECTOR('',#7265,10.);
#1991=VECTOR('',#7274,10.);
#1992=VECTOR('',#7275,10.);
#1993=VECTOR('',#7276,10.);
#1994=VECTOR('',#7281,10.);
#1995=VECTOR('',#7284,10.);
#1996=VECTOR('',#7285,10.);
#1997=VECTOR('',#7294,10.);
#1998=VECTOR('',#7295,10.);
#1999=VECTOR('',#7296,10.);
#2000=VECTOR('',#7301,10.);
#2001=VECTOR('',#7304,10.);
#2002=VECTOR('',#7305,10.);
#2003=VECTOR('',#7314,10.);
#2004=VECTOR('',#7317,10.);
#2005=VECTOR('',#7320,10.);
#2006=VECTOR('',#7321,10.);
#2007=VECTOR('',#7326,10.);
#2008=VECTOR('',#7329,10.);
#2009=VECTOR('',#7334,10.);
#2010=VECTOR('',#7335,10.);
#2011=VECTOR('',#7336,10.);
#2012=VECTOR('',#7341,10.);
#2013=VECTOR('',#7344,10.);
#2014=VECTOR('',#7345,10.);
#2015=VECTOR('',#7354,10.);
#2016=VECTOR('',#7355,10.);
#2017=VECTOR('',#7356,10.);
#2018=VECTOR('',#7357,10.);
#2019=VECTOR('',#7358,10.);
#2020=VECTOR('',#7361,10.);
#2021=VECTOR('',#7366,10.);
#2022=VECTOR('',#7367,10.);
#2023=VECTOR('',#7370,10.);
#2024=VECTOR('',#7373,10.);
#2025=VECTOR('',#7386,10.);
#2026=VECTOR('',#7389,10.);
#2027=VECTOR('',#7392,10.);
#2028=VECTOR('',#7399,14.75);
#2029=VECTOR('',#7410,2.10827723859727);
#2030=VECTOR('',#7423,1.65827723859727);
#2031=VECTOR('',#7428,2.10827723859726);
#2032=VECTOR('',#7439,1.65827723859727);
#2033=VECTOR('',#7444,1.83683712431892);
#2034=VECTOR('',#7455,1.38683712431892);
#2035=VECTOR('',#7460,1.83683712431891);
#2036=VECTOR('',#7471,1.38683712431891);
#2037=VECTOR('',#7474,10.);
#2038=VECTOR('',#7477,10.);
#2039=VECTOR('',#7480,10.);
#2040=VECTOR('',#7483,10.);
#2041=VECTOR('',#7486,10.);
#2042=VECTOR('',#7489,10.);
#2043=VECTOR('',#7494,3.25);
#2044=VECTOR('',#7499,3.);
#2045=VECTOR('',#7502,3.);
#2046=VECTOR('',#7505,3.25);
#2047=VECTOR('',#7514,3.);
#2048=VECTOR('',#7521,3.);
#2049=VECTOR('',#7528,10.);
#2050=VECTOR('',#7529,10.);
#2051=VECTOR('',#7530,10.);
#2052=VECTOR('',#7533,10.);
#2053=VECTOR('',#7536,10.);
#2054=ELLIPSE('',#5228,1.41421356237309,1.);
#2055=ELLIPSE('',#5230,1.41421356237309,1.);
#2056=ELLIPSE('',#5258,1.4142135623731,1.);
#2057=ELLIPSE('',#5279,1.4142135623731,1.);
#2058=ELLIPSE('',#5285,1.4142135623731,1.);
#2059=ELLIPSE('',#5324,1.4142135623731,1.);
#2060=ELLIPSE('',#5343,1.4142135623731,1.);
#2061=ELLIPSE('',#5378,1.41421356237309,1.);
#2062=ELLIPSE('',#5387,1.41421356237309,1.);
#2063=ELLIPSE('',#5622,1.41421356237309,1.);
#2064=ELLIPSE('',#5623,1.41421356237309,1.);
#2065=ELLIPSE('',#5625,1.41421356237309,1.);
#2066=ELLIPSE('',#5627,1.4142135623731,1.);
#2067=ELLIPSE('',#5628,1.4142135623731,1.);
#2068=VERTEX_POINT('',#7541);
#2069=VERTEX_POINT('',#7542);
#2070=VERTEX_POINT('',#7544);
#2071=VERTEX_POINT('',#7546);
#2072=VERTEX_POINT('',#7548);
#2073=VERTEX_POINT('',#7552);
#2074=VERTEX_POINT('',#7553);
#2075=VERTEX_POINT('',#7563);
#2076=VERTEX_POINT('',#7565);
#2077=VERTEX_POINT('',#7567);
#2078=VERTEX_POINT('',#7569);
#2079=VERTEX_POINT('',#7571);
#2080=VERTEX_POINT('',#7573);
#2081=VERTEX_POINT('',#7575);
#2082=VERTEX_POINT('',#7577);
#2083=VERTEX_POINT('',#7579);
#2084=VERTEX_POINT('',#7581);
#2085=VERTEX_POINT('',#7584);
#2086=VERTEX_POINT('',#7585);
#2087=VERTEX_POINT('',#7587);
#2088=VERTEX_POINT('',#7589);
#2089=VERTEX_POINT('',#7592);
#2090=VERTEX_POINT('',#7594);
#2091=VERTEX_POINT('',#7596);
#2092=VERTEX_POINT('',#7598);
#2093=VERTEX_POINT('',#7599);
#2094=VERTEX_POINT('',#7601);
#2095=VERTEX_POINT('',#7603);
#2096=VERTEX_POINT('',#7605);
#2097=VERTEX_POINT('',#7607);
#2098=VERTEX_POINT('',#7609);
#2099=VERTEX_POINT('',#7611);
#2100=VERTEX_POINT('',#7614);
#2101=VERTEX_POINT('',#7615);
#2102=VERTEX_POINT('',#7617);
#2103=VERTEX_POINT('',#7619);
#2104=VERTEX_POINT('',#7621);
#2105=VERTEX_POINT('',#7623);
#2106=VERTEX_POINT('',#7625);
#2107=VERTEX_POINT('',#7627);
#2108=VERTEX_POINT('',#7629);
#2109=VERTEX_POINT('',#7631);
#2110=VERTEX_POINT('',#7633);
#2111=VERTEX_POINT('',#7637);
#2112=VERTEX_POINT('',#7638);
#2113=VERTEX_POINT('',#7640);
#2114=VERTEX_POINT('',#7644);
#2115=VERTEX_POINT('',#7645);
#2116=VERTEX_POINT('',#7648);
#2117=VERTEX_POINT('',#7650);
#2118=VERTEX_POINT('',#7675);
#2119=VERTEX_POINT('',#7676);
#2120=VERTEX_POINT('',#7678);
#2121=VERTEX_POINT('',#7682);
#2122=VERTEX_POINT('',#7683);
#2123=VERTEX_POINT('',#7691);
#2124=VERTEX_POINT('',#7692);
#2125=VERTEX_POINT('',#7694);
#2126=VERTEX_POINT('',#7696);
#2127=VERTEX_POINT('',#7700);
#2128=VERTEX_POINT('',#7701);
#2129=VERTEX_POINT('',#7703);
#2130=VERTEX_POINT('',#7705);
#2131=VERTEX_POINT('',#7709);
#2132=VERTEX_POINT('',#7710);
#2133=VERTEX_POINT('',#7712);
#2134=VERTEX_POINT('',#7716);
#2135=VERTEX_POINT('',#7717);
#2136=VERTEX_POINT('',#7719);
#2137=VERTEX_POINT('',#7723);
#2138=VERTEX_POINT('',#7725);
#2139=VERTEX_POINT('',#7729);
#2140=VERTEX_POINT('',#7730);
#2141=VERTEX_POINT('',#7732);
#2142=VERTEX_POINT('',#7736);
#2143=VERTEX_POINT('',#7738);
#2144=VERTEX_POINT('',#7742);
#2145=VERTEX_POINT('',#7743);
#2146=VERTEX_POINT('',#7745);
#2147=VERTEX_POINT('',#7752);
#2148=VERTEX_POINT('',#7753);
#2149=VERTEX_POINT('',#7755);
#2150=VERTEX_POINT('',#7757);
#2151=VERTEX_POINT('',#7767);
#2152=VERTEX_POINT('',#7768);
#2153=VERTEX_POINT('',#7770);
#2154=VERTEX_POINT('',#7772);
#2155=VERTEX_POINT('',#7776);
#2156=VERTEX_POINT('',#7777);
#2157=VERTEX_POINT('',#7779);
#2158=VERTEX_POINT('',#7783);
#2159=VERTEX_POINT('',#7784);
#2160=VERTEX_POINT('',#7786);
#2161=VERTEX_POINT('',#7788);
#2162=VERTEX_POINT('',#7792);
#2163=VERTEX_POINT('',#7794);
#2164=VERTEX_POINT('',#7798);
#2165=VERTEX_POINT('',#7799);
#2166=VERTEX_POINT('',#7804);
#2167=VERTEX_POINT('',#7805);
#2168=VERTEX_POINT('',#7807);
#2169=VERTEX_POINT('',#7809);
#2170=VERTEX_POINT('',#7813);
#2171=VERTEX_POINT('',#7814);
#2172=VERTEX_POINT('',#7833);
#2173=VERTEX_POINT('',#7835);
#2174=VERTEX_POINT('',#7838);
#2175=VERTEX_POINT('',#7840);
#2176=VERTEX_POINT('',#7864);
#2177=VERTEX_POINT('',#7865);
#2178=VERTEX_POINT('',#7867);
#2179=VERTEX_POINT('',#7869);
#2180=VERTEX_POINT('',#7873);
#2181=VERTEX_POINT('',#7875);
#2182=VERTEX_POINT('',#7877);
#2183=VERTEX_POINT('',#7883);
#2184=VERTEX_POINT('',#7884);
#2185=VERTEX_POINT('',#7886);
#2186=VERTEX_POINT('',#7888);
#2187=VERTEX_POINT('',#7892);
#2188=VERTEX_POINT('',#7893);
#2189=VERTEX_POINT('',#7901);
#2190=VERTEX_POINT('',#7902);
#2191=VERTEX_POINT('',#7904);
#2192=VERTEX_POINT('',#7906);
#2193=VERTEX_POINT('',#7919);
#2194=VERTEX_POINT('',#7923);
#2195=VERTEX_POINT('',#7938);
#2196=VERTEX_POINT('',#7940);
#2197=VERTEX_POINT('',#7980);
#2198=VERTEX_POINT('',#8003);
#2199=VERTEX_POINT('',#8005);
#2200=VERTEX_POINT('',#8011);
#2201=VERTEX_POINT('',#8013);
#2202=VERTEX_POINT('',#8015);
#2203=VERTEX_POINT('',#8017);
#2204=VERTEX_POINT('',#8019);
#2205=VERTEX_POINT('',#8021);
#2206=VERTEX_POINT('',#8023);
#2207=VERTEX_POINT('',#8027);
#2208=VERTEX_POINT('',#8029);
#2209=VERTEX_POINT('',#8033);
#2210=VERTEX_POINT('',#8037);
#2211=VERTEX_POINT('',#8041);
#2212=VERTEX_POINT('',#8043);
#2213=VERTEX_POINT('',#8047);
#2214=VERTEX_POINT('',#8049);
#2215=VERTEX_POINT('',#8051);
#2216=VERTEX_POINT('',#8053);
#2217=VERTEX_POINT('',#8055);
#2218=VERTEX_POINT('',#8057);
#2219=VERTEX_POINT('',#8059);
#2220=VERTEX_POINT('',#8061);
#2221=VERTEX_POINT('',#8063);
#2222=VERTEX_POINT('',#8065);
#2223=VERTEX_POINT('',#8067);
#2224=VERTEX_POINT('',#8069);
#2225=VERTEX_POINT('',#8071);
#2226=VERTEX_POINT('',#8073);
#2227=VERTEX_POINT('',#8075);
#2228=VERTEX_POINT('',#8081);
#2229=VERTEX_POINT('',#8083);
#2230=VERTEX_POINT('',#8084);
#2231=VERTEX_POINT('',#8086);
#2232=VERTEX_POINT('',#8088);
#2233=VERTEX_POINT('',#8094);
#2234=VERTEX_POINT('',#8095);
#2235=VERTEX_POINT('',#8097);
#2236=VERTEX_POINT('',#8099);
#2237=VERTEX_POINT('',#8102);
#2238=VERTEX_POINT('',#8103);
#2239=VERTEX_POINT('',#8105);
#2240=VERTEX_POINT('',#8107);
#2241=VERTEX_POINT('',#8113);
#2242=VERTEX_POINT('',#8115);
#2243=VERTEX_POINT('',#8117);
#2244=VERTEX_POINT('',#8121);
#2245=VERTEX_POINT('',#8123);
#2246=VERTEX_POINT('',#8125);
#2247=VERTEX_POINT('',#8127);
#2248=VERTEX_POINT('',#8129);
#2249=VERTEX_POINT('',#8132);
#2250=VERTEX_POINT('',#8134);
#2251=VERTEX_POINT('',#8136);
#2252=VERTEX_POINT('',#8138);
#2253=VERTEX_POINT('',#8141);
#2254=VERTEX_POINT('',#8143);
#2255=VERTEX_POINT('',#8145);
#2256=VERTEX_POINT('',#8147);
#2257=VERTEX_POINT('',#8150);
#2258=VERTEX_POINT('',#8151);
#2259=VERTEX_POINT('',#8153);
#2260=VERTEX_POINT('',#8155);
#2261=VERTEX_POINT('',#8158);
#2262=VERTEX_POINT('',#8159);
#2263=VERTEX_POINT('',#8161);
#2264=VERTEX_POINT('',#8163);
#2265=VERTEX_POINT('',#8166);
#2266=VERTEX_POINT('',#8167);
#2267=VERTEX_POINT('',#8169);
#2268=VERTEX_POINT('',#8171);
#2269=VERTEX_POINT('',#8175);
#2270=VERTEX_POINT('',#8179);
#2271=VERTEX_POINT('',#8181);
#2272=VERTEX_POINT('',#8185);
#2273=VERTEX_POINT('',#8189);
#2274=VERTEX_POINT('',#8195);
#2275=VERTEX_POINT('',#8197);
#2276=VERTEX_POINT('',#8201);
#2277=VERTEX_POINT('',#8205);
#2278=VERTEX_POINT('',#8207);
#2279=VERTEX_POINT('',#8211);
#2280=VERTEX_POINT('',#8215);
#2281=VERTEX_POINT('',#8221);
#2282=VERTEX_POINT('',#8223);
#2283=VERTEX_POINT('',#8227);
#2284=VERTEX_POINT('',#8231);
#2285=VERTEX_POINT('',#8233);
#2286=VERTEX_POINT('',#8237);
#2287=VERTEX_POINT('',#8241);
#2288=VERTEX_POINT('',#8247);
#2289=VERTEX_POINT('',#8249);
#2290=VERTEX_POINT('',#8253);
#2291=VERTEX_POINT('',#8257);
#2292=VERTEX_POINT('',#8259);
#2293=VERTEX_POINT('',#8263);
#2294=VERTEX_POINT('',#8267);
#2295=VERTEX_POINT('',#8273);
#2296=VERTEX_POINT('',#8275);
#2297=VERTEX_POINT('',#8279);
#2298=VERTEX_POINT('',#8283);
#2299=VERTEX_POINT('',#8285);
#2300=VERTEX_POINT('',#8289);
#2301=VERTEX_POINT('',#8293);
#2302=VERTEX_POINT('',#8299);
#2303=VERTEX_POINT('',#8301);
#2304=VERTEX_POINT('',#8305);
#2305=VERTEX_POINT('',#8309);
#2306=VERTEX_POINT('',#8310);
#2307=VERTEX_POINT('',#8312);
#2308=VERTEX_POINT('',#8314);
#2309=VERTEX_POINT('',#8318);
#2310=VERTEX_POINT('',#8319);
#2311=VERTEX_POINT('',#8326);
#2312=VERTEX_POINT('',#8332);
#2313=VERTEX_POINT('',#8334);
#2314=VERTEX_POINT('',#8336);
#2315=VERTEX_POINT('',#8338);
#2316=VERTEX_POINT('',#8340);
#2317=VERTEX_POINT('',#8343);
#2318=VERTEX_POINT('',#8348);
#2319=VERTEX_POINT('',#8352);
#2320=VERTEX_POINT('',#8356);
#2321=VERTEX_POINT('',#8357);
#2322=VERTEX_POINT('',#8359);
#2323=VERTEX_POINT('',#8363);
#2324=VERTEX_POINT('',#8364);
#2325=VERTEX_POINT('',#8370);
#2326=VERTEX_POINT('',#8381);
#2327=VERTEX_POINT('',#8383);
#2328=VERTEX_POINT('',#8385);
#2329=VERTEX_POINT('',#8387);
#2330=VERTEX_POINT('',#8391);
#2331=VERTEX_POINT('',#8395);
#2332=VERTEX_POINT('',#8397);
#2333=VERTEX_POINT('',#8401);
#2334=VERTEX_POINT('',#8402);
#2335=VERTEX_POINT('',#8404);
#2336=VERTEX_POINT('',#8408);
#2337=VERTEX_POINT('',#8410);
#2338=VERTEX_POINT('',#8414);
#2339=VERTEX_POINT('',#8415);
#2340=VERTEX_POINT('',#8417);
#2341=VERTEX_POINT('',#8419);
#2342=VERTEX_POINT('',#8427);
#2343=VERTEX_POINT('',#8433);
#2344=VERTEX_POINT('',#8450);
#2345=VERTEX_POINT('',#8452);
#2346=VERTEX_POINT('',#8459);
#2347=VERTEX_POINT('',#8460);
#2348=VERTEX_POINT('',#8462);
#2349=VERTEX_POINT('',#8466);
#2350=VERTEX_POINT('',#8468);
#2351=VERTEX_POINT('',#8477);
#2352=VERTEX_POINT('',#8483);
#2353=VERTEX_POINT('',#8484);
#2354=VERTEX_POINT('',#8486);
#2355=VERTEX_POINT('',#8488);
#2356=VERTEX_POINT('',#8492);
#2357=VERTEX_POINT('',#8494);
#2358=VERTEX_POINT('',#8503);
#2359=VERTEX_POINT('',#8504);
#2360=VERTEX_POINT('',#8506);
#2361=VERTEX_POINT('',#8510);
#2362=VERTEX_POINT('',#8511);
#2363=VERTEX_POINT('',#8516);
#2364=VERTEX_POINT('',#8520);
#2365=VERTEX_POINT('',#8522);
#2366=VERTEX_POINT('',#8531);
#2367=VERTEX_POINT('',#8533);
#2368=VERTEX_POINT('',#8575);
#2369=VERTEX_POINT('',#8576);
#2370=VERTEX_POINT('',#8578);
#2371=VERTEX_POINT('',#8580);
#2372=VERTEX_POINT('',#8582);
#2373=VERTEX_POINT('',#8584);
#2374=VERTEX_POINT('',#8586);
#2375=VERTEX_POINT('',#8588);
#2376=VERTEX_POINT('',#8595);
#2377=VERTEX_POINT('',#8605);
#2378=VERTEX_POINT('',#8606);
#2379=VERTEX_POINT('',#8611);
#2380=VERTEX_POINT('',#8615);
#2381=VERTEX_POINT('',#8617);
#2382=VERTEX_POINT('',#8627);
#2383=VERTEX_POINT('',#8629);
#2384=VERTEX_POINT('',#8631);
#2385=VERTEX_POINT('',#8633);
#2386=VERTEX_POINT('',#8635);
#2387=VERTEX_POINT('',#8639);
#2388=VERTEX_POINT('',#8640);
#2389=VERTEX_POINT('',#8647);
#2390=VERTEX_POINT('',#8649);
#2391=VERTEX_POINT('',#8656);
#2392=VERTEX_POINT('',#8658);
#2393=VERTEX_POINT('',#8662);
#2394=VERTEX_POINT('',#8664);
#2395=VERTEX_POINT('',#8668);
#2396=VERTEX_POINT('',#8672);
#2397=VERTEX_POINT('',#8674);
#2398=VERTEX_POINT('',#8681);
#2399=VERTEX_POINT('',#8683);
#2400=VERTEX_POINT('',#8692);
#2401=VERTEX_POINT('',#8702);
#2402=VERTEX_POINT('',#8708);
#2403=VERTEX_POINT('',#8709);
#2404=VERTEX_POINT('',#8711);
#2405=VERTEX_POINT('',#8713);
#2406=VERTEX_POINT('',#8716);
#2407=VERTEX_POINT('',#8717);
#2408=VERTEX_POINT('',#8719);
#2409=VERTEX_POINT('',#8721);
#2410=VERTEX_POINT('',#8726);
#2411=VERTEX_POINT('',#8732);
#2412=VERTEX_POINT('',#8733);
#2413=VERTEX_POINT('',#8738);
#2414=VERTEX_POINT('',#8740);
#2415=VERTEX_POINT('',#8742);
#2416=VERTEX_POINT('',#8744);
#2417=VERTEX_POINT('',#8746);
#2418=VERTEX_POINT('',#8748);
#2419=VERTEX_POINT('',#8750);
#2420=VERTEX_POINT('',#8752);
#2421=VERTEX_POINT('',#8754);
#2422=VERTEX_POINT('',#8756);
#2423=VERTEX_POINT('',#8762);
#2424=VERTEX_POINT('',#8764);
#2425=VERTEX_POINT('',#8767);
#2426=VERTEX_POINT('',#8768);
#2427=VERTEX_POINT('',#8770);
#2428=VERTEX_POINT('',#8772);
#2429=VERTEX_POINT('',#8775);
#2430=VERTEX_POINT('',#8777);
#2431=VERTEX_POINT('',#8779);
#2432=VERTEX_POINT('',#8780);
#2433=VERTEX_POINT('',#8782);
#2434=VERTEX_POINT('',#8784);
#2435=VERTEX_POINT('',#8786);
#2436=VERTEX_POINT('',#8789);
#2437=VERTEX_POINT('',#8791);
#2438=VERTEX_POINT('',#8793);
#2439=VERTEX_POINT('',#8795);
#2440=VERTEX_POINT('',#8802);
#2441=VERTEX_POINT('',#8804);
#2442=VERTEX_POINT('',#8806);
#2443=VERTEX_POINT('',#8810);
#2444=VERTEX_POINT('',#8818);
#2445=VERTEX_POINT('',#8824);
#2446=VERTEX_POINT('',#8830);
#2447=VERTEX_POINT('',#8836);
#2448=VERTEX_POINT('',#8844);
#2449=VERTEX_POINT('',#8849);
#2450=VERTEX_POINT('',#8854);
#2451=VERTEX_POINT('',#8859);
#2452=VERTEX_POINT('',#8860);
#2453=VERTEX_POINT('',#8862);
#2454=VERTEX_POINT('',#8864);
#2455=VERTEX_POINT('',#8866);
#2456=VERTEX_POINT('',#8868);
#2457=VERTEX_POINT('',#8870);
#2458=VERTEX_POINT('',#8872);
#2459=VERTEX_POINT('',#8893);
#2460=VERTEX_POINT('',#8895);
#2461=VERTEX_POINT('',#8899);
#2462=VERTEX_POINT('',#8903);
#2463=VERTEX_POINT('',#8907);
#2464=VERTEX_POINT('',#8909);
#2465=VERTEX_POINT('',#8917);
#2466=VERTEX_POINT('',#8919);
#2467=VERTEX_POINT('',#8921);
#2468=VERTEX_POINT('',#8925);
#2469=VERTEX_POINT('',#8927);
#2470=VERTEX_POINT('',#8932);
#2471=VERTEX_POINT('',#8934);
#2472=VERTEX_POINT('',#8938);
#2473=VERTEX_POINT('',#8942);
#2474=VERTEX_POINT('',#8946);
#2475=VERTEX_POINT('',#8950);
#2476=VERTEX_POINT('',#8954);
#2477=VERTEX_POINT('',#8958);
#2478=VERTEX_POINT('',#8965);
#2479=VERTEX_POINT('',#8967);
#2480=VERTEX_POINT('',#8971);
#2481=VERTEX_POINT('',#8975);
#2482=VERTEX_POINT('',#8982);
#2483=VERTEX_POINT('',#8984);
#2484=VERTEX_POINT('',#8988);
#2485=VERTEX_POINT('',#8992);
#2486=VERTEX_POINT('',#8999);
#2487=VERTEX_POINT('',#9001);
#2488=VERTEX_POINT('',#9005);
#2489=VERTEX_POINT('',#9009);
#2490=VERTEX_POINT('',#9016);
#2491=VERTEX_POINT('',#9018);
#2492=VERTEX_POINT('',#9022);
#2493=VERTEX_POINT('',#9026);
#2494=VERTEX_POINT('',#9033);
#2495=VERTEX_POINT('',#9035);
#2496=VERTEX_POINT('',#9039);
#2497=VERTEX_POINT('',#9067);
#2498=VERTEX_POINT('',#9069);
#2499=VERTEX_POINT('',#9075);
#2500=VERTEX_POINT('',#9077);
#2501=VERTEX_POINT('',#9084);
#2502=VERTEX_POINT('',#9088);
#2503=VERTEX_POINT('',#9090);
#2504=VERTEX_POINT('',#9094);
#2505=VERTEX_POINT('',#9097);
#2506=VERTEX_POINT('',#9101);
#2507=VERTEX_POINT('',#9103);
#2508=VERTEX_POINT('',#9107);
#2509=VERTEX_POINT('',#9110);
#2510=VERTEX_POINT('',#9114);
#2511=VERTEX_POINT('',#9116);
#2512=VERTEX_POINT('',#9120);
#2513=VERTEX_POINT('',#9123);
#2514=VERTEX_POINT('',#9147);
#2515=VERTEX_POINT('',#9153);
#2516=VERTEX_POINT('',#9158);
#2517=VERTEX_POINT('',#9163);
#2518=VERTEX_POINT('',#9165);
#2519=EDGE_CURVE('',#2068,#2069,#2054,.T.);
#2520=EDGE_CURVE('',#2068,#2070,#1208,.T.);
#2521=EDGE_CURVE('',#2070,#2071,#907,.T.);
#2522=EDGE_CURVE('',#2071,#2072,#1209,.T.);
#2523=EDGE_CURVE('',#2069,#2072,#2055,.T.);
#2524=EDGE_CURVE('',#2073,#2074,#191,.T.);
#2525=EDGE_CURVE('',#2074,#2071,#908,.T.);
#2526=EDGE_CURVE('',#2070,#2073,#909,.T.);
#2527=EDGE_CURVE('',#2075,#2068,#1210,.T.);
#2528=EDGE_CURVE('',#2076,#2075,#1211,.T.);
#2529=EDGE_CURVE('',#2077,#2076,#910,.T.);
#2530=EDGE_CURVE('',#2078,#2077,#1212,.T.);
#2531=EDGE_CURVE('',#2079,#2078,#1213,.T.);
#2532=EDGE_CURVE('',#2080,#2079,#1214,.T.);
#2533=EDGE_CURVE('',#2081,#2080,#1215,.T.);
#2534=EDGE_CURVE('',#2082,#2081,#911,.T.);
#2535=EDGE_CURVE('',#2082,#2083,#1216,.T.);
#2536=EDGE_CURVE('',#2083,#2084,#1217,.T.);
#2537=EDGE_CURVE('',#2084,#2073,#1218,.T.);
#2538=EDGE_CURVE('',#2085,#2086,#1219,.T.);
#2539=EDGE_CURVE('',#2086,#2087,#1220,.T.);
#2540=EDGE_CURVE('',#2087,#2088,#1221,.T.);
#2541=EDGE_CURVE('',#2088,#2085,#1222,.T.);
#2542=EDGE_CURVE('',#2089,#2089,#912,.T.);
#2543=EDGE_CURVE('',#2090,#2090,#913,.T.);
#2544=EDGE_CURVE('',#2091,#2091,#914,.T.);
#2545=EDGE_CURVE('',#2092,#2093,#1223,.T.);
#2546=EDGE_CURVE('',#2093,#2094,#915,.T.);
#2547=EDGE_CURVE('',#2094,#2095,#1224,.T.);
#2548=EDGE_CURVE('',#2095,#2096,#916,.T.);
#2549=EDGE_CURVE('',#2096,#2097,#1225,.T.);
#2550=EDGE_CURVE('',#2097,#2098,#917,.T.);
#2551=EDGE_CURVE('',#2098,#2099,#1226,.T.);
#2552=EDGE_CURVE('',#2099,#2092,#918,.T.);
#2553=EDGE_CURVE('',#2100,#2101,#1227,.T.);
#2554=EDGE_CURVE('',#2101,#2102,#1228,.T.);
#2555=EDGE_CURVE('',#2102,#2103,#1229,.T.);
#2556=EDGE_CURVE('',#2103,#2104,#1230,.T.);
#2557=EDGE_CURVE('',#2104,#2105,#1231,.T.);
#2558=EDGE_CURVE('',#2105,#2106,#919,.T.);
#2559=EDGE_CURVE('',#2106,#2107,#1232,.T.);
#2560=EDGE_CURVE('',#2107,#2108,#1233,.T.);
#2561=EDGE_CURVE('',#2108,#2109,#920,.T.);
#2562=EDGE_CURVE('',#2109,#2110,#1234,.T.);
#2563=EDGE_CURVE('',#2110,#2100,#921,.T.);
#2564=EDGE_CURVE('',#2111,#2112,#922,.F.);
#2565=EDGE_CURVE('',#2113,#2111,#923,.F.);
#2566=EDGE_CURVE('',#2112,#2113,#924,.F.);
#2567=EDGE_CURVE('',#2114,#2115,#925,.T.);
#2568=EDGE_CURVE('',#2115,#2113,#1235,.T.);
#2569=EDGE_CURVE('',#2111,#2116,#1236,.T.);
#2570=EDGE_CURVE('',#2116,#2117,#192,.F.);
#2571=EDGE_CURVE('',#2117,#2114,#1237,.T.);
#2572=EDGE_CURVE('',#2118,#2119,#926,.F.);
#2573=EDGE_CURVE('',#2120,#2118,#927,.F.);
#2574=EDGE_CURVE('',#2119,#2120,#928,.F.);
#2575=EDGE_CURVE('',#2121,#2122,#2056,.F.);
#2576=EDGE_CURVE('',#2122,#2120,#1238,.T.);
#2577=EDGE_CURVE('',#2118,#2121,#1239,.T.);
#2578=EDGE_CURVE('',#2112,#2119,#1240,.T.);
#2579=EDGE_CURVE('',#2120,#2111,#1241,.T.);
#2580=EDGE_CURVE('',#2123,#2124,#929,.T.);
#2581=EDGE_CURVE('',#2125,#2124,#930,.T.);
#2582=EDGE_CURVE('',#2126,#2125,#931,.F.);
#2583=EDGE_CURVE('',#2123,#2126,#932,.T.);
#2584=EDGE_CURVE('',#2127,#2128,#933,.F.);
#2585=EDGE_CURVE('',#2129,#2127,#934,.T.);
#2586=EDGE_CURVE('',#2129,#2130,#935,.T.);
#2587=EDGE_CURVE('',#2128,#2130,#936,.T.);
#2588=EDGE_CURVE('',#2131,#2132,#937,.F.);
#2589=EDGE_CURVE('',#2133,#2131,#938,.F.);
#2590=EDGE_CURVE('',#2132,#2133,#939,.F.);
#2591=EDGE_CURVE('',#2134,#2135,#940,.F.);
#2592=EDGE_CURVE('',#2136,#2134,#941,.F.);
#2593=EDGE_CURVE('',#2135,#2136,#942,.F.);
#2594=EDGE_CURVE('',#2137,#2136,#1242,.T.);
#2595=EDGE_CURVE('',#2134,#2138,#1243,.T.);
#2596=EDGE_CURVE('',#2138,#2137,#2057,.T.);
#2597=EDGE_CURVE('',#2139,#2140,#943,.F.);
#2598=EDGE_CURVE('',#2141,#2139,#944,.F.);
#2599=EDGE_CURVE('',#2140,#2141,#945,.F.);
#2600=EDGE_CURVE('',#2142,#2141,#1244,.T.);
#2601=EDGE_CURVE('',#2139,#2143,#1245,.T.);
#2602=EDGE_CURVE('',#2143,#2142,#2058,.T.);
#2603=EDGE_CURVE('',#2144,#2145,#946,.F.);
#2604=EDGE_CURVE('',#2146,#2144,#947,.F.);
#2605=EDGE_CURVE('',#2145,#2146,#948,.F.);
#2606=EDGE_CURVE('',#2131,#2146,#1246,.T.);
#2607=EDGE_CURVE('',#2144,#2133,#1247,.T.);
#2608=EDGE_CURVE('',#2147,#2148,#949,.F.);
#2609=EDGE_CURVE('',#2149,#2147,#950,.T.);
#2610=EDGE_CURVE('',#2149,#2150,#951,.T.);
#2611=EDGE_CURVE('',#2148,#2150,#952,.T.);
#2612=EDGE_CURVE('',#2132,#2149,#1248,.T.);
#2613=EDGE_CURVE('',#2147,#2131,#1249,.T.);
#2614=EDGE_CURVE('',#2150,#2129,#1250,.T.);
#2615=EDGE_CURVE('',#2127,#2148,#1251,.T.);
#2616=EDGE_CURVE('',#2151,#2152,#953,.T.);
#2617=EDGE_CURVE('',#2153,#2151,#954,.F.);
#2618=EDGE_CURVE('',#2154,#2153,#955,.T.);
#2619=EDGE_CURVE('',#2154,#2152,#956,.T.);
#2620=EDGE_CURVE('',#2155,#2156,#957,.F.);
#2621=EDGE_CURVE('',#2157,#2155,#958,.F.);
#2622=EDGE_CURVE('',#2156,#2157,#959,.F.);
#2623=EDGE_CURVE('',#2158,#2159,#960,.T.);
#2624=EDGE_CURVE('',#2160,#2159,#961,.T.);
#2625=EDGE_CURVE('',#2161,#2160,#962,.F.);
#2626=EDGE_CURVE('',#2158,#2161,#963,.T.);
#2627=EDGE_CURVE('',#2162,#2079,#964,.F.);
#2628=EDGE_CURVE('',#2163,#2162,#965,.F.);
#2629=EDGE_CURVE('',#2079,#2163,#966,.F.);
#2630=EDGE_CURVE('',#2164,#2165,#967,.T.);
#2631=EDGE_CURVE('',#2165,#2163,#1252,.T.);
#2632=EDGE_CURVE('',#2162,#2164,#1253,.T.);
#2633=EDGE_CURVE('',#2166,#2167,#968,.T.);
#2634=EDGE_CURVE('',#2168,#2167,#969,.T.);
#2635=EDGE_CURVE('',#2169,#2168,#970,.F.);
#2636=EDGE_CURVE('',#2166,#2169,#971,.T.);
#2637=EDGE_CURVE('',#2170,#2171,#193,.T.);
#2638=EDGE_CURVE('',#2171,#2172,#1254,.T.);
#2639=EDGE_CURVE('',#2172,#2173,#2059,.T.);
#2640=EDGE_CURVE('',#2173,#2168,#1255,.T.);
#2641=EDGE_CURVE('',#2167,#2174,#1256,.T.);
#2642=EDGE_CURVE('',#2174,#2175,#194,.T.);
#2643=EDGE_CURVE('',#2175,#2170,#1257,.T.);
#2644=EDGE_CURVE('',#2151,#2169,#1258,.T.);
#2645=EDGE_CURVE('',#2168,#2153,#1259,.T.);
#2646=EDGE_CURVE('',#2176,#2177,#972,.F.);
#2647=EDGE_CURVE('',#2178,#2176,#973,.T.);
#2648=EDGE_CURVE('',#2178,#2179,#974,.T.);
#2649=EDGE_CURVE('',#2177,#2179,#975,.T.);
#2650=EDGE_CURVE('',#2080,#2180,#976,.F.);
#2651=EDGE_CURVE('',#2181,#2080,#977,.T.);
#2652=EDGE_CURVE('',#2181,#2182,#978,.T.);
#2653=EDGE_CURVE('',#2180,#2182,#979,.T.);
#2654=EDGE_CURVE('',#2163,#2181,#1260,.T.);
#2655=EDGE_CURVE('',#2183,#2184,#980,.F.);
#2656=EDGE_CURVE('',#2185,#2183,#981,.T.);
#2657=EDGE_CURVE('',#2185,#2186,#982,.T.);
#2658=EDGE_CURVE('',#2184,#2186,#983,.T.);
#2659=EDGE_CURVE('',#2187,#2188,#2060,.T.);
#2660=EDGE_CURVE('',#2188,#2185,#1261,.T.);
#2661=EDGE_CURVE('',#2183,#2187,#1262,.T.);
#2662=EDGE_CURVE('',#2169,#2184,#1263,.T.);
#2663=EDGE_CURVE('',#2186,#2166,#1264,.T.);
#2664=EDGE_CURVE('',#2189,#2190,#984,.T.);
#2665=EDGE_CURVE('',#2191,#2190,#985,.T.);
#2666=EDGE_CURVE('',#2192,#2191,#986,.F.);
#2667=EDGE_CURVE('',#2189,#2192,#987,.T.);
#2668=EDGE_CURVE('',#2190,#2180,#1265,.T.);
#2669=EDGE_CURVE('',#2182,#2191,#1266,.T.);
#2670=EDGE_CURVE('',#2184,#2192,#1267,.T.);
#2671=EDGE_CURVE('',#2191,#2183,#1268,.T.);
#2672=EDGE_CURVE('',#2192,#2178,#1269,.T.);
#2673=EDGE_CURVE('',#2176,#2189,#1270,.T.);
#2674=EDGE_CURVE('',#2193,#2081,#988,.T.);
#2675=EDGE_CURVE('',#2180,#2193,#1271,.T.);
#2676=EDGE_CURVE('',#2194,#2082,#195,.T.);
#2677=EDGE_CURVE('',#2193,#2194,#989,.T.);
#2678=EDGE_CURVE('',#2155,#2177,#1272,.T.);
#2679=EDGE_CURVE('',#2179,#2157,#1273,.T.);
#2680=EDGE_CURVE('',#2159,#2176,#1274,.T.);
#2681=EDGE_CURVE('',#2177,#2160,#1275,.T.);
#2682=EDGE_CURVE('',#2195,#2078,#990,.T.);
#2683=EDGE_CURVE('',#2078,#2196,#991,.T.);
#2684=EDGE_CURVE('',#2196,#2195,#992,.T.);
#2685=EDGE_CURVE('',#2195,#2162,#1276,.T.);
#2686=EDGE_CURVE('',#2146,#2161,#1277,.T.);
#2687=EDGE_CURVE('',#2160,#2145,#1278,.T.);
#2688=EDGE_CURVE('',#2148,#2158,#1279,.T.);
#2689=EDGE_CURVE('',#2161,#2147,#1280,.T.);
#2690=EDGE_CURVE('',#2152,#2156,#1281,.T.);
#2691=EDGE_CURVE('',#2157,#2151,#1282,.T.);
#2692=EDGE_CURVE('',#2156,#2140,#1283,.T.);
#2693=EDGE_CURVE('',#2141,#2155,#1284,.T.);
#2694=EDGE_CURVE('',#2135,#2154,#1285,.T.);
#2695=EDGE_CURVE('',#2153,#2134,#1286,.T.);
#2696=EDGE_CURVE('',#2143,#2144,#1287,.T.);
#2697=EDGE_CURVE('',#2145,#2142,#1288,.T.);
#2698=EDGE_CURVE('',#2140,#2135,#1289,.T.);
#2699=EDGE_CURVE('',#2136,#2139,#1290,.T.);
#2700=EDGE_CURVE('',#2138,#2132,#1291,.T.);
#2701=EDGE_CURVE('',#2133,#2137,#1292,.T.);
#2702=EDGE_CURVE('',#2119,#2128,#1293,.T.);
#2703=EDGE_CURVE('',#2130,#2118,#1294,.T.);
#2704=EDGE_CURVE('',#2124,#2127,#1295,.T.);
#2705=EDGE_CURVE('',#2128,#2125,#1296,.T.);
#2706=EDGE_CURVE('',#2113,#2126,#1297,.T.);
#2707=EDGE_CURVE('',#2125,#2112,#1298,.T.);
#2708=EDGE_CURVE('',#2072,#2123,#1299,.T.);
#2709=EDGE_CURVE('',#2126,#2197,#1300,.T.);
#2710=EDGE_CURVE('',#2069,#2197,#196,.T.);
#2711=EDGE_CURVE('',#2137,#2143,#1301,.T.);
#2712=EDGE_CURVE('',#2187,#2198,#1302,.T.);
#2713=EDGE_CURVE('',#2199,#2198,#2061,.T.);
#2714=EDGE_CURVE('',#2199,#2188,#1303,.T.);
#2715=EDGE_CURVE('',#2187,#2165,#1304,.T.);
#2716=EDGE_CURVE('',#2164,#2200,#1305,.T.);
#2717=EDGE_CURVE('',#2200,#2201,#1306,.T.);
#2718=EDGE_CURVE('',#2201,#2202,#1307,.T.);
#2719=EDGE_CURVE('',#2202,#2203,#1308,.T.);
#2720=EDGE_CURVE('',#2203,#2204,#1309,.T.);
#2721=EDGE_CURVE('',#2204,#2205,#1310,.T.);
#2722=EDGE_CURVE('',#2205,#2206,#1311,.T.);
#2723=EDGE_CURVE('',#2206,#2198,#1312,.T.);
#2724=EDGE_CURVE('',#2207,#2195,#1313,.T.);
#2725=EDGE_CURVE('',#2208,#2207,#1314,.T.);
#2726=EDGE_CURVE('',#2208,#2200,#1315,.T.);
#2727=EDGE_CURVE('',#2196,#2209,#1316,.T.);
#2728=EDGE_CURVE('',#2209,#2207,#993,.T.);
#2729=EDGE_CURVE('',#2077,#2210,#994,.T.);
#2730=EDGE_CURVE('',#2210,#2196,#1317,.T.);
#2731=EDGE_CURVE('',#2193,#2211,#1318,.T.);
#2732=EDGE_CURVE('',#2211,#2212,#2062,.T.);
#2733=EDGE_CURVE('',#2212,#2194,#1319,.T.);
#2734=EDGE_CURVE('',#2213,#2071,#1320,.T.);
#2735=EDGE_CURVE('',#2214,#2213,#1321,.T.);
#2736=EDGE_CURVE('',#2215,#2214,#995,.T.);
#2737=EDGE_CURVE('',#2216,#2215,#1322,.T.);
#2738=EDGE_CURVE('',#2217,#2216,#1323,.T.);
#2739=EDGE_CURVE('',#2218,#2217,#996,.T.);
#2740=EDGE_CURVE('',#2219,#2218,#1324,.T.);
#2741=EDGE_CURVE('',#2220,#2219,#997,.T.);
#2742=EDGE_CURVE('',#2221,#2220,#1325,.T.);
#2743=EDGE_CURVE('',#2222,#2221,#1326,.T.);
#2744=EDGE_CURVE('',#2223,#2222,#998,.T.);
#2745=EDGE_CURVE('',#2224,#2223,#1327,.T.);
#2746=EDGE_CURVE('',#2225,#2224,#999,.T.);
#2747=EDGE_CURVE('',#2226,#2225,#1328,.T.);
#2748=EDGE_CURVE('',#2226,#2227,#197,.T.);
#2749=EDGE_CURVE('',#2227,#2211,#1329,.T.);
#2750=EDGE_CURVE('',#2228,#2228,#1000,.T.);
#2751=EDGE_CURVE('',#2229,#2230,#1001,.T.);
#2752=EDGE_CURVE('',#2231,#2229,#1330,.T.);
#2753=EDGE_CURVE('',#2232,#2231,#1002,.T.);
#2754=EDGE_CURVE('',#2230,#2232,#1331,.T.);
#2755=EDGE_CURVE('',#2233,#2234,#1332,.T.);
#2756=EDGE_CURVE('',#2234,#2235,#1003,.T.);
#2757=EDGE_CURVE('',#2235,#2236,#1333,.T.);
#2758=EDGE_CURVE('',#2236,#2233,#1004,.T.);
#2759=EDGE_CURVE('',#2237,#2238,#1005,.T.);
#2760=EDGE_CURVE('',#2238,#2239,#1334,.T.);
#2761=EDGE_CURVE('',#2239,#2240,#1006,.T.);
#2762=EDGE_CURVE('',#2240,#2237,#1335,.T.);
#2763=EDGE_CURVE('',#2241,#2241,#1007,.T.);
#2764=EDGE_CURVE('',#2241,#2242,#1008,.T.);
#2765=EDGE_CURVE('',#2242,#2243,#1009,.T.);
#2766=EDGE_CURVE('',#2243,#2242,#1010,.T.);
#2767=EDGE_CURVE('',#2244,#2199,#1336,.T.);
#2768=EDGE_CURVE('',#2245,#2244,#1337,.T.);
#2769=EDGE_CURVE('',#2246,#2245,#1338,.T.);
#2770=EDGE_CURVE('',#2247,#2246,#1339,.T.);
#2771=EDGE_CURVE('',#2248,#2247,#1340,.T.);
#2772=EDGE_CURVE('',#2172,#2248,#1341,.T.);
#2773=EDGE_CURVE('',#2249,#2171,#1011,.T.);
#2774=EDGE_CURVE('',#2250,#2249,#1342,.T.);
#2775=EDGE_CURVE('',#2251,#2250,#1012,.T.);
#2776=EDGE_CURVE('',#2252,#2251,#1343,.T.);
#2777=EDGE_CURVE('',#2170,#2252,#1013,.T.);
#2778=EDGE_CURVE('',#2253,#2175,#1014,.T.);
#2779=EDGE_CURVE('',#2254,#2253,#1344,.T.);
#2780=EDGE_CURVE('',#2255,#2254,#1015,.T.);
#2781=EDGE_CURVE('',#2256,#2255,#1345,.T.);
#2782=EDGE_CURVE('',#2174,#2256,#1016,.T.);
#2783=EDGE_CURVE('',#2257,#2258,#1017,.T.);
#2784=EDGE_CURVE('',#2259,#2257,#1346,.T.);
#2785=EDGE_CURVE('',#2260,#2259,#1018,.T.);
#2786=EDGE_CURVE('',#2258,#2260,#1347,.T.);
#2787=EDGE_CURVE('',#2261,#2262,#1019,.T.);
#2788=EDGE_CURVE('',#2263,#2261,#1348,.T.);
#2789=EDGE_CURVE('',#2264,#2263,#1020,.T.);
#2790=EDGE_CURVE('',#2262,#2264,#1349,.T.);
#2791=EDGE_CURVE('',#2265,#2266,#1021,.T.);
#2792=EDGE_CURVE('',#2267,#2265,#1350,.T.);
#2793=EDGE_CURVE('',#2268,#2267,#1022,.T.);
#2794=EDGE_CURVE('',#2266,#2268,#1351,.T.);
#2795=EDGE_CURVE('',#2269,#2269,#1023,.T.);
#2796=EDGE_CURVE('',#2269,#2243,#1352,.T.);
#2797=EDGE_CURVE('',#2256,#2270,#1024,.T.);
#2798=EDGE_CURVE('',#2270,#2271,#1025,.T.);
#2799=EDGE_CURVE('',#2271,#2253,#1026,.T.);
#2800=EDGE_CURVE('',#2272,#2254,#1027,.T.);
#2801=EDGE_CURVE('',#2271,#2272,#1353,.T.);
#2802=EDGE_CURVE('',#2273,#2255,#1028,.T.);
#2803=EDGE_CURVE('',#2272,#2273,#1029,.T.);
#2804=EDGE_CURVE('',#2273,#2270,#1354,.T.);
#2805=EDGE_CURVE('',#2274,#2271,#1355,.T.);
#2806=EDGE_CURVE('',#2274,#2275,#1356,.T.);
#2807=EDGE_CURVE('',#2275,#2272,#1357,.T.);
#2808=EDGE_CURVE('',#2276,#2270,#1358,.T.);
#2809=EDGE_CURVE('',#2276,#2274,#1030,.T.);
#2810=EDGE_CURVE('',#2252,#2277,#1031,.T.);
#2811=EDGE_CURVE('',#2277,#2278,#1032,.T.);
#2812=EDGE_CURVE('',#2278,#2249,#1033,.T.);
#2813=EDGE_CURVE('',#2279,#2250,#1034,.T.);
#2814=EDGE_CURVE('',#2278,#2279,#1359,.T.);
#2815=EDGE_CURVE('',#2280,#2251,#1035,.T.);
#2816=EDGE_CURVE('',#2279,#2280,#1036,.T.);
#2817=EDGE_CURVE('',#2280,#2277,#1360,.T.);
#2818=EDGE_CURVE('',#2281,#2278,#1361,.T.);
#2819=EDGE_CURVE('',#2281,#2282,#1362,.T.);
#2820=EDGE_CURVE('',#2282,#2279,#1363,.T.);
#2821=EDGE_CURVE('',#2283,#2277,#1364,.T.);
#2822=EDGE_CURVE('',#2283,#2281,#1037,.T.);
#2823=EDGE_CURVE('',#2258,#2284,#1038,.T.);
#2824=EDGE_CURVE('',#2284,#2285,#1039,.T.);
#2825=EDGE_CURVE('',#2285,#2257,#1040,.T.);
#2826=EDGE_CURVE('',#2286,#2259,#1041,.T.);
#2827=EDGE_CURVE('',#2285,#2286,#1365,.T.);
#2828=EDGE_CURVE('',#2287,#2260,#1042,.T.);
#2829=EDGE_CURVE('',#2286,#2287,#1043,.T.);
#2830=EDGE_CURVE('',#2287,#2284,#1366,.T.);
#2831=EDGE_CURVE('',#2288,#2285,#1367,.T.);
#2832=EDGE_CURVE('',#2288,#2289,#1368,.T.);
#2833=EDGE_CURVE('',#2289,#2286,#1369,.T.);
#2834=EDGE_CURVE('',#2290,#2284,#1370,.T.);
#2835=EDGE_CURVE('',#2290,#2288,#1044,.T.);
#2836=EDGE_CURVE('',#2266,#2291,#1045,.T.);
#2837=EDGE_CURVE('',#2291,#2292,#1046,.T.);
#2838=EDGE_CURVE('',#2292,#2265,#1047,.T.);
#2839=EDGE_CURVE('',#2293,#2267,#1048,.T.);
#2840=EDGE_CURVE('',#2292,#2293,#1371,.T.);
#2841=EDGE_CURVE('',#2294,#2268,#1049,.T.);
#2842=EDGE_CURVE('',#2293,#2294,#1050,.T.);
#2843=EDGE_CURVE('',#2294,#2291,#1372,.T.);
#2844=EDGE_CURVE('',#2295,#2292,#1373,.T.);
#2845=EDGE_CURVE('',#2295,#2296,#1374,.T.);
#2846=EDGE_CURVE('',#2296,#2293,#1375,.T.);
#2847=EDGE_CURVE('',#2297,#2291,#1376,.T.);
#2848=EDGE_CURVE('',#2297,#2295,#1051,.T.);
#2849=EDGE_CURVE('',#2262,#2298,#1052,.T.);
#2850=EDGE_CURVE('',#2298,#2299,#1053,.T.);
#2851=EDGE_CURVE('',#2299,#2261,#1054,.T.);
#2852=EDGE_CURVE('',#2300,#2263,#1055,.T.);
#2853=EDGE_CURVE('',#2299,#2300,#1377,.T.);
#2854=EDGE_CURVE('',#2301,#2264,#1056,.T.);
#2855=EDGE_CURVE('',#2300,#2301,#1057,.T.);
#2856=EDGE_CURVE('',#2301,#2298,#1378,.T.);
#2857=EDGE_CURVE('',#2299,#2302,#1379,.T.);
#2858=EDGE_CURVE('',#2303,#2302,#1380,.T.);
#2859=EDGE_CURVE('',#2300,#2303,#1381,.T.);
#2860=EDGE_CURVE('',#2298,#2304,#1382,.T.);
#2861=EDGE_CURVE('',#2302,#2304,#1058,.T.);
#2862=EDGE_CURVE('',#2305,#2306,#1059,.T.);
#2863=EDGE_CURVE('',#2306,#2307,#1383,.T.);
#2864=EDGE_CURVE('',#2307,#2308,#1060,.T.);
#2865=EDGE_CURVE('',#2308,#2305,#1384,.T.);
#2866=EDGE_CURVE('',#2309,#2310,#198,.T.);
#2867=EDGE_CURVE('',#2309,#2306,#1061,.T.);
#2868=EDGE_CURVE('',#2305,#2075,#1062,.T.);
#2869=EDGE_CURVE('',#2075,#2311,#1063,.T.);
#2870=EDGE_CURVE('',#2310,#2311,#1064,.T.);
#2871=EDGE_CURVE('',#2311,#2197,#1385,.T.);
#2872=EDGE_CURVE('',#2312,#2117,#1386,.T.);
#2873=EDGE_CURVE('',#2313,#2312,#1387,.T.);
#2874=EDGE_CURVE('',#2314,#2313,#1065,.T.);
#2875=EDGE_CURVE('',#2315,#2314,#1388,.T.);
#2876=EDGE_CURVE('',#2316,#2315,#1389,.T.);
#2877=EDGE_CURVE('',#2307,#2316,#1390,.T.);
#2878=EDGE_CURVE('',#2309,#2317,#1391,.T.);
#2879=EDGE_CURVE('',#2317,#2115,#1392,.T.);
#2880=EDGE_CURVE('',#2228,#2318,#1066,.T.);
#2881=EDGE_CURVE('',#2318,#2318,#1067,.T.);
#2882=EDGE_CURVE('',#2318,#2319,#1393,.T.);
#2883=EDGE_CURVE('',#2319,#2319,#1068,.T.);
#2884=EDGE_CURVE('',#2320,#2321,#1069,.T.);
#2885=EDGE_CURVE('',#2321,#2322,#1070,.T.);
#2886=EDGE_CURVE('',#2322,#2320,#1071,.T.);
#2887=EDGE_CURVE('',#2323,#2324,#1072,.T.);
#2888=EDGE_CURVE('',#2324,#2321,#1394,.T.);
#2889=EDGE_CURVE('',#2320,#2323,#1395,.T.);
#2890=EDGE_CURVE('',#2226,#2324,#1073,.T.);
#2891=EDGE_CURVE('',#2323,#2325,#1074,.T.);
#2892=EDGE_CURVE('',#2325,#2227,#199,.F.);
#2893=EDGE_CURVE('',#2326,#2320,#1396,.T.);
#2894=EDGE_CURVE('',#2327,#2326,#1397,.T.);
#2895=EDGE_CURVE('',#2328,#2327,#1398,.T.);
#2896=EDGE_CURVE('',#2329,#2328,#1075,.T.);
#2897=EDGE_CURVE('',#2329,#2325,#1399,.T.);
#2898=EDGE_CURVE('',#2322,#2330,#1400,.T.);
#2899=EDGE_CURVE('',#2330,#2326,#1076,.F.);
#2900=EDGE_CURVE('',#2321,#2331,#1401,.T.);
#2901=EDGE_CURVE('',#2331,#2332,#1077,.F.);
#2902=EDGE_CURVE('',#2332,#2322,#1402,.T.);
#2903=EDGE_CURVE('',#2333,#2334,#1078,.F.);
#2904=EDGE_CURVE('',#2335,#2333,#1079,.F.);
#2905=EDGE_CURVE('',#2334,#2335,#1080,.F.);
#2906=EDGE_CURVE('',#2216,#2336,#1081,.F.);
#2907=EDGE_CURVE('',#2337,#2216,#1082,.F.);
#2908=EDGE_CURVE('',#2336,#2337,#1083,.F.);
#2909=EDGE_CURVE('',#2338,#2339,#1084,.T.);
#2910=EDGE_CURVE('',#2340,#2338,#1085,.F.);
#2911=EDGE_CURVE('',#2341,#2340,#1086,.T.);
#2912=EDGE_CURVE('',#2341,#2339,#1087,.T.);
#2913=EDGE_CURVE('',#2338,#2336,#1403,.T.);
#2914=EDGE_CURVE('',#2337,#2340,#1404,.T.);
#2915=EDGE_CURVE('',#2327,#2214,#1088,.T.);
#2916=EDGE_CURVE('',#2342,#2327,#1089,.F.);
#2917=EDGE_CURVE('',#2215,#2342,#1090,.T.);
#2918=EDGE_CURVE('',#2213,#2328,#1091,.T.);
#2919=EDGE_CURVE('',#2329,#2343,#200,.T.);
#2920=EDGE_CURVE('',#2213,#2344,#1092,.T.);
#2921=EDGE_CURVE('',#2345,#2344,#201,.T.);
#2922=EDGE_CURVE('',#2343,#2345,#1093,.T.);
#2923=EDGE_CURVE('',#2346,#2347,#1094,.F.);
#2924=EDGE_CURVE('',#2348,#2346,#1095,.F.);
#2925=EDGE_CURVE('',#2347,#2348,#1096,.F.);
#2926=EDGE_CURVE('',#2349,#2217,#1097,.T.);
#2927=EDGE_CURVE('',#2350,#2349,#1098,.F.);
#2928=EDGE_CURVE('',#2218,#2350,#1099,.T.);
#2929=EDGE_CURVE('',#2336,#2349,#1405,.T.);
#2930=EDGE_CURVE('',#2333,#2350,#1406,.T.);
#2931=EDGE_CURVE('',#2349,#2335,#1407,.T.);
#2932=EDGE_CURVE('',#2351,#2330,#1100,.F.);
#2933=EDGE_CURVE('',#2326,#2351,#1101,.F.);
#2934=EDGE_CURVE('',#2351,#2342,#1408,.T.);
#2935=EDGE_CURVE('',#2352,#2353,#1102,.T.);
#2936=EDGE_CURVE('',#2354,#2352,#1103,.F.);
#2937=EDGE_CURVE('',#2355,#2354,#1104,.T.);
#2938=EDGE_CURVE('',#2355,#2353,#1105,.T.);
#2939=EDGE_CURVE('',#2356,#2219,#1106,.T.);
#2940=EDGE_CURVE('',#2357,#2356,#1107,.F.);
#2941=EDGE_CURVE('',#2220,#2357,#1108,.T.);
#2942=EDGE_CURVE('',#2350,#2356,#1409,.T.);
#2943=EDGE_CURVE('',#2346,#2357,#1410,.T.);
#2944=EDGE_CURVE('',#2356,#2348,#1411,.T.);
#2945=EDGE_CURVE('',#2358,#2359,#1109,.F.);
#2946=EDGE_CURVE('',#2360,#2358,#1110,.F.);
#2947=EDGE_CURVE('',#2359,#2360,#1111,.F.);
#2948=EDGE_CURVE('',#2361,#2362,#1112,.F.);
#2949=EDGE_CURVE('',#2221,#2361,#1113,.F.);
#2950=EDGE_CURVE('',#2362,#2221,#1114,.F.);
#2951=EDGE_CURVE('',#2363,#2331,#1115,.F.);
#2952=EDGE_CURVE('',#2332,#2363,#1116,.F.);
#2953=EDGE_CURVE('',#2364,#2222,#1117,.T.);
#2954=EDGE_CURVE('',#2365,#2364,#1118,.F.);
#2955=EDGE_CURVE('',#2223,#2365,#1119,.T.);
#2956=EDGE_CURVE('',#2361,#2364,#1412,.T.);
#2957=EDGE_CURVE('',#2358,#2365,#1413,.T.);
#2958=EDGE_CURVE('',#2364,#2360,#1414,.T.);
#2959=EDGE_CURVE('',#2366,#2224,#1120,.T.);
#2960=EDGE_CURVE('',#2367,#2366,#1121,.F.);
#2961=EDGE_CURVE('',#2225,#2367,#1122,.T.);
#2962=EDGE_CURVE('',#2365,#2366,#1415,.T.);
#2963=EDGE_CURVE('',#2331,#2367,#1416,.T.);
#2964=EDGE_CURVE('',#2366,#2363,#1417,.T.);
#2965=EDGE_CURVE('',#2367,#2324,#1418,.T.);
#2966=EDGE_CURVE('',#2359,#2332,#1419,.T.);
#2967=EDGE_CURVE('',#2363,#2358,#1420,.T.);
#2968=EDGE_CURVE('',#2357,#2362,#1421,.T.);
#2969=EDGE_CURVE('',#2352,#2361,#1422,.T.);
#2970=EDGE_CURVE('',#2362,#2354,#1423,.T.);
#2971=EDGE_CURVE('',#2353,#2359,#1424,.T.);
#2972=EDGE_CURVE('',#2360,#2352,#1425,.T.);
#2973=EDGE_CURVE('',#2347,#2355,#1426,.T.);
#2974=EDGE_CURVE('',#2354,#2346,#1427,.T.);
#2975=EDGE_CURVE('',#2330,#2341,#1428,.T.);
#2976=EDGE_CURVE('',#2340,#2351,#1429,.T.);
#2977=EDGE_CURVE('',#2334,#2347,#1430,.T.);
#2978=EDGE_CURVE('',#2348,#2333,#1431,.T.);
#2979=EDGE_CURVE('',#2342,#2337,#1432,.T.);
#2980=EDGE_CURVE('',#2339,#2334,#1433,.T.);
#2981=EDGE_CURVE('',#2335,#2338,#1434,.T.);
#2982=EDGE_CURVE('',#2368,#2369,#1435,.T.);
#2983=EDGE_CURVE('',#2369,#2370,#1436,.T.);
#2984=EDGE_CURVE('',#2370,#2371,#1437,.T.);
#2985=EDGE_CURVE('',#2371,#2372,#1438,.T.);
#2986=EDGE_CURVE('',#2372,#2373,#1439,.T.);
#2987=EDGE_CURVE('',#2373,#2374,#1440,.T.);
#2988=EDGE_CURVE('',#2374,#2375,#1441,.T.);
#2989=EDGE_CURVE('',#2375,#2368,#1442,.T.);
#2990=EDGE_CURVE('',#2230,#2302,#1123,.T.);
#2991=EDGE_CURVE('',#2304,#2229,#1124,.T.);
#2992=EDGE_CURVE('',#2376,#2231,#1125,.T.);
#2993=EDGE_CURVE('',#2304,#2376,#1443,.T.);
#2994=EDGE_CURVE('',#2303,#2232,#1126,.T.);
#2995=EDGE_CURVE('',#2376,#2303,#1127,.T.);
#2996=EDGE_CURVE('',#2301,#2376,#1444,.T.);
#2997=EDGE_CURVE('',#2377,#2378,#1445,.T.);
#2998=EDGE_CURVE('',#2378,#2245,#2063,.T.);
#2999=EDGE_CURVE('',#2244,#2377,#2064,.T.);
#3000=EDGE_CURVE('',#2378,#2379,#1446,.T.);
#3001=EDGE_CURVE('',#2379,#2246,#2065,.T.);
#3002=EDGE_CURVE('',#2247,#2380,#2066,.T.);
#3003=EDGE_CURVE('',#2380,#2381,#1447,.T.);
#3004=EDGE_CURVE('',#2381,#2248,#2067,.T.);
#3005=EDGE_CURVE('',#2379,#2380,#1448,.T.);
#3006=EDGE_CURVE('',#2381,#2173,#1449,.T.);
#3007=EDGE_CURVE('',#2198,#2377,#1450,.T.);
#3008=EDGE_CURVE('',#2382,#2173,#1451,.T.);
#3009=EDGE_CURVE('',#2383,#2382,#1452,.T.);
#3010=EDGE_CURVE('',#2384,#2383,#1453,.T.);
#3011=EDGE_CURVE('',#2385,#2384,#1128,.T.);
#3012=EDGE_CURVE('',#2386,#2385,#1454,.T.);
#3013=EDGE_CURVE('',#2121,#2386,#1455,.T.);
#3014=EDGE_CURVE('',#2387,#2388,#1129,.F.);
#3015=EDGE_CURVE('',#2386,#2387,#1130,.F.);
#3016=EDGE_CURVE('',#2388,#2386,#1131,.F.);
#3017=EDGE_CURVE('',#2387,#2122,#1456,.T.);
#3018=EDGE_CURVE('',#2389,#2312,#1132,.F.);
#3019=EDGE_CURVE('',#2390,#2389,#1133,.F.);
#3020=EDGE_CURVE('',#2312,#2390,#1134,.F.);
#3021=EDGE_CURVE('',#2388,#2390,#1457,.T.);
#3022=EDGE_CURVE('',#2389,#2387,#1458,.T.);
#3023=EDGE_CURVE('',#2391,#2384,#1135,.T.);
#3024=EDGE_CURVE('',#2392,#2391,#1136,.F.);
#3025=EDGE_CURVE('',#2385,#2392,#1137,.T.);
#3026=EDGE_CURVE('',#2383,#2393,#1138,.F.);
#3027=EDGE_CURVE('',#2394,#2383,#1139,.F.);
#3028=EDGE_CURVE('',#2393,#2394,#1140,.F.);
#3029=EDGE_CURVE('',#2382,#2395,#1141,.T.);
#3030=EDGE_CURVE('',#2395,#2394,#1459,.T.);
#3031=EDGE_CURVE('',#2396,#2313,#1142,.T.);
#3032=EDGE_CURVE('',#2397,#2396,#1143,.F.);
#3033=EDGE_CURVE('',#2314,#2397,#1144,.T.);
#3034=EDGE_CURVE('',#2391,#2397,#1460,.T.);
#3035=EDGE_CURVE('',#2396,#2392,#1461,.T.);
#3036=EDGE_CURVE('',#2315,#2398,#1145,.F.);
#3037=EDGE_CURVE('',#2399,#2315,#1146,.F.);
#3038=EDGE_CURVE('',#2398,#2399,#1147,.F.);
#3039=EDGE_CURVE('',#2397,#2399,#1462,.T.);
#3040=EDGE_CURVE('',#2399,#2393,#1463,.T.);
#3041=EDGE_CURVE('',#2394,#2398,#1464,.T.);
#3042=EDGE_CURVE('',#2400,#2316,#1148,.T.);
#3043=EDGE_CURVE('',#2398,#2400,#1465,.T.);
#3044=EDGE_CURVE('',#2390,#2396,#1466,.T.);
#3045=EDGE_CURVE('',#2393,#2391,#1467,.T.);
#3046=EDGE_CURVE('',#2392,#2388,#1468,.T.);
#3047=EDGE_CURVE('',#2116,#2401,#1149,.F.);
#3048=EDGE_CURVE('',#2401,#2389,#1469,.T.);
#3049=EDGE_CURVE('',#2401,#2122,#1470,.T.);
#3050=EDGE_CURVE('',#2402,#2403,#1150,.T.);
#3051=EDGE_CURVE('',#2403,#2404,#1471,.T.);
#3052=EDGE_CURVE('',#2404,#2405,#1151,.T.);
#3053=EDGE_CURVE('',#2405,#2402,#1472,.T.);
#3054=EDGE_CURVE('',#2406,#2407,#1152,.T.);
#3055=EDGE_CURVE('',#2407,#2408,#1473,.T.);
#3056=EDGE_CURVE('',#2408,#2409,#1153,.T.);
#3057=EDGE_CURVE('',#2409,#2406,#1474,.T.);
#3058=EDGE_CURVE('',#2410,#2076,#1154,.T.);
#3059=EDGE_CURVE('',#2210,#2410,#1155,.F.);
#3060=EDGE_CURVE('',#2305,#2410,#1475,.T.);
#3061=EDGE_CURVE('',#2411,#2412,#1156,.T.);
#3062=EDGE_CURVE('',#2412,#2210,#1476,.T.);
#3063=EDGE_CURVE('',#2410,#2411,#1477,.T.);
#3064=EDGE_CURVE('',#2377,#2413,#1478,.T.);
#3065=EDGE_CURVE('',#2413,#2414,#1479,.T.);
#3066=EDGE_CURVE('',#2414,#2415,#1480,.T.);
#3067=EDGE_CURVE('',#2415,#2416,#1481,.T.);
#3068=EDGE_CURVE('',#2416,#2417,#1482,.T.);
#3069=EDGE_CURVE('',#2417,#2418,#1483,.T.);
#3070=EDGE_CURVE('',#2418,#2419,#1484,.T.);
#3071=EDGE_CURVE('',#2419,#2420,#1485,.T.);
#3072=EDGE_CURVE('',#2420,#2421,#1486,.T.);
#3073=EDGE_CURVE('',#2421,#2422,#1487,.T.);
#3074=EDGE_CURVE('',#2422,#2208,#1488,.T.);
#3075=EDGE_CURVE('',#2209,#2412,#1489,.T.);
#3076=EDGE_CURVE('',#2411,#2308,#1490,.T.);
#3077=EDGE_CURVE('',#2400,#2395,#1491,.T.);
#3078=EDGE_CURVE('',#2381,#2423,#1492,.T.);
#3079=EDGE_CURVE('',#2423,#2424,#1493,.T.);
#3080=EDGE_CURVE('',#2424,#2378,#1494,.T.);
#3081=EDGE_CURVE('',#2425,#2426,#1495,.T.);
#3082=EDGE_CURVE('',#2426,#2427,#1496,.T.);
#3083=EDGE_CURVE('',#2427,#2428,#1497,.T.);
#3084=EDGE_CURVE('',#2428,#2425,#1498,.T.);
#3085=EDGE_CURVE('',#2429,#2429,#1157,.T.);
#3086=EDGE_CURVE('',#2430,#2430,#1158,.T.);
#3087=EDGE_CURVE('',#2431,#2432,#1499,.T.);
#3088=EDGE_CURVE('',#2432,#2433,#1500,.T.);
#3089=EDGE_CURVE('',#2433,#2434,#1501,.T.);
#3090=EDGE_CURVE('',#2434,#2435,#1502,.T.);
#3091=EDGE_CURVE('',#2435,#2431,#1159,.T.);
#3092=EDGE_CURVE('',#2436,#2436,#1160,.T.);
#3093=EDGE_CURVE('',#2437,#2437,#1161,.T.);
#3094=EDGE_CURVE('',#2438,#2438,#1162,.T.);
#3095=EDGE_CURVE('',#2439,#2439,#1163,.T.);
#3096=EDGE_CURVE('',#2074,#2344,#1503,.T.);
#3097=EDGE_CURVE('',#2343,#2212,#1504,.T.);
#3098=EDGE_CURVE('',#2212,#2440,#1505,.T.);
#3099=EDGE_CURVE('',#2441,#2440,#1506,.T.);
#3100=EDGE_CURVE('',#2441,#2442,#1507,.T.);
#3101=EDGE_CURVE('',#2442,#2083,#1508,.T.);
#3102=EDGE_CURVE('',#2443,#2345,#1509,.T.);
#3103=EDGE_CURVE('',#2440,#2443,#1510,.T.);
#3104=EDGE_CURVE('',#2415,#2084,#1511,.T.);
#3105=EDGE_CURVE('',#2414,#2443,#1512,.T.);
#3106=EDGE_CURVE('',#2296,#2444,#1164,.T.);
#3107=EDGE_CURVE('',#2444,#2294,#1513,.T.);
#3108=EDGE_CURVE('',#2444,#2297,#1514,.T.);
#3109=EDGE_CURVE('',#2289,#2445,#1165,.T.);
#3110=EDGE_CURVE('',#2445,#2287,#1515,.T.);
#3111=EDGE_CURVE('',#2445,#2290,#1516,.T.);
#3112=EDGE_CURVE('',#2282,#2446,#1166,.T.);
#3113=EDGE_CURVE('',#2446,#2280,#1517,.T.);
#3114=EDGE_CURVE('',#2446,#2283,#1518,.T.);
#3115=EDGE_CURVE('',#2275,#2447,#1167,.T.);
#3116=EDGE_CURVE('',#2447,#2273,#1519,.T.);
#3117=EDGE_CURVE('',#2447,#2276,#1520,.T.);
#3118=EDGE_CURVE('',#2439,#2448,#1521,.T.);
#3119=EDGE_CURVE('',#2448,#2448,#1168,.T.);
#3120=EDGE_CURVE('',#2438,#2449,#1522,.T.);
#3121=EDGE_CURVE('',#2449,#2449,#1169,.T.);
#3122=EDGE_CURVE('',#2437,#2450,#1523,.T.);
#3123=EDGE_CURVE('',#2450,#2450,#1170,.T.);
#3124=EDGE_CURVE('',#2451,#2452,#1524,.T.);
#3125=EDGE_CURVE('',#2453,#2451,#1525,.T.);
#3126=EDGE_CURVE('',#2454,#2453,#1526,.T.);
#3127=EDGE_CURVE('',#2455,#2454,#1527,.T.);
#3128=EDGE_CURVE('',#2456,#2455,#1528,.T.);
#3129=EDGE_CURVE('',#2457,#2456,#1529,.T.);
#3130=EDGE_CURVE('',#2458,#2457,#1530,.T.);
#3131=EDGE_CURVE('',#2452,#2458,#1531,.T.);
#3132=EDGE_CURVE('',#2452,#2368,#1532,.T.);
#3133=EDGE_CURVE('',#2375,#2451,#1533,.T.);
#3134=EDGE_CURVE('',#2374,#2453,#1534,.T.);
#3135=EDGE_CURVE('',#2373,#2454,#1535,.T.);
#3136=EDGE_CURVE('',#2372,#2455,#1536,.T.);
#3137=EDGE_CURVE('',#2371,#2456,#1537,.T.);
#3138=EDGE_CURVE('',#2370,#2457,#1538,.T.);
#3139=EDGE_CURVE('',#2369,#2458,#1539,.T.);
#3140=EDGE_CURVE('',#2109,#2459,#1540,.T.);
#3141=EDGE_CURVE('',#2459,#2460,#1541,.T.);
#3142=EDGE_CURVE('',#2110,#2460,#1542,.T.);
#3143=EDGE_CURVE('',#2108,#2461,#1543,.T.);
#3144=EDGE_CURVE('',#2461,#2459,#1171,.T.);
#3145=EDGE_CURVE('',#2462,#2107,#1544,.T.);
#3146=EDGE_CURVE('',#2462,#2461,#1545,.T.);
#3147=EDGE_CURVE('',#2100,#2463,#1546,.T.);
#3148=EDGE_CURVE('',#2463,#2464,#1547,.T.);
#3149=EDGE_CURVE('',#2101,#2464,#1548,.T.);
#3150=EDGE_CURVE('',#2460,#2463,#1172,.T.);
#3151=EDGE_CURVE('',#2464,#2462,#1549,.T.);
#3152=EDGE_CURVE('',#2465,#2106,#1550,.T.);
#3153=EDGE_CURVE('',#2466,#2465,#1551,.T.);
#3154=EDGE_CURVE('',#2467,#2466,#19,.T.);
#3155=EDGE_CURVE('',#2468,#2467,#1552,.T.);
#3156=EDGE_CURVE('',#2469,#2468,#1553,.T.);
#3157=EDGE_CURVE('',#2435,#2469,#1554,.T.);
#3158=EDGE_CURVE('',#2434,#2102,#1555,.T.);
#3159=EDGE_CURVE('',#2092,#2470,#1556,.T.);
#3160=EDGE_CURVE('',#2470,#2471,#1557,.T.);
#3161=EDGE_CURVE('',#2093,#2471,#1558,.T.);
#3162=EDGE_CURVE('',#2099,#2472,#1559,.T.);
#3163=EDGE_CURVE('',#2472,#2470,#1173,.T.);
#3164=EDGE_CURVE('',#2098,#2473,#1560,.T.);
#3165=EDGE_CURVE('',#2473,#2472,#1561,.T.);
#3166=EDGE_CURVE('',#2097,#2474,#1562,.T.);
#3167=EDGE_CURVE('',#2474,#2473,#1174,.T.);
#3168=EDGE_CURVE('',#2096,#2475,#1563,.T.);
#3169=EDGE_CURVE('',#2475,#2474,#1564,.T.);
#3170=EDGE_CURVE('',#2095,#2476,#1565,.T.);
#3171=EDGE_CURVE('',#2476,#2475,#1175,.T.);
#3172=EDGE_CURVE('',#2094,#2477,#1566,.T.);
#3173=EDGE_CURVE('',#2477,#2476,#1567,.T.);
#3174=EDGE_CURVE('',#2471,#2477,#1176,.T.);
#3175=EDGE_CURVE('',#2238,#2478,#1568,.T.);
#3176=EDGE_CURVE('',#2479,#2478,#1569,.T.);
#3177=EDGE_CURVE('',#2239,#2479,#1570,.T.);
#3178=EDGE_CURVE('',#2480,#2479,#1177,.T.);
#3179=EDGE_CURVE('',#2240,#2480,#1571,.T.);
#3180=EDGE_CURVE('',#2481,#2480,#1572,.T.);
#3181=EDGE_CURVE('',#2237,#2481,#1573,.T.);
#3182=EDGE_CURVE('',#2478,#2481,#1178,.T.);
#3183=EDGE_CURVE('',#2407,#2482,#1574,.T.);
#3184=EDGE_CURVE('',#2483,#2482,#1575,.T.);
#3185=EDGE_CURVE('',#2408,#2483,#1576,.T.);
#3186=EDGE_CURVE('',#2484,#2483,#1179,.T.);
#3187=EDGE_CURVE('',#2409,#2484,#1577,.T.);
#3188=EDGE_CURVE('',#2485,#2484,#1578,.T.);
#3189=EDGE_CURVE('',#2406,#2485,#1579,.T.);
#3190=EDGE_CURVE('',#2482,#2485,#1180,.T.);
#3191=EDGE_CURVE('',#2234,#2486,#1580,.T.);
#3192=EDGE_CURVE('',#2487,#2486,#1181,.T.);
#3193=EDGE_CURVE('',#2235,#2487,#1581,.T.);
#3194=EDGE_CURVE('',#2488,#2487,#1582,.T.);
#3195=EDGE_CURVE('',#2236,#2488,#1583,.T.);
#3196=EDGE_CURVE('',#2489,#2488,#1182,.T.);
#3197=EDGE_CURVE('',#2233,#2489,#1584,.T.);
#3198=EDGE_CURVE('',#2486,#2489,#1585,.T.);
#3199=EDGE_CURVE('',#2403,#2490,#1586,.T.);
#3200=EDGE_CURVE('',#2491,#2490,#1587,.T.);
#3201=EDGE_CURVE('',#2404,#2491,#1588,.T.);
#3202=EDGE_CURVE('',#2492,#2491,#1183,.T.);
#3203=EDGE_CURVE('',#2405,#2492,#1589,.T.);
#3204=EDGE_CURVE('',#2493,#2492,#1590,.T.);
#3205=EDGE_CURVE('',#2402,#2493,#1591,.T.);
#3206=EDGE_CURVE('',#2490,#2493,#1184,.T.);
#3207=EDGE_CURVE('',#2468,#2494,#1592,.T.);
#3208=EDGE_CURVE('',#2495,#2467,#20,.T.);
#3209=EDGE_CURVE('',#2496,#2495,#1593,.T.);
#3210=EDGE_CURVE('',#2105,#2496,#1594,.T.);
#3211=EDGE_CURVE('',#2432,#2104,#1595,.T.);
#3212=EDGE_CURVE('',#2494,#2431,#1596,.T.);
#3213=EDGE_CURVE('',#2433,#2103,#1597,.T.);
#3214=EDGE_CURVE('',#2426,#2085,#1598,.T.);
#3215=EDGE_CURVE('',#2425,#2086,#1599,.T.);
#3216=EDGE_CURVE('',#2428,#2087,#1600,.T.);
#3217=EDGE_CURVE('',#2427,#2088,#1601,.T.);
#3218=EDGE_CURVE('',#2469,#2494,#1185,.T.);
#3219=EDGE_CURVE('',#2442,#2416,#1602,.T.);
#3220=EDGE_CURVE('',#2413,#2441,#1603,.T.);
#3221=EDGE_CURVE('',#2413,#2416,#1604,.T.);
#3222=EDGE_CURVE('',#2497,#2497,#1186,.T.);
#3223=EDGE_CURVE('',#2497,#2498,#1605,.T.);
#3224=EDGE_CURVE('',#2498,#2498,#1187,.T.);
#3225=EDGE_CURVE('',#2499,#2499,#1188,.T.);
#3226=EDGE_CURVE('',#2499,#2500,#1606,.T.);
#3227=EDGE_CURVE('',#2500,#2495,#1189,.T.);
#3228=EDGE_CURVE('',#2466,#2500,#1190,.T.);
#3229=EDGE_CURVE('',#2465,#2496,#1191,.T.);
#3230=EDGE_CURVE('',#2501,#2501,#1192,.T.);
#3231=EDGE_CURVE('',#2501,#2499,#1607,.T.);
#3232=EDGE_CURVE('',#2502,#2502,#1193,.T.);
#3233=EDGE_CURVE('',#2502,#2503,#1608,.T.);
#3234=EDGE_CURVE('',#2503,#2503,#1194,.T.);
#3235=EDGE_CURVE('',#2504,#2504,#1195,.T.);
#3236=EDGE_CURVE('',#2505,#2505,#1196,.T.);
#3237=EDGE_CURVE('',#2505,#2502,#1609,.T.);
#3238=EDGE_CURVE('',#2506,#2506,#1197,.T.);
#3239=EDGE_CURVE('',#2506,#2507,#1610,.T.);
#3240=EDGE_CURVE('',#2507,#2507,#1198,.T.);
#3241=EDGE_CURVE('',#2508,#2508,#1199,.T.);
#3242=EDGE_CURVE('',#2509,#2509,#1200,.T.);
#3243=EDGE_CURVE('',#2509,#2506,#1611,.T.);
#3244=EDGE_CURVE('',#2510,#2510,#1201,.T.);
#3245=EDGE_CURVE('',#2510,#2511,#1612,.T.);
#3246=EDGE_CURVE('',#2511,#2511,#1202,.T.);
#3247=EDGE_CURVE('',#2512,#2512,#1203,.T.);
#3248=EDGE_CURVE('',#2513,#2513,#1204,.T.);
#3249=EDGE_CURVE('',#2513,#2510,#1613,.T.);
#3250=EDGE_CURVE('',#2417,#2206,#1614,.T.);
#3251=EDGE_CURVE('',#2418,#2205,#1615,.T.);
#3252=EDGE_CURVE('',#2419,#2204,#1616,.T.);
#3253=EDGE_CURVE('',#2420,#2203,#1617,.T.);
#3254=EDGE_CURVE('',#2421,#2202,#1618,.T.);
#3255=EDGE_CURVE('',#2422,#2201,#1619,.T.);
#3256=EDGE_CURVE('',#2504,#2089,#1620,.T.);
#3257=EDGE_CURVE('',#2512,#2090,#1621,.T.);
#3258=EDGE_CURVE('',#2508,#2091,#1622,.T.);
#3259=EDGE_CURVE('',#2436,#2514,#1623,.T.);
#3260=EDGE_CURVE('',#2514,#2514,#1205,.T.);
#3261=EDGE_CURVE('',#2430,#2515,#1624,.T.);
#3262=EDGE_CURVE('',#2515,#2515,#1206,.T.);
#3263=EDGE_CURVE('',#2429,#2516,#1625,.T.);
#3264=EDGE_CURVE('',#2516,#2516,#1207,.T.);
#3265=EDGE_CURVE('',#2423,#2517,#1626,.T.);
#3266=EDGE_CURVE('',#2517,#2518,#1627,.T.);
#3267=EDGE_CURVE('',#2424,#2518,#1628,.T.);
#3268=EDGE_CURVE('',#2380,#2517,#1629,.T.);
#3269=EDGE_CURVE('',#2518,#2379,#1630,.T.);
#3270=ORIENTED_EDGE('',*,*,#2519,.F.);
#3271=ORIENTED_EDGE('',*,*,#2520,.T.);
#3272=ORIENTED_EDGE('',*,*,#2521,.T.);
#3273=ORIENTED_EDGE('',*,*,#2522,.T.);
#3274=ORIENTED_EDGE('',*,*,#2523,.F.);
#3275=ORIENTED_EDGE('',*,*,#2524,.T.);
#3276=ORIENTED_EDGE('',*,*,#2525,.T.);
#3277=ORIENTED_EDGE('',*,*,#2521,.F.);
#3278=ORIENTED_EDGE('',*,*,#2526,.T.);
#3279=ORIENTED_EDGE('',*,*,#2526,.F.);
#3280=ORIENTED_EDGE('',*,*,#2520,.F.);
#3281=ORIENTED_EDGE('',*,*,#2527,.F.);
#3282=ORIENTED_EDGE('',*,*,#2528,.F.);
#3283=ORIENTED_EDGE('',*,*,#2529,.F.);
#3284=ORIENTED_EDGE('',*,*,#2530,.F.);
#3285=ORIENTED_EDGE('',*,*,#2531,.F.);
#3286=ORIENTED_EDGE('',*,*,#2532,.F.);
#3287=ORIENTED_EDGE('',*,*,#2533,.F.);
#3288=ORIENTED_EDGE('',*,*,#2534,.F.);
#3289=ORIENTED_EDGE('',*,*,#2535,.T.);
#3290=ORIENTED_EDGE('',*,*,#2536,.T.);
#3291=ORIENTED_EDGE('',*,*,#2537,.T.);
#3292=ORIENTED_EDGE('',*,*,#2538,.T.);
#3293=ORIENTED_EDGE('',*,*,#2539,.T.);
#3294=ORIENTED_EDGE('',*,*,#2540,.T.);
#3295=ORIENTED_EDGE('',*,*,#2541,.T.);
#3296=ORIENTED_EDGE('',*,*,#2542,.T.);
#3297=ORIENTED_EDGE('',*,*,#2543,.T.);
#3298=ORIENTED_EDGE('',*,*,#2544,.T.);
#3299=ORIENTED_EDGE('',*,*,#2545,.T.);
#3300=ORIENTED_EDGE('',*,*,#2546,.T.);
#3301=ORIENTED_EDGE('',*,*,#2547,.T.);
#3302=ORIENTED_EDGE('',*,*,#2548,.T.);
#3303=ORIENTED_EDGE('',*,*,#2549,.T.);
#3304=ORIENTED_EDGE('',*,*,#2550,.T.);
#3305=ORIENTED_EDGE('',*,*,#2551,.T.);
#3306=ORIENTED_EDGE('',*,*,#2552,.T.);
#3307=ORIENTED_EDGE('',*,*,#2553,.T.);
#3308=ORIENTED_EDGE('',*,*,#2554,.T.);
#3309=ORIENTED_EDGE('',*,*,#2555,.T.);
#3310=ORIENTED_EDGE('',*,*,#2556,.T.);
#3311=ORIENTED_EDGE('',*,*,#2557,.T.);
#3312=ORIENTED_EDGE('',*,*,#2558,.T.);
#3313=ORIENTED_EDGE('',*,*,#2559,.T.);
#3314=ORIENTED_EDGE('',*,*,#2560,.T.);
#3315=ORIENTED_EDGE('',*,*,#2561,.T.);
#3316=ORIENTED_EDGE('',*,*,#2562,.T.);
#3317=ORIENTED_EDGE('',*,*,#2563,.T.);
#3318=ORIENTED_EDGE('',*,*,#2564,.F.);
#3319=ORIENTED_EDGE('',*,*,#2565,.F.);
#3320=ORIENTED_EDGE('',*,*,#2566,.F.);
#3321=ORIENTED_EDGE('',*,*,#2567,.T.);
#3322=ORIENTED_EDGE('',*,*,#2568,.T.);
#3323=ORIENTED_EDGE('',*,*,#2565,.T.);
#3324=ORIENTED_EDGE('',*,*,#2569,.T.);
#3325=ORIENTED_EDGE('',*,*,#2570,.T.);
#3326=ORIENTED_EDGE('',*,*,#2571,.T.);
#3327=ORIENTED_EDGE('',*,*,#2572,.F.);
#3328=ORIENTED_EDGE('',*,*,#2573,.F.);
#3329=ORIENTED_EDGE('',*,*,#2574,.F.);
#3330=ORIENTED_EDGE('',*,*,#2575,.T.);
#3331=ORIENTED_EDGE('',*,*,#2576,.T.);
#3332=ORIENTED_EDGE('',*,*,#2573,.T.);
#3333=ORIENTED_EDGE('',*,*,#2577,.T.);
#3334=ORIENTED_EDGE('',*,*,#2564,.T.);
#3335=ORIENTED_EDGE('',*,*,#2578,.T.);
#3336=ORIENTED_EDGE('',*,*,#2574,.T.);
#3337=ORIENTED_EDGE('',*,*,#2579,.T.);
#3338=ORIENTED_EDGE('',*,*,#2580,.T.);
#3339=ORIENTED_EDGE('',*,*,#2581,.F.);
#3340=ORIENTED_EDGE('',*,*,#2582,.F.);
#3341=ORIENTED_EDGE('',*,*,#2583,.F.);
#3342=ORIENTED_EDGE('',*,*,#2584,.F.);
#3343=ORIENTED_EDGE('',*,*,#2585,.F.);
#3344=ORIENTED_EDGE('',*,*,#2586,.T.);
#3345=ORIENTED_EDGE('',*,*,#2587,.F.);
#3346=ORIENTED_EDGE('',*,*,#2588,.F.);
#3347=ORIENTED_EDGE('',*,*,#2589,.F.);
#3348=ORIENTED_EDGE('',*,*,#2590,.F.);
#3349=ORIENTED_EDGE('',*,*,#2591,.F.);
#3350=ORIENTED_EDGE('',*,*,#2592,.F.);
#3351=ORIENTED_EDGE('',*,*,#2593,.F.);
#3352=ORIENTED_EDGE('',*,*,#2594,.T.);
#3353=ORIENTED_EDGE('',*,*,#2592,.T.);
#3354=ORIENTED_EDGE('',*,*,#2595,.T.);
#3355=ORIENTED_EDGE('',*,*,#2596,.T.);
#3356=ORIENTED_EDGE('',*,*,#2597,.F.);
#3357=ORIENTED_EDGE('',*,*,#2598,.F.);
#3358=ORIENTED_EDGE('',*,*,#2599,.F.);
#3359=ORIENTED_EDGE('',*,*,#2600,.T.);
#3360=ORIENTED_EDGE('',*,*,#2598,.T.);
#3361=ORIENTED_EDGE('',*,*,#2601,.T.);
#3362=ORIENTED_EDGE('',*,*,#2602,.T.);
#3363=ORIENTED_EDGE('',*,*,#2603,.F.);
#3364=ORIENTED_EDGE('',*,*,#2604,.F.);
#3365=ORIENTED_EDGE('',*,*,#2605,.F.);
#3366=ORIENTED_EDGE('',*,*,#2589,.T.);
#3367=ORIENTED_EDGE('',*,*,#2606,.T.);
#3368=ORIENTED_EDGE('',*,*,#2604,.T.);
#3369=ORIENTED_EDGE('',*,*,#2607,.T.);
#3370=ORIENTED_EDGE('',*,*,#2608,.F.);
#3371=ORIENTED_EDGE('',*,*,#2609,.F.);
#3372=ORIENTED_EDGE('',*,*,#2610,.T.);
#3373=ORIENTED_EDGE('',*,*,#2611,.F.);
#3374=ORIENTED_EDGE('',*,*,#2588,.T.);
#3375=ORIENTED_EDGE('',*,*,#2612,.T.);
#3376=ORIENTED_EDGE('',*,*,#2609,.T.);
#3377=ORIENTED_EDGE('',*,*,#2613,.T.);
#3378=ORIENTED_EDGE('',*,*,#2611,.T.);
#3379=ORIENTED_EDGE('',*,*,#2614,.T.);
#3380=ORIENTED_EDGE('',*,*,#2585,.T.);
#3381=ORIENTED_EDGE('',*,*,#2615,.T.);
#3382=ORIENTED_EDGE('',*,*,#2616,.F.);
#3383=ORIENTED_EDGE('',*,*,#2617,.F.);
#3384=ORIENTED_EDGE('',*,*,#2618,.F.);
#3385=ORIENTED_EDGE('',*,*,#2619,.T.);
#3386=ORIENTED_EDGE('',*,*,#2620,.F.);
#3387=ORIENTED_EDGE('',*,*,#2621,.F.);
#3388=ORIENTED_EDGE('',*,*,#2622,.F.);
#3389=ORIENTED_EDGE('',*,*,#2623,.T.);
#3390=ORIENTED_EDGE('',*,*,#2624,.F.);
#3391=ORIENTED_EDGE('',*,*,#2625,.F.);
#3392=ORIENTED_EDGE('',*,*,#2626,.F.);
#3393=ORIENTED_EDGE('',*,*,#2627,.F.);
#3394=ORIENTED_EDGE('',*,*,#2628,.F.);
#3395=ORIENTED_EDGE('',*,*,#2629,.F.);
#3396=ORIENTED_EDGE('',*,*,#2630,.T.);
#3397=ORIENTED_EDGE('',*,*,#2631,.T.);
#3398=ORIENTED_EDGE('',*,*,#2628,.T.);
#3399=ORIENTED_EDGE('',*,*,#2632,.T.);
#3400=ORIENTED_EDGE('',*,*,#2633,.T.);
#3401=ORIENTED_EDGE('',*,*,#2634,.F.);
#3402=ORIENTED_EDGE('',*,*,#2635,.F.);
#3403=ORIENTED_EDGE('',*,*,#2636,.F.);
#3404=ORIENTED_EDGE('',*,*,#2637,.T.);
#3405=ORIENTED_EDGE('',*,*,#2638,.T.);
#3406=ORIENTED_EDGE('',*,*,#2639,.T.);
#3407=ORIENTED_EDGE('',*,*,#2640,.T.);
#3408=ORIENTED_EDGE('',*,*,#2634,.T.);
#3409=ORIENTED_EDGE('',*,*,#2641,.T.);
#3410=ORIENTED_EDGE('',*,*,#2642,.T.);
#3411=ORIENTED_EDGE('',*,*,#2643,.T.);
#3412=ORIENTED_EDGE('',*,*,#2617,.T.);
#3413=ORIENTED_EDGE('',*,*,#2644,.T.);
#3414=ORIENTED_EDGE('',*,*,#2635,.T.);
#3415=ORIENTED_EDGE('',*,*,#2645,.T.);
#3416=ORIENTED_EDGE('',*,*,#2646,.F.);
#3417=ORIENTED_EDGE('',*,*,#2647,.F.);
#3418=ORIENTED_EDGE('',*,*,#2648,.T.);
#3419=ORIENTED_EDGE('',*,*,#2649,.F.);
#3420=ORIENTED_EDGE('',*,*,#2650,.F.);
#3421=ORIENTED_EDGE('',*,*,#2651,.F.);
#3422=ORIENTED_EDGE('',*,*,#2652,.T.);
#3423=ORIENTED_EDGE('',*,*,#2653,.F.);
#3424=ORIENTED_EDGE('',*,*,#2651,.T.);
#3425=ORIENTED_EDGE('',*,*,#2532,.T.);
#3426=ORIENTED_EDGE('',*,*,#2629,.T.);
#3427=ORIENTED_EDGE('',*,*,#2654,.T.);
#3428=ORIENTED_EDGE('',*,*,#2655,.F.);
#3429=ORIENTED_EDGE('',*,*,#2656,.F.);
#3430=ORIENTED_EDGE('',*,*,#2657,.T.);
#3431=ORIENTED_EDGE('',*,*,#2658,.F.);
#3432=ORIENTED_EDGE('',*,*,#2659,.T.);
#3433=ORIENTED_EDGE('',*,*,#2660,.T.);
#3434=ORIENTED_EDGE('',*,*,#2656,.T.);
#3435=ORIENTED_EDGE('',*,*,#2661,.T.);
#3436=ORIENTED_EDGE('',*,*,#2636,.T.);
#3437=ORIENTED_EDGE('',*,*,#2662,.T.);
#3438=ORIENTED_EDGE('',*,*,#2658,.T.);
#3439=ORIENTED_EDGE('',*,*,#2663,.T.);
#3440=ORIENTED_EDGE('',*,*,#2664,.T.);
#3441=ORIENTED_EDGE('',*,*,#2665,.F.);
#3442=ORIENTED_EDGE('',*,*,#2666,.F.);
#3443=ORIENTED_EDGE('',*,*,#2667,.F.);
#3444=ORIENTED_EDGE('',*,*,#2665,.T.);
#3445=ORIENTED_EDGE('',*,*,#2668,.T.);
#3446=ORIENTED_EDGE('',*,*,#2653,.T.);
#3447=ORIENTED_EDGE('',*,*,#2669,.T.);
#3448=ORIENTED_EDGE('',*,*,#2655,.T.);
#3449=ORIENTED_EDGE('',*,*,#2670,.T.);
#3450=ORIENTED_EDGE('',*,*,#2666,.T.);
#3451=ORIENTED_EDGE('',*,*,#2671,.T.);
#3452=ORIENTED_EDGE('',*,*,#2667,.T.);
#3453=ORIENTED_EDGE('',*,*,#2672,.T.);
#3454=ORIENTED_EDGE('',*,*,#2647,.T.);
#3455=ORIENTED_EDGE('',*,*,#2673,.T.);
#3456=ORIENTED_EDGE('',*,*,#2674,.T.);
#3457=ORIENTED_EDGE('',*,*,#2533,.T.);
#3458=ORIENTED_EDGE('',*,*,#2650,.T.);
#3459=ORIENTED_EDGE('',*,*,#2675,.T.);
#3460=ORIENTED_EDGE('',*,*,#2676,.T.);
#3461=ORIENTED_EDGE('',*,*,#2534,.T.);
#3462=ORIENTED_EDGE('',*,*,#2674,.F.);
#3463=ORIENTED_EDGE('',*,*,#2677,.T.);
#3464=ORIENTED_EDGE('',*,*,#2621,.T.);
#3465=ORIENTED_EDGE('',*,*,#2678,.T.);
#3466=ORIENTED_EDGE('',*,*,#2649,.T.);
#3467=ORIENTED_EDGE('',*,*,#2679,.T.);
#3468=ORIENTED_EDGE('',*,*,#2624,.T.);
#3469=ORIENTED_EDGE('',*,*,#2680,.T.);
#3470=ORIENTED_EDGE('',*,*,#2646,.T.);
#3471=ORIENTED_EDGE('',*,*,#2681,.T.);
#3472=ORIENTED_EDGE('',*,*,#2682,.T.);
#3473=ORIENTED_EDGE('',*,*,#2683,.T.);
#3474=ORIENTED_EDGE('',*,*,#2684,.T.);
#3475=ORIENTED_EDGE('',*,*,#2682,.F.);
#3476=ORIENTED_EDGE('',*,*,#2685,.T.);
#3477=ORIENTED_EDGE('',*,*,#2627,.T.);
#3478=ORIENTED_EDGE('',*,*,#2531,.T.);
#3479=ORIENTED_EDGE('',*,*,#2605,.T.);
#3480=ORIENTED_EDGE('',*,*,#2686,.T.);
#3481=ORIENTED_EDGE('',*,*,#2625,.T.);
#3482=ORIENTED_EDGE('',*,*,#2687,.T.);
#3483=ORIENTED_EDGE('',*,*,#2608,.T.);
#3484=ORIENTED_EDGE('',*,*,#2688,.T.);
#3485=ORIENTED_EDGE('',*,*,#2626,.T.);
#3486=ORIENTED_EDGE('',*,*,#2689,.T.);
#3487=ORIENTED_EDGE('',*,*,#2616,.T.);
#3488=ORIENTED_EDGE('',*,*,#2690,.T.);
#3489=ORIENTED_EDGE('',*,*,#2622,.T.);
#3490=ORIENTED_EDGE('',*,*,#2691,.T.);
#3491=ORIENTED_EDGE('',*,*,#2620,.T.);
#3492=ORIENTED_EDGE('',*,*,#2692,.T.);
#3493=ORIENTED_EDGE('',*,*,#2599,.T.);
#3494=ORIENTED_EDGE('',*,*,#2693,.T.);
#3495=ORIENTED_EDGE('',*,*,#2591,.T.);
#3496=ORIENTED_EDGE('',*,*,#2694,.T.);
#3497=ORIENTED_EDGE('',*,*,#2618,.T.);
#3498=ORIENTED_EDGE('',*,*,#2695,.T.);
#3499=ORIENTED_EDGE('',*,*,#2696,.T.);
#3500=ORIENTED_EDGE('',*,*,#2603,.T.);
#3501=ORIENTED_EDGE('',*,*,#2697,.T.);
#3502=ORIENTED_EDGE('',*,*,#2602,.F.);
#3503=ORIENTED_EDGE('',*,*,#2597,.T.);
#3504=ORIENTED_EDGE('',*,*,#2698,.T.);
#3505=ORIENTED_EDGE('',*,*,#2593,.T.);
#3506=ORIENTED_EDGE('',*,*,#2699,.T.);
#3507=ORIENTED_EDGE('',*,*,#2700,.T.);
#3508=ORIENTED_EDGE('',*,*,#2590,.T.);
#3509=ORIENTED_EDGE('',*,*,#2701,.T.);
#3510=ORIENTED_EDGE('',*,*,#2596,.F.);
#3511=ORIENTED_EDGE('',*,*,#2572,.T.);
#3512=ORIENTED_EDGE('',*,*,#2702,.T.);
#3513=ORIENTED_EDGE('',*,*,#2587,.T.);
#3514=ORIENTED_EDGE('',*,*,#2703,.T.);
#3515=ORIENTED_EDGE('',*,*,#2581,.T.);
#3516=ORIENTED_EDGE('',*,*,#2704,.T.);
#3517=ORIENTED_EDGE('',*,*,#2584,.T.);
#3518=ORIENTED_EDGE('',*,*,#2705,.T.);
#3519=ORIENTED_EDGE('',*,*,#2566,.T.);
#3520=ORIENTED_EDGE('',*,*,#2706,.T.);
#3521=ORIENTED_EDGE('',*,*,#2582,.T.);
#3522=ORIENTED_EDGE('',*,*,#2707,.T.);
#3523=ORIENTED_EDGE('',*,*,#2523,.T.);
#3524=ORIENTED_EDGE('',*,*,#2708,.T.);
#3525=ORIENTED_EDGE('',*,*,#2583,.T.);
#3526=ORIENTED_EDGE('',*,*,#2709,.T.);
#3527=ORIENTED_EDGE('',*,*,#2710,.F.);
#3528=ORIENTED_EDGE('',*,*,#2701,.F.);
#3529=ORIENTED_EDGE('',*,*,#2607,.F.);
#3530=ORIENTED_EDGE('',*,*,#2696,.F.);
#3531=ORIENTED_EDGE('',*,*,#2711,.F.);
#3532=ORIENTED_EDGE('',*,*,#2659,.F.);
#3533=ORIENTED_EDGE('',*,*,#2712,.T.);
#3534=ORIENTED_EDGE('',*,*,#2713,.F.);
#3535=ORIENTED_EDGE('',*,*,#2714,.T.);
#3536=ORIENTED_EDGE('',*,*,#2661,.F.);
#3537=ORIENTED_EDGE('',*,*,#2671,.F.);
#3538=ORIENTED_EDGE('',*,*,#2669,.F.);
#3539=ORIENTED_EDGE('',*,*,#2652,.F.);
#3540=ORIENTED_EDGE('',*,*,#2654,.F.);
#3541=ORIENTED_EDGE('',*,*,#2631,.F.);
#3542=ORIENTED_EDGE('',*,*,#2715,.F.);
#3543=ORIENTED_EDGE('',*,*,#2630,.F.);
#3544=ORIENTED_EDGE('',*,*,#2716,.T.);
#3545=ORIENTED_EDGE('',*,*,#2717,.T.);
#3546=ORIENTED_EDGE('',*,*,#2718,.T.);
#3547=ORIENTED_EDGE('',*,*,#2719,.T.);
#3548=ORIENTED_EDGE('',*,*,#2720,.T.);
#3549=ORIENTED_EDGE('',*,*,#2721,.T.);
#3550=ORIENTED_EDGE('',*,*,#2722,.T.);
#3551=ORIENTED_EDGE('',*,*,#2723,.T.);
#3552=ORIENTED_EDGE('',*,*,#2712,.F.);
#3553=ORIENTED_EDGE('',*,*,#2715,.T.);
#3554=ORIENTED_EDGE('',*,*,#2632,.F.);
#3555=ORIENTED_EDGE('',*,*,#2685,.F.);
#3556=ORIENTED_EDGE('',*,*,#2724,.F.);
#3557=ORIENTED_EDGE('',*,*,#2725,.F.);
#3558=ORIENTED_EDGE('',*,*,#2726,.T.);
#3559=ORIENTED_EDGE('',*,*,#2716,.F.);
#3560=ORIENTED_EDGE('',*,*,#2684,.F.);
#3561=ORIENTED_EDGE('',*,*,#2727,.T.);
#3562=ORIENTED_EDGE('',*,*,#2728,.T.);
#3563=ORIENTED_EDGE('',*,*,#2724,.T.);
#3564=ORIENTED_EDGE('',*,*,#2683,.F.);
#3565=ORIENTED_EDGE('',*,*,#2530,.T.);
#3566=ORIENTED_EDGE('',*,*,#2729,.T.);
#3567=ORIENTED_EDGE('',*,*,#2730,.T.);
#3568=ORIENTED_EDGE('',*,*,#2677,.F.);
#3569=ORIENTED_EDGE('',*,*,#2731,.T.);
#3570=ORIENTED_EDGE('',*,*,#2732,.T.);
#3571=ORIENTED_EDGE('',*,*,#2733,.T.);
#3572=ORIENTED_EDGE('',*,*,#2522,.F.);
#3573=ORIENTED_EDGE('',*,*,#2734,.F.);
#3574=ORIENTED_EDGE('',*,*,#2735,.F.);
#3575=ORIENTED_EDGE('',*,*,#2736,.F.);
#3576=ORIENTED_EDGE('',*,*,#2737,.F.);
#3577=ORIENTED_EDGE('',*,*,#2738,.F.);
#3578=ORIENTED_EDGE('',*,*,#2739,.F.);
#3579=ORIENTED_EDGE('',*,*,#2740,.F.);
#3580=ORIENTED_EDGE('',*,*,#2741,.F.);
#3581=ORIENTED_EDGE('',*,*,#2742,.F.);
#3582=ORIENTED_EDGE('',*,*,#2743,.F.);
#3583=ORIENTED_EDGE('',*,*,#2744,.F.);
#3584=ORIENTED_EDGE('',*,*,#2745,.F.);
#3585=ORIENTED_EDGE('',*,*,#2746,.F.);
#3586=ORIENTED_EDGE('',*,*,#2747,.F.);
#3587=ORIENTED_EDGE('',*,*,#2748,.T.);
#3588=ORIENTED_EDGE('',*,*,#2749,.T.);
#3589=ORIENTED_EDGE('',*,*,#2731,.F.);
#3590=ORIENTED_EDGE('',*,*,#2675,.F.);
#3591=ORIENTED_EDGE('',*,*,#2668,.F.);
#3592=ORIENTED_EDGE('',*,*,#2664,.F.);
#3593=ORIENTED_EDGE('',*,*,#2673,.F.);
#3594=ORIENTED_EDGE('',*,*,#2680,.F.);
#3595=ORIENTED_EDGE('',*,*,#2623,.F.);
#3596=ORIENTED_EDGE('',*,*,#2688,.F.);
#3597=ORIENTED_EDGE('',*,*,#2615,.F.);
#3598=ORIENTED_EDGE('',*,*,#2704,.F.);
#3599=ORIENTED_EDGE('',*,*,#2580,.F.);
#3600=ORIENTED_EDGE('',*,*,#2708,.F.);
#3601=ORIENTED_EDGE('',*,*,#2750,.F.);
#3602=ORIENTED_EDGE('',*,*,#2751,.F.);
#3603=ORIENTED_EDGE('',*,*,#2752,.F.);
#3604=ORIENTED_EDGE('',*,*,#2753,.F.);
#3605=ORIENTED_EDGE('',*,*,#2754,.F.);
#3606=ORIENTED_EDGE('',*,*,#2578,.F.);
#3607=ORIENTED_EDGE('',*,*,#2707,.F.);
#3608=ORIENTED_EDGE('',*,*,#2705,.F.);
#3609=ORIENTED_EDGE('',*,*,#2702,.F.);
#3610=ORIENTED_EDGE('',*,*,#2606,.F.);
#3611=ORIENTED_EDGE('',*,*,#2613,.F.);
#3612=ORIENTED_EDGE('',*,*,#2689,.F.);
#3613=ORIENTED_EDGE('',*,*,#2686,.F.);
#3614=ORIENTED_EDGE('',*,*,#2619,.F.);
#3615=ORIENTED_EDGE('',*,*,#2694,.F.);
#3616=ORIENTED_EDGE('',*,*,#2698,.F.);
#3617=ORIENTED_EDGE('',*,*,#2692,.F.);
#3618=ORIENTED_EDGE('',*,*,#2690,.F.);
#3619=ORIENTED_EDGE('',*,*,#2755,.T.);
#3620=ORIENTED_EDGE('',*,*,#2756,.T.);
#3621=ORIENTED_EDGE('',*,*,#2757,.T.);
#3622=ORIENTED_EDGE('',*,*,#2758,.T.);
#3623=ORIENTED_EDGE('',*,*,#2759,.T.);
#3624=ORIENTED_EDGE('',*,*,#2760,.T.);
#3625=ORIENTED_EDGE('',*,*,#2761,.T.);
#3626=ORIENTED_EDGE('',*,*,#2762,.T.);
#3627=ORIENTED_EDGE('',*,*,#2648,.F.);
#3628=ORIENTED_EDGE('',*,*,#2672,.F.);
#3629=ORIENTED_EDGE('',*,*,#2670,.F.);
#3630=ORIENTED_EDGE('',*,*,#2662,.F.);
#3631=ORIENTED_EDGE('',*,*,#2644,.F.);
#3632=ORIENTED_EDGE('',*,*,#2691,.F.);
#3633=ORIENTED_EDGE('',*,*,#2679,.F.);
#3634=ORIENTED_EDGE('',*,*,#2678,.F.);
#3635=ORIENTED_EDGE('',*,*,#2693,.F.);
#3636=ORIENTED_EDGE('',*,*,#2600,.F.);
#3637=ORIENTED_EDGE('',*,*,#2697,.F.);
#3638=ORIENTED_EDGE('',*,*,#2687,.F.);
#3639=ORIENTED_EDGE('',*,*,#2681,.F.);
#3640=ORIENTED_EDGE('',*,*,#2763,.T.);
#3641=ORIENTED_EDGE('',*,*,#2764,.T.);
#3642=ORIENTED_EDGE('',*,*,#2765,.T.);
#3643=ORIENTED_EDGE('',*,*,#2766,.T.);
#3644=ORIENTED_EDGE('',*,*,#2764,.F.);
#3645=ORIENTED_EDGE('',*,*,#2660,.F.);
#3646=ORIENTED_EDGE('',*,*,#2714,.F.);
#3647=ORIENTED_EDGE('',*,*,#2767,.F.);
#3648=ORIENTED_EDGE('',*,*,#2768,.F.);
#3649=ORIENTED_EDGE('',*,*,#2769,.F.);
#3650=ORIENTED_EDGE('',*,*,#2770,.F.);
#3651=ORIENTED_EDGE('',*,*,#2771,.F.);
#3652=ORIENTED_EDGE('',*,*,#2772,.F.);
#3653=ORIENTED_EDGE('',*,*,#2638,.F.);
#3654=ORIENTED_EDGE('',*,*,#2773,.F.);
#3655=ORIENTED_EDGE('',*,*,#2774,.F.);
#3656=ORIENTED_EDGE('',*,*,#2775,.F.);
#3657=ORIENTED_EDGE('',*,*,#2776,.F.);
#3658=ORIENTED_EDGE('',*,*,#2777,.F.);
#3659=ORIENTED_EDGE('',*,*,#2643,.F.);
#3660=ORIENTED_EDGE('',*,*,#2778,.F.);
#3661=ORIENTED_EDGE('',*,*,#2779,.F.);
#3662=ORIENTED_EDGE('',*,*,#2780,.F.);
#3663=ORIENTED_EDGE('',*,*,#2781,.F.);
#3664=ORIENTED_EDGE('',*,*,#2782,.F.);
#3665=ORIENTED_EDGE('',*,*,#2641,.F.);
#3666=ORIENTED_EDGE('',*,*,#2633,.F.);
#3667=ORIENTED_EDGE('',*,*,#2663,.F.);
#3668=ORIENTED_EDGE('',*,*,#2657,.F.);
#3669=ORIENTED_EDGE('',*,*,#2783,.F.);
#3670=ORIENTED_EDGE('',*,*,#2784,.F.);
#3671=ORIENTED_EDGE('',*,*,#2785,.F.);
#3672=ORIENTED_EDGE('',*,*,#2786,.F.);
#3673=ORIENTED_EDGE('',*,*,#2787,.F.);
#3674=ORIENTED_EDGE('',*,*,#2788,.F.);
#3675=ORIENTED_EDGE('',*,*,#2789,.F.);
#3676=ORIENTED_EDGE('',*,*,#2790,.F.);
#3677=ORIENTED_EDGE('',*,*,#2791,.F.);
#3678=ORIENTED_EDGE('',*,*,#2792,.F.);
#3679=ORIENTED_EDGE('',*,*,#2793,.F.);
#3680=ORIENTED_EDGE('',*,*,#2794,.F.);
#3681=ORIENTED_EDGE('',*,*,#2763,.F.);
#3682=ORIENTED_EDGE('',*,*,#2795,.T.);
#3683=ORIENTED_EDGE('',*,*,#2796,.T.);
#3684=ORIENTED_EDGE('',*,*,#2765,.F.);
#3685=ORIENTED_EDGE('',*,*,#2766,.F.);
#3686=ORIENTED_EDGE('',*,*,#2796,.F.);
#3687=ORIENTED_EDGE('',*,*,#2642,.F.);
#3688=ORIENTED_EDGE('',*,*,#2782,.T.);
#3689=ORIENTED_EDGE('',*,*,#2797,.T.);
#3690=ORIENTED_EDGE('',*,*,#2798,.T.);
#3691=ORIENTED_EDGE('',*,*,#2799,.T.);
#3692=ORIENTED_EDGE('',*,*,#2778,.T.);
#3693=ORIENTED_EDGE('',*,*,#2800,.T.);
#3694=ORIENTED_EDGE('',*,*,#2779,.T.);
#3695=ORIENTED_EDGE('',*,*,#2799,.F.);
#3696=ORIENTED_EDGE('',*,*,#2801,.T.);
#3697=ORIENTED_EDGE('',*,*,#2802,.T.);
#3698=ORIENTED_EDGE('',*,*,#2780,.T.);
#3699=ORIENTED_EDGE('',*,*,#2800,.F.);
#3700=ORIENTED_EDGE('',*,*,#2803,.T.);
#3701=ORIENTED_EDGE('',*,*,#2797,.F.);
#3702=ORIENTED_EDGE('',*,*,#2781,.T.);
#3703=ORIENTED_EDGE('',*,*,#2802,.F.);
#3704=ORIENTED_EDGE('',*,*,#2804,.T.);
#3705=ORIENTED_EDGE('',*,*,#2801,.F.);
#3706=ORIENTED_EDGE('',*,*,#2805,.F.);
#3707=ORIENTED_EDGE('',*,*,#2806,.T.);
#3708=ORIENTED_EDGE('',*,*,#2807,.T.);
#3709=ORIENTED_EDGE('',*,*,#2798,.F.);
#3710=ORIENTED_EDGE('',*,*,#2808,.F.);
#3711=ORIENTED_EDGE('',*,*,#2809,.T.);
#3712=ORIENTED_EDGE('',*,*,#2805,.T.);
#3713=ORIENTED_EDGE('',*,*,#2637,.F.);
#3714=ORIENTED_EDGE('',*,*,#2777,.T.);
#3715=ORIENTED_EDGE('',*,*,#2810,.T.);
#3716=ORIENTED_EDGE('',*,*,#2811,.T.);
#3717=ORIENTED_EDGE('',*,*,#2812,.T.);
#3718=ORIENTED_EDGE('',*,*,#2773,.T.);
#3719=ORIENTED_EDGE('',*,*,#2813,.T.);
#3720=ORIENTED_EDGE('',*,*,#2774,.T.);
#3721=ORIENTED_EDGE('',*,*,#2812,.F.);
#3722=ORIENTED_EDGE('',*,*,#2814,.T.);
#3723=ORIENTED_EDGE('',*,*,#2815,.T.);
#3724=ORIENTED_EDGE('',*,*,#2775,.T.);
#3725=ORIENTED_EDGE('',*,*,#2813,.F.);
#3726=ORIENTED_EDGE('',*,*,#2816,.T.);
#3727=ORIENTED_EDGE('',*,*,#2810,.F.);
#3728=ORIENTED_EDGE('',*,*,#2776,.T.);
#3729=ORIENTED_EDGE('',*,*,#2815,.F.);
#3730=ORIENTED_EDGE('',*,*,#2817,.T.);
#3731=ORIENTED_EDGE('',*,*,#2814,.F.);
#3732=ORIENTED_EDGE('',*,*,#2818,.F.);
#3733=ORIENTED_EDGE('',*,*,#2819,.T.);
#3734=ORIENTED_EDGE('',*,*,#2820,.T.);
#3735=ORIENTED_EDGE('',*,*,#2811,.F.);
#3736=ORIENTED_EDGE('',*,*,#2821,.F.);
#3737=ORIENTED_EDGE('',*,*,#2822,.T.);
#3738=ORIENTED_EDGE('',*,*,#2818,.T.);
#3739=ORIENTED_EDGE('',*,*,#2823,.T.);
#3740=ORIENTED_EDGE('',*,*,#2824,.T.);
#3741=ORIENTED_EDGE('',*,*,#2825,.T.);
#3742=ORIENTED_EDGE('',*,*,#2783,.T.);
#3743=ORIENTED_EDGE('',*,*,#2826,.T.);
#3744=ORIENTED_EDGE('',*,*,#2784,.T.);
#3745=ORIENTED_EDGE('',*,*,#2825,.F.);
#3746=ORIENTED_EDGE('',*,*,#2827,.T.);
#3747=ORIENTED_EDGE('',*,*,#2828,.T.);
#3748=ORIENTED_EDGE('',*,*,#2785,.T.);
#3749=ORIENTED_EDGE('',*,*,#2826,.F.);
#3750=ORIENTED_EDGE('',*,*,#2829,.T.);
#3751=ORIENTED_EDGE('',*,*,#2823,.F.);
#3752=ORIENTED_EDGE('',*,*,#2786,.T.);
#3753=ORIENTED_EDGE('',*,*,#2828,.F.);
#3754=ORIENTED_EDGE('',*,*,#2830,.T.);
#3755=ORIENTED_EDGE('',*,*,#2827,.F.);
#3756=ORIENTED_EDGE('',*,*,#2831,.F.);
#3757=ORIENTED_EDGE('',*,*,#2832,.T.);
#3758=ORIENTED_EDGE('',*,*,#2833,.T.);
#3759=ORIENTED_EDGE('',*,*,#2824,.F.);
#3760=ORIENTED_EDGE('',*,*,#2834,.F.);
#3761=ORIENTED_EDGE('',*,*,#2835,.T.);
#3762=ORIENTED_EDGE('',*,*,#2831,.T.);
#3763=ORIENTED_EDGE('',*,*,#2836,.T.);
#3764=ORIENTED_EDGE('',*,*,#2837,.T.);
#3765=ORIENTED_EDGE('',*,*,#2838,.T.);
#3766=ORIENTED_EDGE('',*,*,#2791,.T.);
#3767=ORIENTED_EDGE('',*,*,#2839,.T.);
#3768=ORIENTED_EDGE('',*,*,#2792,.T.);
#3769=ORIENTED_EDGE('',*,*,#2838,.F.);
#3770=ORIENTED_EDGE('',*,*,#2840,.T.);
#3771=ORIENTED_EDGE('',*,*,#2841,.T.);
#3772=ORIENTED_EDGE('',*,*,#2793,.T.);
#3773=ORIENTED_EDGE('',*,*,#2839,.F.);
#3774=ORIENTED_EDGE('',*,*,#2842,.T.);
#3775=ORIENTED_EDGE('',*,*,#2836,.F.);
#3776=ORIENTED_EDGE('',*,*,#2794,.T.);
#3777=ORIENTED_EDGE('',*,*,#2841,.F.);
#3778=ORIENTED_EDGE('',*,*,#2843,.T.);
#3779=ORIENTED_EDGE('',*,*,#2840,.F.);
#3780=ORIENTED_EDGE('',*,*,#2844,.F.);
#3781=ORIENTED_EDGE('',*,*,#2845,.T.);
#3782=ORIENTED_EDGE('',*,*,#2846,.T.);
#3783=ORIENTED_EDGE('',*,*,#2837,.F.);
#3784=ORIENTED_EDGE('',*,*,#2847,.F.);
#3785=ORIENTED_EDGE('',*,*,#2848,.T.);
#3786=ORIENTED_EDGE('',*,*,#2844,.T.);
#3787=ORIENTED_EDGE('',*,*,#2849,.T.);
#3788=ORIENTED_EDGE('',*,*,#2850,.T.);
#3789=ORIENTED_EDGE('',*,*,#2851,.T.);
#3790=ORIENTED_EDGE('',*,*,#2787,.T.);
#3791=ORIENTED_EDGE('',*,*,#2852,.T.);
#3792=ORIENTED_EDGE('',*,*,#2788,.T.);
#3793=ORIENTED_EDGE('',*,*,#2851,.F.);
#3794=ORIENTED_EDGE('',*,*,#2853,.T.);
#3795=ORIENTED_EDGE('',*,*,#2854,.T.);
#3796=ORIENTED_EDGE('',*,*,#2789,.T.);
#3797=ORIENTED_EDGE('',*,*,#2852,.F.);
#3798=ORIENTED_EDGE('',*,*,#2855,.T.);
#3799=ORIENTED_EDGE('',*,*,#2849,.F.);
#3800=ORIENTED_EDGE('',*,*,#2790,.T.);
#3801=ORIENTED_EDGE('',*,*,#2854,.F.);
#3802=ORIENTED_EDGE('',*,*,#2856,.T.);
#3803=ORIENTED_EDGE('',*,*,#2853,.F.);
#3804=ORIENTED_EDGE('',*,*,#2857,.T.);
#3805=ORIENTED_EDGE('',*,*,#2858,.F.);
#3806=ORIENTED_EDGE('',*,*,#2859,.F.);
#3807=ORIENTED_EDGE('',*,*,#2850,.F.);
#3808=ORIENTED_EDGE('',*,*,#2860,.T.);
#3809=ORIENTED_EDGE('',*,*,#2861,.F.);
#3810=ORIENTED_EDGE('',*,*,#2857,.F.);
#3811=ORIENTED_EDGE('',*,*,#2862,.T.);
#3812=ORIENTED_EDGE('',*,*,#2863,.T.);
#3813=ORIENTED_EDGE('',*,*,#2864,.T.);
#3814=ORIENTED_EDGE('',*,*,#2865,.T.);
#3815=ORIENTED_EDGE('',*,*,#2866,.F.);
#3816=ORIENTED_EDGE('',*,*,#2867,.T.);
#3817=ORIENTED_EDGE('',*,*,#2862,.F.);
#3818=ORIENTED_EDGE('',*,*,#2868,.T.);
#3819=ORIENTED_EDGE('',*,*,#2869,.T.);
#3820=ORIENTED_EDGE('',*,*,#2870,.F.);
#3821=ORIENTED_EDGE('',*,*,#2519,.T.);
#3822=ORIENTED_EDGE('',*,*,#2710,.T.);
#3823=ORIENTED_EDGE('',*,*,#2871,.F.);
#3824=ORIENTED_EDGE('',*,*,#2869,.F.);
#3825=ORIENTED_EDGE('',*,*,#2527,.T.);
#3826=ORIENTED_EDGE('',*,*,#2872,.F.);
#3827=ORIENTED_EDGE('',*,*,#2873,.F.);
#3828=ORIENTED_EDGE('',*,*,#2874,.F.);
#3829=ORIENTED_EDGE('',*,*,#2875,.F.);
#3830=ORIENTED_EDGE('',*,*,#2876,.F.);
#3831=ORIENTED_EDGE('',*,*,#2877,.F.);
#3832=ORIENTED_EDGE('',*,*,#2863,.F.);
#3833=ORIENTED_EDGE('',*,*,#2867,.F.);
#3834=ORIENTED_EDGE('',*,*,#2878,.T.);
#3835=ORIENTED_EDGE('',*,*,#2879,.T.);
#3836=ORIENTED_EDGE('',*,*,#2567,.F.);
#3837=ORIENTED_EDGE('',*,*,#2571,.F.);
#3838=ORIENTED_EDGE('',*,*,#2568,.F.);
#3839=ORIENTED_EDGE('',*,*,#2879,.F.);
#3840=ORIENTED_EDGE('',*,*,#2878,.F.);
#3841=ORIENTED_EDGE('',*,*,#2866,.T.);
#3842=ORIENTED_EDGE('',*,*,#2870,.T.);
#3843=ORIENTED_EDGE('',*,*,#2871,.T.);
#3844=ORIENTED_EDGE('',*,*,#2709,.F.);
#3845=ORIENTED_EDGE('',*,*,#2706,.F.);
#3846=ORIENTED_EDGE('',*,*,#2750,.T.);
#3847=ORIENTED_EDGE('',*,*,#2880,.T.);
#3848=ORIENTED_EDGE('',*,*,#2881,.T.);
#3849=ORIENTED_EDGE('',*,*,#2880,.F.);
#3850=ORIENTED_EDGE('',*,*,#2881,.F.);
#3851=ORIENTED_EDGE('',*,*,#2882,.T.);
#3852=ORIENTED_EDGE('',*,*,#2883,.T.);
#3853=ORIENTED_EDGE('',*,*,#2882,.F.);
#3854=ORIENTED_EDGE('',*,*,#2884,.T.);
#3855=ORIENTED_EDGE('',*,*,#2885,.T.);
#3856=ORIENTED_EDGE('',*,*,#2886,.T.);
#3857=ORIENTED_EDGE('',*,*,#2887,.T.);
#3858=ORIENTED_EDGE('',*,*,#2888,.T.);
#3859=ORIENTED_EDGE('',*,*,#2884,.F.);
#3860=ORIENTED_EDGE('',*,*,#2889,.T.);
#3861=ORIENTED_EDGE('',*,*,#2748,.F.);
#3862=ORIENTED_EDGE('',*,*,#2890,.T.);
#3863=ORIENTED_EDGE('',*,*,#2887,.F.);
#3864=ORIENTED_EDGE('',*,*,#2891,.T.);
#3865=ORIENTED_EDGE('',*,*,#2892,.T.);
#3866=ORIENTED_EDGE('',*,*,#2891,.F.);
#3867=ORIENTED_EDGE('',*,*,#2889,.F.);
#3868=ORIENTED_EDGE('',*,*,#2893,.F.);
#3869=ORIENTED_EDGE('',*,*,#2894,.F.);
#3870=ORIENTED_EDGE('',*,*,#2895,.F.);
#3871=ORIENTED_EDGE('',*,*,#2896,.F.);
#3872=ORIENTED_EDGE('',*,*,#2897,.T.);
#3873=ORIENTED_EDGE('',*,*,#2886,.F.);
#3874=ORIENTED_EDGE('',*,*,#2898,.T.);
#3875=ORIENTED_EDGE('',*,*,#2899,.T.);
#3876=ORIENTED_EDGE('',*,*,#2893,.T.);
#3877=ORIENTED_EDGE('',*,*,#2885,.F.);
#3878=ORIENTED_EDGE('',*,*,#2900,.T.);
#3879=ORIENTED_EDGE('',*,*,#2901,.T.);
#3880=ORIENTED_EDGE('',*,*,#2902,.T.);
#3881=ORIENTED_EDGE('',*,*,#2903,.F.);
#3882=ORIENTED_EDGE('',*,*,#2904,.F.);
#3883=ORIENTED_EDGE('',*,*,#2905,.F.);
#3884=ORIENTED_EDGE('',*,*,#2906,.F.);
#3885=ORIENTED_EDGE('',*,*,#2907,.F.);
#3886=ORIENTED_EDGE('',*,*,#2908,.F.);
#3887=ORIENTED_EDGE('',*,*,#2909,.F.);
#3888=ORIENTED_EDGE('',*,*,#2910,.F.);
#3889=ORIENTED_EDGE('',*,*,#2911,.F.);
#3890=ORIENTED_EDGE('',*,*,#2912,.T.);
#3891=ORIENTED_EDGE('',*,*,#2910,.T.);
#3892=ORIENTED_EDGE('',*,*,#2913,.T.);
#3893=ORIENTED_EDGE('',*,*,#2908,.T.);
#3894=ORIENTED_EDGE('',*,*,#2914,.T.);
#3895=ORIENTED_EDGE('',*,*,#2736,.T.);
#3896=ORIENTED_EDGE('',*,*,#2915,.F.);
#3897=ORIENTED_EDGE('',*,*,#2916,.F.);
#3898=ORIENTED_EDGE('',*,*,#2917,.F.);
#3899=ORIENTED_EDGE('',*,*,#2918,.T.);
#3900=ORIENTED_EDGE('',*,*,#2895,.T.);
#3901=ORIENTED_EDGE('',*,*,#2915,.T.);
#3902=ORIENTED_EDGE('',*,*,#2735,.T.);
#3903=ORIENTED_EDGE('',*,*,#2919,.F.);
#3904=ORIENTED_EDGE('',*,*,#2896,.T.);
#3905=ORIENTED_EDGE('',*,*,#2918,.F.);
#3906=ORIENTED_EDGE('',*,*,#2920,.T.);
#3907=ORIENTED_EDGE('',*,*,#2921,.F.);
#3908=ORIENTED_EDGE('',*,*,#2922,.F.);
#3909=ORIENTED_EDGE('',*,*,#2923,.F.);
#3910=ORIENTED_EDGE('',*,*,#2924,.F.);
#3911=ORIENTED_EDGE('',*,*,#2925,.F.);
#3912=ORIENTED_EDGE('',*,*,#2739,.T.);
#3913=ORIENTED_EDGE('',*,*,#2926,.F.);
#3914=ORIENTED_EDGE('',*,*,#2927,.F.);
#3915=ORIENTED_EDGE('',*,*,#2928,.F.);
#3916=ORIENTED_EDGE('',*,*,#2926,.T.);
#3917=ORIENTED_EDGE('',*,*,#2738,.T.);
#3918=ORIENTED_EDGE('',*,*,#2906,.T.);
#3919=ORIENTED_EDGE('',*,*,#2929,.T.);
#3920=ORIENTED_EDGE('',*,*,#2904,.T.);
#3921=ORIENTED_EDGE('',*,*,#2930,.T.);
#3922=ORIENTED_EDGE('',*,*,#2927,.T.);
#3923=ORIENTED_EDGE('',*,*,#2931,.T.);
#3924=ORIENTED_EDGE('',*,*,#2932,.F.);
#3925=ORIENTED_EDGE('',*,*,#2933,.F.);
#3926=ORIENTED_EDGE('',*,*,#2899,.F.);
#3927=ORIENTED_EDGE('',*,*,#2933,.T.);
#3928=ORIENTED_EDGE('',*,*,#2934,.T.);
#3929=ORIENTED_EDGE('',*,*,#2916,.T.);
#3930=ORIENTED_EDGE('',*,*,#2894,.T.);
#3931=ORIENTED_EDGE('',*,*,#2935,.F.);
#3932=ORIENTED_EDGE('',*,*,#2936,.F.);
#3933=ORIENTED_EDGE('',*,*,#2937,.F.);
#3934=ORIENTED_EDGE('',*,*,#2938,.T.);
#3935=ORIENTED_EDGE('',*,*,#2741,.T.);
#3936=ORIENTED_EDGE('',*,*,#2939,.F.);
#3937=ORIENTED_EDGE('',*,*,#2940,.F.);
#3938=ORIENTED_EDGE('',*,*,#2941,.F.);
#3939=ORIENTED_EDGE('',*,*,#2939,.T.);
#3940=ORIENTED_EDGE('',*,*,#2740,.T.);
#3941=ORIENTED_EDGE('',*,*,#2928,.T.);
#3942=ORIENTED_EDGE('',*,*,#2942,.T.);
#3943=ORIENTED_EDGE('',*,*,#2924,.T.);
#3944=ORIENTED_EDGE('',*,*,#2943,.T.);
#3945=ORIENTED_EDGE('',*,*,#2940,.T.);
#3946=ORIENTED_EDGE('',*,*,#2944,.T.);
#3947=ORIENTED_EDGE('',*,*,#2945,.F.);
#3948=ORIENTED_EDGE('',*,*,#2946,.F.);
#3949=ORIENTED_EDGE('',*,*,#2947,.F.);
#3950=ORIENTED_EDGE('',*,*,#2948,.F.);
#3951=ORIENTED_EDGE('',*,*,#2949,.F.);
#3952=ORIENTED_EDGE('',*,*,#2950,.F.);
#3953=ORIENTED_EDGE('',*,*,#2901,.F.);
#3954=ORIENTED_EDGE('',*,*,#2951,.F.);
#3955=ORIENTED_EDGE('',*,*,#2952,.F.);
#3956=ORIENTED_EDGE('',*,*,#2744,.T.);
#3957=ORIENTED_EDGE('',*,*,#2953,.F.);
#3958=ORIENTED_EDGE('',*,*,#2954,.F.);
#3959=ORIENTED_EDGE('',*,*,#2955,.F.);
#3960=ORIENTED_EDGE('',*,*,#2953,.T.);
#3961=ORIENTED_EDGE('',*,*,#2743,.T.);
#3962=ORIENTED_EDGE('',*,*,#2949,.T.);
#3963=ORIENTED_EDGE('',*,*,#2956,.T.);
#3964=ORIENTED_EDGE('',*,*,#2946,.T.);
#3965=ORIENTED_EDGE('',*,*,#2957,.T.);
#3966=ORIENTED_EDGE('',*,*,#2954,.T.);
#3967=ORIENTED_EDGE('',*,*,#2958,.T.);
#3968=ORIENTED_EDGE('',*,*,#2746,.T.);
#3969=ORIENTED_EDGE('',*,*,#2959,.F.);
#3970=ORIENTED_EDGE('',*,*,#2960,.F.);
#3971=ORIENTED_EDGE('',*,*,#2961,.F.);
#3972=ORIENTED_EDGE('',*,*,#2959,.T.);
#3973=ORIENTED_EDGE('',*,*,#2745,.T.);
#3974=ORIENTED_EDGE('',*,*,#2955,.T.);
#3975=ORIENTED_EDGE('',*,*,#2962,.T.);
#3976=ORIENTED_EDGE('',*,*,#2951,.T.);
#3977=ORIENTED_EDGE('',*,*,#2963,.T.);
#3978=ORIENTED_EDGE('',*,*,#2960,.T.);
#3979=ORIENTED_EDGE('',*,*,#2964,.T.);
#3980=ORIENTED_EDGE('',*,*,#2890,.F.);
#3981=ORIENTED_EDGE('',*,*,#2747,.T.);
#3982=ORIENTED_EDGE('',*,*,#2961,.T.);
#3983=ORIENTED_EDGE('',*,*,#2965,.T.);
#3984=ORIENTED_EDGE('',*,*,#2945,.T.);
#3985=ORIENTED_EDGE('',*,*,#2966,.T.);
#3986=ORIENTED_EDGE('',*,*,#2952,.T.);
#3987=ORIENTED_EDGE('',*,*,#2967,.T.);
#3988=ORIENTED_EDGE('',*,*,#2950,.T.);
#3989=ORIENTED_EDGE('',*,*,#2742,.T.);
#3990=ORIENTED_EDGE('',*,*,#2941,.T.);
#3991=ORIENTED_EDGE('',*,*,#2968,.T.);
#3992=ORIENTED_EDGE('',*,*,#2936,.T.);
#3993=ORIENTED_EDGE('',*,*,#2969,.T.);
#3994=ORIENTED_EDGE('',*,*,#2948,.T.);
#3995=ORIENTED_EDGE('',*,*,#2970,.T.);
#3996=ORIENTED_EDGE('',*,*,#2935,.T.);
#3997=ORIENTED_EDGE('',*,*,#2971,.T.);
#3998=ORIENTED_EDGE('',*,*,#2947,.T.);
#3999=ORIENTED_EDGE('',*,*,#2972,.T.);
#4000=ORIENTED_EDGE('',*,*,#2923,.T.);
#4001=ORIENTED_EDGE('',*,*,#2973,.T.);
#4002=ORIENTED_EDGE('',*,*,#2937,.T.);
#4003=ORIENTED_EDGE('',*,*,#2974,.T.);
#4004=ORIENTED_EDGE('',*,*,#2932,.T.);
#4005=ORIENTED_EDGE('',*,*,#2975,.T.);
#4006=ORIENTED_EDGE('',*,*,#2911,.T.);
#4007=ORIENTED_EDGE('',*,*,#2976,.T.);
#4008=ORIENTED_EDGE('',*,*,#2903,.T.);
#4009=ORIENTED_EDGE('',*,*,#2977,.T.);
#4010=ORIENTED_EDGE('',*,*,#2925,.T.);
#4011=ORIENTED_EDGE('',*,*,#2978,.T.);
#4012=ORIENTED_EDGE('',*,*,#2907,.T.);
#4013=ORIENTED_EDGE('',*,*,#2737,.T.);
#4014=ORIENTED_EDGE('',*,*,#2917,.T.);
#4015=ORIENTED_EDGE('',*,*,#2979,.T.);
#4016=ORIENTED_EDGE('',*,*,#2909,.T.);
#4017=ORIENTED_EDGE('',*,*,#2980,.T.);
#4018=ORIENTED_EDGE('',*,*,#2905,.T.);
#4019=ORIENTED_EDGE('',*,*,#2981,.T.);
#4020=ORIENTED_EDGE('',*,*,#2913,.F.);
#4021=ORIENTED_EDGE('',*,*,#2981,.F.);
#4022=ORIENTED_EDGE('',*,*,#2931,.F.);
#4023=ORIENTED_EDGE('',*,*,#2929,.F.);
#4024=ORIENTED_EDGE('',*,*,#2930,.F.);
#4025=ORIENTED_EDGE('',*,*,#2978,.F.);
#4026=ORIENTED_EDGE('',*,*,#2944,.F.);
#4027=ORIENTED_EDGE('',*,*,#2942,.F.);
#4028=ORIENTED_EDGE('',*,*,#2934,.F.);
#4029=ORIENTED_EDGE('',*,*,#2976,.F.);
#4030=ORIENTED_EDGE('',*,*,#2914,.F.);
#4031=ORIENTED_EDGE('',*,*,#2979,.F.);
#4032=ORIENTED_EDGE('',*,*,#2943,.F.);
#4033=ORIENTED_EDGE('',*,*,#2974,.F.);
#4034=ORIENTED_EDGE('',*,*,#2970,.F.);
#4035=ORIENTED_EDGE('',*,*,#2968,.F.);
#4036=ORIENTED_EDGE('',*,*,#2956,.F.);
#4037=ORIENTED_EDGE('',*,*,#2969,.F.);
#4038=ORIENTED_EDGE('',*,*,#2972,.F.);
#4039=ORIENTED_EDGE('',*,*,#2958,.F.);
#4040=ORIENTED_EDGE('',*,*,#2957,.F.);
#4041=ORIENTED_EDGE('',*,*,#2967,.F.);
#4042=ORIENTED_EDGE('',*,*,#2964,.F.);
#4043=ORIENTED_EDGE('',*,*,#2962,.F.);
#4044=ORIENTED_EDGE('',*,*,#2966,.F.);
#4045=ORIENTED_EDGE('',*,*,#2971,.F.);
#4046=ORIENTED_EDGE('',*,*,#2938,.F.);
#4047=ORIENTED_EDGE('',*,*,#2973,.F.);
#4048=ORIENTED_EDGE('',*,*,#2977,.F.);
#4049=ORIENTED_EDGE('',*,*,#2980,.F.);
#4050=ORIENTED_EDGE('',*,*,#2912,.F.);
#4051=ORIENTED_EDGE('',*,*,#2975,.F.);
#4052=ORIENTED_EDGE('',*,*,#2898,.F.);
#4053=ORIENTED_EDGE('',*,*,#2902,.F.);
#4054=ORIENTED_EDGE('',*,*,#2982,.T.);
#4055=ORIENTED_EDGE('',*,*,#2983,.T.);
#4056=ORIENTED_EDGE('',*,*,#2984,.T.);
#4057=ORIENTED_EDGE('',*,*,#2985,.T.);
#4058=ORIENTED_EDGE('',*,*,#2986,.T.);
#4059=ORIENTED_EDGE('',*,*,#2987,.T.);
#4060=ORIENTED_EDGE('',*,*,#2988,.T.);
#4061=ORIENTED_EDGE('',*,*,#2989,.T.);
#4062=ORIENTED_EDGE('',*,*,#2990,.T.);
#4063=ORIENTED_EDGE('',*,*,#2861,.T.);
#4064=ORIENTED_EDGE('',*,*,#2991,.T.);
#4065=ORIENTED_EDGE('',*,*,#2751,.T.);
#4066=ORIENTED_EDGE('',*,*,#2992,.T.);
#4067=ORIENTED_EDGE('',*,*,#2752,.T.);
#4068=ORIENTED_EDGE('',*,*,#2991,.F.);
#4069=ORIENTED_EDGE('',*,*,#2993,.T.);
#4070=ORIENTED_EDGE('',*,*,#2994,.T.);
#4071=ORIENTED_EDGE('',*,*,#2753,.T.);
#4072=ORIENTED_EDGE('',*,*,#2992,.F.);
#4073=ORIENTED_EDGE('',*,*,#2995,.T.);
#4074=ORIENTED_EDGE('',*,*,#2990,.F.);
#4075=ORIENTED_EDGE('',*,*,#2754,.T.);
#4076=ORIENTED_EDGE('',*,*,#2994,.F.);
#4077=ORIENTED_EDGE('',*,*,#2858,.T.);
#4078=ORIENTED_EDGE('',*,*,#2856,.F.);
#4079=ORIENTED_EDGE('',*,*,#2996,.T.);
#4080=ORIENTED_EDGE('',*,*,#2993,.F.);
#4081=ORIENTED_EDGE('',*,*,#2860,.F.);
#4082=ORIENTED_EDGE('',*,*,#2997,.T.);
#4083=ORIENTED_EDGE('',*,*,#2998,.T.);
#4084=ORIENTED_EDGE('',*,*,#2768,.T.);
#4085=ORIENTED_EDGE('',*,*,#2999,.T.);
#4086=ORIENTED_EDGE('',*,*,#3000,.T.);
#4087=ORIENTED_EDGE('',*,*,#3001,.T.);
#4088=ORIENTED_EDGE('',*,*,#2769,.T.);
#4089=ORIENTED_EDGE('',*,*,#2998,.F.);
#4090=ORIENTED_EDGE('',*,*,#2771,.T.);
#4091=ORIENTED_EDGE('',*,*,#3002,.T.);
#4092=ORIENTED_EDGE('',*,*,#3003,.T.);
#4093=ORIENTED_EDGE('',*,*,#3004,.T.);
#4094=ORIENTED_EDGE('',*,*,#3005,.T.);
#4095=ORIENTED_EDGE('',*,*,#3002,.F.);
#4096=ORIENTED_EDGE('',*,*,#2770,.T.);
#4097=ORIENTED_EDGE('',*,*,#3001,.F.);
#4098=ORIENTED_EDGE('',*,*,#2639,.F.);
#4099=ORIENTED_EDGE('',*,*,#2772,.T.);
#4100=ORIENTED_EDGE('',*,*,#3004,.F.);
#4101=ORIENTED_EDGE('',*,*,#3006,.T.);
#4102=ORIENTED_EDGE('',*,*,#3007,.T.);
#4103=ORIENTED_EDGE('',*,*,#2999,.F.);
#4104=ORIENTED_EDGE('',*,*,#2767,.T.);
#4105=ORIENTED_EDGE('',*,*,#2713,.T.);
#4106=ORIENTED_EDGE('',*,*,#2640,.F.);
#4107=ORIENTED_EDGE('',*,*,#3008,.F.);
#4108=ORIENTED_EDGE('',*,*,#3009,.F.);
#4109=ORIENTED_EDGE('',*,*,#3010,.F.);
#4110=ORIENTED_EDGE('',*,*,#3011,.F.);
#4111=ORIENTED_EDGE('',*,*,#3012,.F.);
#4112=ORIENTED_EDGE('',*,*,#3013,.F.);
#4113=ORIENTED_EDGE('',*,*,#2577,.F.);
#4114=ORIENTED_EDGE('',*,*,#2703,.F.);
#4115=ORIENTED_EDGE('',*,*,#2586,.F.);
#4116=ORIENTED_EDGE('',*,*,#2614,.F.);
#4117=ORIENTED_EDGE('',*,*,#2610,.F.);
#4118=ORIENTED_EDGE('',*,*,#2612,.F.);
#4119=ORIENTED_EDGE('',*,*,#2700,.F.);
#4120=ORIENTED_EDGE('',*,*,#2595,.F.);
#4121=ORIENTED_EDGE('',*,*,#2695,.F.);
#4122=ORIENTED_EDGE('',*,*,#2645,.F.);
#4123=ORIENTED_EDGE('',*,*,#3014,.F.);
#4124=ORIENTED_EDGE('',*,*,#3015,.F.);
#4125=ORIENTED_EDGE('',*,*,#3016,.F.);
#4126=ORIENTED_EDGE('',*,*,#3013,.T.);
#4127=ORIENTED_EDGE('',*,*,#3015,.T.);
#4128=ORIENTED_EDGE('',*,*,#3017,.T.);
#4129=ORIENTED_EDGE('',*,*,#2575,.F.);
#4130=ORIENTED_EDGE('',*,*,#3018,.F.);
#4131=ORIENTED_EDGE('',*,*,#3019,.F.);
#4132=ORIENTED_EDGE('',*,*,#3020,.F.);
#4133=ORIENTED_EDGE('',*,*,#3014,.T.);
#4134=ORIENTED_EDGE('',*,*,#3021,.T.);
#4135=ORIENTED_EDGE('',*,*,#3019,.T.);
#4136=ORIENTED_EDGE('',*,*,#3022,.T.);
#4137=ORIENTED_EDGE('',*,*,#3011,.T.);
#4138=ORIENTED_EDGE('',*,*,#3023,.F.);
#4139=ORIENTED_EDGE('',*,*,#3024,.F.);
#4140=ORIENTED_EDGE('',*,*,#3025,.F.);
#4141=ORIENTED_EDGE('',*,*,#3026,.F.);
#4142=ORIENTED_EDGE('',*,*,#3027,.F.);
#4143=ORIENTED_EDGE('',*,*,#3028,.F.);
#4144=ORIENTED_EDGE('',*,*,#3029,.T.);
#4145=ORIENTED_EDGE('',*,*,#3030,.T.);
#4146=ORIENTED_EDGE('',*,*,#3027,.T.);
#4147=ORIENTED_EDGE('',*,*,#3009,.T.);
#4148=ORIENTED_EDGE('',*,*,#3031,.F.);
#4149=ORIENTED_EDGE('',*,*,#3032,.F.);
#4150=ORIENTED_EDGE('',*,*,#3033,.F.);
#4151=ORIENTED_EDGE('',*,*,#2874,.T.);
#4152=ORIENTED_EDGE('',*,*,#3024,.T.);
#4153=ORIENTED_EDGE('',*,*,#3034,.T.);
#4154=ORIENTED_EDGE('',*,*,#3032,.T.);
#4155=ORIENTED_EDGE('',*,*,#3035,.T.);
#4156=ORIENTED_EDGE('',*,*,#3036,.F.);
#4157=ORIENTED_EDGE('',*,*,#3037,.F.);
#4158=ORIENTED_EDGE('',*,*,#3038,.F.);
#4159=ORIENTED_EDGE('',*,*,#3033,.T.);
#4160=ORIENTED_EDGE('',*,*,#3039,.T.);
#4161=ORIENTED_EDGE('',*,*,#3037,.T.);
#4162=ORIENTED_EDGE('',*,*,#2875,.T.);
#4163=ORIENTED_EDGE('',*,*,#3038,.T.);
#4164=ORIENTED_EDGE('',*,*,#3040,.T.);
#4165=ORIENTED_EDGE('',*,*,#3028,.T.);
#4166=ORIENTED_EDGE('',*,*,#3041,.T.);
#4167=ORIENTED_EDGE('',*,*,#3042,.T.);
#4168=ORIENTED_EDGE('',*,*,#2876,.T.);
#4169=ORIENTED_EDGE('',*,*,#3036,.T.);
#4170=ORIENTED_EDGE('',*,*,#3043,.T.);
#4171=ORIENTED_EDGE('',*,*,#3020,.T.);
#4172=ORIENTED_EDGE('',*,*,#3044,.T.);
#4173=ORIENTED_EDGE('',*,*,#3031,.T.);
#4174=ORIENTED_EDGE('',*,*,#2873,.T.);
#4175=ORIENTED_EDGE('',*,*,#3026,.T.);
#4176=ORIENTED_EDGE('',*,*,#3045,.T.);
#4177=ORIENTED_EDGE('',*,*,#3023,.T.);
#4178=ORIENTED_EDGE('',*,*,#3010,.T.);
#4179=ORIENTED_EDGE('',*,*,#3025,.T.);
#4180=ORIENTED_EDGE('',*,*,#3046,.T.);
#4181=ORIENTED_EDGE('',*,*,#3016,.T.);
#4182=ORIENTED_EDGE('',*,*,#3012,.T.);
#4183=ORIENTED_EDGE('',*,*,#3047,.T.);
#4184=ORIENTED_EDGE('',*,*,#3048,.T.);
#4185=ORIENTED_EDGE('',*,*,#3018,.T.);
#4186=ORIENTED_EDGE('',*,*,#2872,.T.);
#4187=ORIENTED_EDGE('',*,*,#2570,.F.);
#4188=ORIENTED_EDGE('',*,*,#3017,.F.);
#4189=ORIENTED_EDGE('',*,*,#3022,.F.);
#4190=ORIENTED_EDGE('',*,*,#3048,.F.);
#4191=ORIENTED_EDGE('',*,*,#3049,.T.);
#4192=ORIENTED_EDGE('',*,*,#3035,.F.);
#4193=ORIENTED_EDGE('',*,*,#3044,.F.);
#4194=ORIENTED_EDGE('',*,*,#3021,.F.);
#4195=ORIENTED_EDGE('',*,*,#3046,.F.);
#4196=ORIENTED_EDGE('',*,*,#3050,.T.);
#4197=ORIENTED_EDGE('',*,*,#3051,.T.);
#4198=ORIENTED_EDGE('',*,*,#3052,.T.);
#4199=ORIENTED_EDGE('',*,*,#3053,.T.);
#4200=ORIENTED_EDGE('',*,*,#3054,.T.);
#4201=ORIENTED_EDGE('',*,*,#3055,.T.);
#4202=ORIENTED_EDGE('',*,*,#3056,.T.);
#4203=ORIENTED_EDGE('',*,*,#3057,.T.);
#4204=ORIENTED_EDGE('',*,*,#3034,.F.);
#4205=ORIENTED_EDGE('',*,*,#3045,.F.);
#4206=ORIENTED_EDGE('',*,*,#3040,.F.);
#4207=ORIENTED_EDGE('',*,*,#3039,.F.);
#4208=ORIENTED_EDGE('',*,*,#2529,.T.);
#4209=ORIENTED_EDGE('',*,*,#3058,.F.);
#4210=ORIENTED_EDGE('',*,*,#3059,.F.);
#4211=ORIENTED_EDGE('',*,*,#2729,.F.);
#4212=ORIENTED_EDGE('',*,*,#2868,.F.);
#4213=ORIENTED_EDGE('',*,*,#3060,.T.);
#4214=ORIENTED_EDGE('',*,*,#3058,.T.);
#4215=ORIENTED_EDGE('',*,*,#2528,.T.);
#4216=ORIENTED_EDGE('',*,*,#3061,.T.);
#4217=ORIENTED_EDGE('',*,*,#3062,.T.);
#4218=ORIENTED_EDGE('',*,*,#3059,.T.);
#4219=ORIENTED_EDGE('',*,*,#3063,.T.);
#4220=ORIENTED_EDGE('',*,*,#2997,.F.);
#4221=ORIENTED_EDGE('',*,*,#3064,.T.);
#4222=ORIENTED_EDGE('',*,*,#3065,.T.);
#4223=ORIENTED_EDGE('',*,*,#3066,.T.);
#4224=ORIENTED_EDGE('',*,*,#3067,.T.);
#4225=ORIENTED_EDGE('',*,*,#3068,.T.);
#4226=ORIENTED_EDGE('',*,*,#3069,.T.);
#4227=ORIENTED_EDGE('',*,*,#3070,.T.);
#4228=ORIENTED_EDGE('',*,*,#3071,.T.);
#4229=ORIENTED_EDGE('',*,*,#3072,.T.);
#4230=ORIENTED_EDGE('',*,*,#3073,.T.);
#4231=ORIENTED_EDGE('',*,*,#3074,.T.);
#4232=ORIENTED_EDGE('',*,*,#2725,.T.);
#4233=ORIENTED_EDGE('',*,*,#2728,.F.);
#4234=ORIENTED_EDGE('',*,*,#3075,.T.);
#4235=ORIENTED_EDGE('',*,*,#3061,.F.);
#4236=ORIENTED_EDGE('',*,*,#3076,.T.);
#4237=ORIENTED_EDGE('',*,*,#2864,.F.);
#4238=ORIENTED_EDGE('',*,*,#2877,.T.);
#4239=ORIENTED_EDGE('',*,*,#3042,.F.);
#4240=ORIENTED_EDGE('',*,*,#3077,.T.);
#4241=ORIENTED_EDGE('',*,*,#3029,.F.);
#4242=ORIENTED_EDGE('',*,*,#3008,.T.);
#4243=ORIENTED_EDGE('',*,*,#3006,.F.);
#4244=ORIENTED_EDGE('',*,*,#3078,.T.);
#4245=ORIENTED_EDGE('',*,*,#3079,.T.);
#4246=ORIENTED_EDGE('',*,*,#3080,.T.);
#4247=ORIENTED_EDGE('',*,*,#3081,.T.);
#4248=ORIENTED_EDGE('',*,*,#3082,.T.);
#4249=ORIENTED_EDGE('',*,*,#3083,.T.);
#4250=ORIENTED_EDGE('',*,*,#3084,.T.);
#4251=ORIENTED_EDGE('',*,*,#3085,.T.);
#4252=ORIENTED_EDGE('',*,*,#3086,.T.);
#4253=ORIENTED_EDGE('',*,*,#3087,.T.);
#4254=ORIENTED_EDGE('',*,*,#3088,.T.);
#4255=ORIENTED_EDGE('',*,*,#3089,.T.);
#4256=ORIENTED_EDGE('',*,*,#3090,.T.);
#4257=ORIENTED_EDGE('',*,*,#3091,.T.);
#4258=ORIENTED_EDGE('',*,*,#3092,.T.);
#4259=ORIENTED_EDGE('',*,*,#3093,.T.);
#4260=ORIENTED_EDGE('',*,*,#3094,.T.);
#4261=ORIENTED_EDGE('',*,*,#3095,.T.);
#4262=ORIENTED_EDGE('',*,*,#2525,.F.);
#4263=ORIENTED_EDGE('',*,*,#3096,.T.);
#4264=ORIENTED_EDGE('',*,*,#2920,.F.);
#4265=ORIENTED_EDGE('',*,*,#2734,.T.);
#4266=ORIENTED_EDGE('',*,*,#2919,.T.);
#4267=ORIENTED_EDGE('',*,*,#3097,.T.);
#4268=ORIENTED_EDGE('',*,*,#2732,.F.);
#4269=ORIENTED_EDGE('',*,*,#2749,.F.);
#4270=ORIENTED_EDGE('',*,*,#2892,.F.);
#4271=ORIENTED_EDGE('',*,*,#2897,.F.);
#4272=ORIENTED_EDGE('',*,*,#2676,.F.);
#4273=ORIENTED_EDGE('',*,*,#2733,.F.);
#4274=ORIENTED_EDGE('',*,*,#3098,.T.);
#4275=ORIENTED_EDGE('',*,*,#3099,.F.);
#4276=ORIENTED_EDGE('',*,*,#3100,.T.);
#4277=ORIENTED_EDGE('',*,*,#3101,.T.);
#4278=ORIENTED_EDGE('',*,*,#2535,.F.);
#4279=ORIENTED_EDGE('',*,*,#2922,.T.);
#4280=ORIENTED_EDGE('',*,*,#3102,.F.);
#4281=ORIENTED_EDGE('',*,*,#3103,.F.);
#4282=ORIENTED_EDGE('',*,*,#3098,.F.);
#4283=ORIENTED_EDGE('',*,*,#3097,.F.);
#4284=ORIENTED_EDGE('',*,*,#2921,.T.);
#4285=ORIENTED_EDGE('',*,*,#3096,.F.);
#4286=ORIENTED_EDGE('',*,*,#2524,.F.);
#4287=ORIENTED_EDGE('',*,*,#2537,.F.);
#4288=ORIENTED_EDGE('',*,*,#3104,.F.);
#4289=ORIENTED_EDGE('',*,*,#3066,.F.);
#4290=ORIENTED_EDGE('',*,*,#3105,.T.);
#4291=ORIENTED_EDGE('',*,*,#3102,.T.);
#4292=ORIENTED_EDGE('',*,*,#2855,.F.);
#4293=ORIENTED_EDGE('',*,*,#2859,.T.);
#4294=ORIENTED_EDGE('',*,*,#2995,.F.);
#4295=ORIENTED_EDGE('',*,*,#2996,.F.);
#4296=ORIENTED_EDGE('',*,*,#2842,.F.);
#4297=ORIENTED_EDGE('',*,*,#2846,.F.);
#4298=ORIENTED_EDGE('',*,*,#3106,.T.);
#4299=ORIENTED_EDGE('',*,*,#3107,.T.);
#4300=ORIENTED_EDGE('',*,*,#2843,.F.);
#4301=ORIENTED_EDGE('',*,*,#3107,.F.);
#4302=ORIENTED_EDGE('',*,*,#3108,.T.);
#4303=ORIENTED_EDGE('',*,*,#2847,.T.);
#4304=ORIENTED_EDGE('',*,*,#2829,.F.);
#4305=ORIENTED_EDGE('',*,*,#2833,.F.);
#4306=ORIENTED_EDGE('',*,*,#3109,.T.);
#4307=ORIENTED_EDGE('',*,*,#3110,.T.);
#4308=ORIENTED_EDGE('',*,*,#2830,.F.);
#4309=ORIENTED_EDGE('',*,*,#3110,.F.);
#4310=ORIENTED_EDGE('',*,*,#3111,.T.);
#4311=ORIENTED_EDGE('',*,*,#2834,.T.);
#4312=ORIENTED_EDGE('',*,*,#2816,.F.);
#4313=ORIENTED_EDGE('',*,*,#2820,.F.);
#4314=ORIENTED_EDGE('',*,*,#3112,.T.);
#4315=ORIENTED_EDGE('',*,*,#3113,.T.);
#4316=ORIENTED_EDGE('',*,*,#2817,.F.);
#4317=ORIENTED_EDGE('',*,*,#3113,.F.);
#4318=ORIENTED_EDGE('',*,*,#3114,.T.);
#4319=ORIENTED_EDGE('',*,*,#2821,.T.);
#4320=ORIENTED_EDGE('',*,*,#2803,.F.);
#4321=ORIENTED_EDGE('',*,*,#2807,.F.);
#4322=ORIENTED_EDGE('',*,*,#3115,.T.);
#4323=ORIENTED_EDGE('',*,*,#3116,.T.);
#4324=ORIENTED_EDGE('',*,*,#2804,.F.);
#4325=ORIENTED_EDGE('',*,*,#3116,.F.);
#4326=ORIENTED_EDGE('',*,*,#3117,.T.);
#4327=ORIENTED_EDGE('',*,*,#2808,.T.);
#4328=ORIENTED_EDGE('',*,*,#2576,.F.);
#4329=ORIENTED_EDGE('',*,*,#3049,.F.);
#4330=ORIENTED_EDGE('',*,*,#3047,.F.);
#4331=ORIENTED_EDGE('',*,*,#2569,.F.);
#4332=ORIENTED_EDGE('',*,*,#2579,.F.);
#4333=ORIENTED_EDGE('',*,*,#2594,.F.);
#4334=ORIENTED_EDGE('',*,*,#2711,.T.);
#4335=ORIENTED_EDGE('',*,*,#2601,.F.);
#4336=ORIENTED_EDGE('',*,*,#2699,.F.);
#4337=ORIENTED_EDGE('',*,*,#3095,.F.);
#4338=ORIENTED_EDGE('',*,*,#3118,.T.);
#4339=ORIENTED_EDGE('',*,*,#3119,.T.);
#4340=ORIENTED_EDGE('',*,*,#3118,.F.);
#4341=ORIENTED_EDGE('',*,*,#3119,.F.);
#4342=ORIENTED_EDGE('',*,*,#3094,.F.);
#4343=ORIENTED_EDGE('',*,*,#3120,.T.);
#4344=ORIENTED_EDGE('',*,*,#3121,.T.);
#4345=ORIENTED_EDGE('',*,*,#3120,.F.);
#4346=ORIENTED_EDGE('',*,*,#3121,.F.);
#4347=ORIENTED_EDGE('',*,*,#3093,.F.);
#4348=ORIENTED_EDGE('',*,*,#3122,.T.);
#4349=ORIENTED_EDGE('',*,*,#3123,.T.);
#4350=ORIENTED_EDGE('',*,*,#3122,.F.);
#4351=ORIENTED_EDGE('',*,*,#3123,.F.);
#4352=ORIENTED_EDGE('',*,*,#3124,.F.);
#4353=ORIENTED_EDGE('',*,*,#3125,.F.);
#4354=ORIENTED_EDGE('',*,*,#3126,.F.);
#4355=ORIENTED_EDGE('',*,*,#3127,.F.);
#4356=ORIENTED_EDGE('',*,*,#3128,.F.);
#4357=ORIENTED_EDGE('',*,*,#3129,.F.);
#4358=ORIENTED_EDGE('',*,*,#3130,.F.);
#4359=ORIENTED_EDGE('',*,*,#3131,.F.);
#4360=ORIENTED_EDGE('',*,*,#3132,.T.);
#4361=ORIENTED_EDGE('',*,*,#2989,.F.);
#4362=ORIENTED_EDGE('',*,*,#3133,.T.);
#4363=ORIENTED_EDGE('',*,*,#3124,.T.);
#4364=ORIENTED_EDGE('',*,*,#3133,.F.);
#4365=ORIENTED_EDGE('',*,*,#2988,.F.);
#4366=ORIENTED_EDGE('',*,*,#3134,.T.);
#4367=ORIENTED_EDGE('',*,*,#3125,.T.);
#4368=ORIENTED_EDGE('',*,*,#3134,.F.);
#4369=ORIENTED_EDGE('',*,*,#2987,.F.);
#4370=ORIENTED_EDGE('',*,*,#3135,.T.);
#4371=ORIENTED_EDGE('',*,*,#3126,.T.);
#4372=ORIENTED_EDGE('',*,*,#3135,.F.);
#4373=ORIENTED_EDGE('',*,*,#2986,.F.);
#4374=ORIENTED_EDGE('',*,*,#3136,.T.);
#4375=ORIENTED_EDGE('',*,*,#3127,.T.);
#4376=ORIENTED_EDGE('',*,*,#3136,.F.);
#4377=ORIENTED_EDGE('',*,*,#2985,.F.);
#4378=ORIENTED_EDGE('',*,*,#3137,.T.);
#4379=ORIENTED_EDGE('',*,*,#3128,.T.);
#4380=ORIENTED_EDGE('',*,*,#3137,.F.);
#4381=ORIENTED_EDGE('',*,*,#2984,.F.);
#4382=ORIENTED_EDGE('',*,*,#3138,.T.);
#4383=ORIENTED_EDGE('',*,*,#3129,.T.);
#4384=ORIENTED_EDGE('',*,*,#3138,.F.);
#4385=ORIENTED_EDGE('',*,*,#2983,.F.);
#4386=ORIENTED_EDGE('',*,*,#3139,.T.);
#4387=ORIENTED_EDGE('',*,*,#3130,.T.);
#4388=ORIENTED_EDGE('',*,*,#3139,.F.);
#4389=ORIENTED_EDGE('',*,*,#2982,.F.);
#4390=ORIENTED_EDGE('',*,*,#3132,.F.);
#4391=ORIENTED_EDGE('',*,*,#3131,.T.);
#4392=ORIENTED_EDGE('',*,*,#2888,.F.);
#4393=ORIENTED_EDGE('',*,*,#2965,.F.);
#4394=ORIENTED_EDGE('',*,*,#2963,.F.);
#4395=ORIENTED_EDGE('',*,*,#2900,.F.);
#4396=ORIENTED_EDGE('',*,*,#2562,.F.);
#4397=ORIENTED_EDGE('',*,*,#3140,.T.);
#4398=ORIENTED_EDGE('',*,*,#3141,.T.);
#4399=ORIENTED_EDGE('',*,*,#3142,.F.);
#4400=ORIENTED_EDGE('',*,*,#2561,.F.);
#4401=ORIENTED_EDGE('',*,*,#3143,.T.);
#4402=ORIENTED_EDGE('',*,*,#3144,.T.);
#4403=ORIENTED_EDGE('',*,*,#3140,.F.);
#4404=ORIENTED_EDGE('',*,*,#2560,.F.);
#4405=ORIENTED_EDGE('',*,*,#3145,.F.);
#4406=ORIENTED_EDGE('',*,*,#3146,.T.);
#4407=ORIENTED_EDGE('',*,*,#3143,.F.);
#4408=ORIENTED_EDGE('',*,*,#2553,.F.);
#4409=ORIENTED_EDGE('',*,*,#3147,.T.);
#4410=ORIENTED_EDGE('',*,*,#3148,.T.);
#4411=ORIENTED_EDGE('',*,*,#3149,.F.);
#4412=ORIENTED_EDGE('',*,*,#2563,.F.);
#4413=ORIENTED_EDGE('',*,*,#3142,.T.);
#4414=ORIENTED_EDGE('',*,*,#3150,.T.);
#4415=ORIENTED_EDGE('',*,*,#3147,.F.);
#4416=ORIENTED_EDGE('',*,*,#3150,.F.);
#4417=ORIENTED_EDGE('',*,*,#3141,.F.);
#4418=ORIENTED_EDGE('',*,*,#3144,.F.);
#4419=ORIENTED_EDGE('',*,*,#3146,.F.);
#4420=ORIENTED_EDGE('',*,*,#3151,.F.);
#4421=ORIENTED_EDGE('',*,*,#3148,.F.);
#4422=ORIENTED_EDGE('',*,*,#3149,.T.);
#4423=ORIENTED_EDGE('',*,*,#3151,.T.);
#4424=ORIENTED_EDGE('',*,*,#3145,.T.);
#4425=ORIENTED_EDGE('',*,*,#2559,.F.);
#4426=ORIENTED_EDGE('',*,*,#3152,.F.);
#4427=ORIENTED_EDGE('',*,*,#3153,.F.);
#4428=ORIENTED_EDGE('',*,*,#3154,.F.);
#4429=ORIENTED_EDGE('',*,*,#3155,.F.);
#4430=ORIENTED_EDGE('',*,*,#3156,.F.);
#4431=ORIENTED_EDGE('',*,*,#3157,.F.);
#4432=ORIENTED_EDGE('',*,*,#3090,.F.);
#4433=ORIENTED_EDGE('',*,*,#3158,.T.);
#4434=ORIENTED_EDGE('',*,*,#2554,.F.);
#4435=ORIENTED_EDGE('',*,*,#2545,.F.);
#4436=ORIENTED_EDGE('',*,*,#3159,.T.);
#4437=ORIENTED_EDGE('',*,*,#3160,.T.);
#4438=ORIENTED_EDGE('',*,*,#3161,.F.);
#4439=ORIENTED_EDGE('',*,*,#2552,.F.);
#4440=ORIENTED_EDGE('',*,*,#3162,.T.);
#4441=ORIENTED_EDGE('',*,*,#3163,.T.);
#4442=ORIENTED_EDGE('',*,*,#3159,.F.);
#4443=ORIENTED_EDGE('',*,*,#2551,.F.);
#4444=ORIENTED_EDGE('',*,*,#3164,.T.);
#4445=ORIENTED_EDGE('',*,*,#3165,.T.);
#4446=ORIENTED_EDGE('',*,*,#3162,.F.);
#4447=ORIENTED_EDGE('',*,*,#2550,.F.);
#4448=ORIENTED_EDGE('',*,*,#3166,.T.);
#4449=ORIENTED_EDGE('',*,*,#3167,.T.);
#4450=ORIENTED_EDGE('',*,*,#3164,.F.);
#4451=ORIENTED_EDGE('',*,*,#2549,.F.);
#4452=ORIENTED_EDGE('',*,*,#3168,.T.);
#4453=ORIENTED_EDGE('',*,*,#3169,.T.);
#4454=ORIENTED_EDGE('',*,*,#3166,.F.);
#4455=ORIENTED_EDGE('',*,*,#2548,.F.);
#4456=ORIENTED_EDGE('',*,*,#3170,.T.);
#4457=ORIENTED_EDGE('',*,*,#3171,.T.);
#4458=ORIENTED_EDGE('',*,*,#3168,.F.);
#4459=ORIENTED_EDGE('',*,*,#2547,.F.);
#4460=ORIENTED_EDGE('',*,*,#3172,.T.);
#4461=ORIENTED_EDGE('',*,*,#3173,.T.);
#4462=ORIENTED_EDGE('',*,*,#3170,.F.);
#4463=ORIENTED_EDGE('',*,*,#2546,.F.);
#4464=ORIENTED_EDGE('',*,*,#3161,.T.);
#4465=ORIENTED_EDGE('',*,*,#3174,.T.);
#4466=ORIENTED_EDGE('',*,*,#3172,.F.);
#4467=ORIENTED_EDGE('',*,*,#3174,.F.);
#4468=ORIENTED_EDGE('',*,*,#3160,.F.);
#4469=ORIENTED_EDGE('',*,*,#3163,.F.);
#4470=ORIENTED_EDGE('',*,*,#3165,.F.);
#4471=ORIENTED_EDGE('',*,*,#3167,.F.);
#4472=ORIENTED_EDGE('',*,*,#3169,.F.);
#4473=ORIENTED_EDGE('',*,*,#3171,.F.);
#4474=ORIENTED_EDGE('',*,*,#3173,.F.);
#4475=ORIENTED_EDGE('',*,*,#2760,.F.);
#4476=ORIENTED_EDGE('',*,*,#3175,.T.);
#4477=ORIENTED_EDGE('',*,*,#3176,.F.);
#4478=ORIENTED_EDGE('',*,*,#3177,.F.);
#4479=ORIENTED_EDGE('',*,*,#2761,.F.);
#4480=ORIENTED_EDGE('',*,*,#3177,.T.);
#4481=ORIENTED_EDGE('',*,*,#3178,.F.);
#4482=ORIENTED_EDGE('',*,*,#3179,.F.);
#4483=ORIENTED_EDGE('',*,*,#2762,.F.);
#4484=ORIENTED_EDGE('',*,*,#3179,.T.);
#4485=ORIENTED_EDGE('',*,*,#3180,.F.);
#4486=ORIENTED_EDGE('',*,*,#3181,.F.);
#4487=ORIENTED_EDGE('',*,*,#2759,.F.);
#4488=ORIENTED_EDGE('',*,*,#3181,.T.);
#4489=ORIENTED_EDGE('',*,*,#3182,.F.);
#4490=ORIENTED_EDGE('',*,*,#3175,.F.);
#4491=ORIENTED_EDGE('',*,*,#3117,.F.);
#4492=ORIENTED_EDGE('',*,*,#3115,.F.);
#4493=ORIENTED_EDGE('',*,*,#2806,.F.);
#4494=ORIENTED_EDGE('',*,*,#2809,.F.);
#4495=ORIENTED_EDGE('',*,*,#3182,.T.);
#4496=ORIENTED_EDGE('',*,*,#3180,.T.);
#4497=ORIENTED_EDGE('',*,*,#3178,.T.);
#4498=ORIENTED_EDGE('',*,*,#3176,.T.);
#4499=ORIENTED_EDGE('',*,*,#3055,.F.);
#4500=ORIENTED_EDGE('',*,*,#3183,.T.);
#4501=ORIENTED_EDGE('',*,*,#3184,.F.);
#4502=ORIENTED_EDGE('',*,*,#3185,.F.);
#4503=ORIENTED_EDGE('',*,*,#3056,.F.);
#4504=ORIENTED_EDGE('',*,*,#3185,.T.);
#4505=ORIENTED_EDGE('',*,*,#3186,.F.);
#4506=ORIENTED_EDGE('',*,*,#3187,.F.);
#4507=ORIENTED_EDGE('',*,*,#3057,.F.);
#4508=ORIENTED_EDGE('',*,*,#3187,.T.);
#4509=ORIENTED_EDGE('',*,*,#3188,.F.);
#4510=ORIENTED_EDGE('',*,*,#3189,.F.);
#4511=ORIENTED_EDGE('',*,*,#3054,.F.);
#4512=ORIENTED_EDGE('',*,*,#3189,.T.);
#4513=ORIENTED_EDGE('',*,*,#3190,.F.);
#4514=ORIENTED_EDGE('',*,*,#3183,.F.);
#4515=ORIENTED_EDGE('',*,*,#3108,.F.);
#4516=ORIENTED_EDGE('',*,*,#3106,.F.);
#4517=ORIENTED_EDGE('',*,*,#2845,.F.);
#4518=ORIENTED_EDGE('',*,*,#2848,.F.);
#4519=ORIENTED_EDGE('',*,*,#3190,.T.);
#4520=ORIENTED_EDGE('',*,*,#3188,.T.);
#4521=ORIENTED_EDGE('',*,*,#3186,.T.);
#4522=ORIENTED_EDGE('',*,*,#3184,.T.);
#4523=ORIENTED_EDGE('',*,*,#2756,.F.);
#4524=ORIENTED_EDGE('',*,*,#3191,.T.);
#4525=ORIENTED_EDGE('',*,*,#3192,.F.);
#4526=ORIENTED_EDGE('',*,*,#3193,.F.);
#4527=ORIENTED_EDGE('',*,*,#2757,.F.);
#4528=ORIENTED_EDGE('',*,*,#3193,.T.);
#4529=ORIENTED_EDGE('',*,*,#3194,.F.);
#4530=ORIENTED_EDGE('',*,*,#3195,.F.);
#4531=ORIENTED_EDGE('',*,*,#2758,.F.);
#4532=ORIENTED_EDGE('',*,*,#3195,.T.);
#4533=ORIENTED_EDGE('',*,*,#3196,.F.);
#4534=ORIENTED_EDGE('',*,*,#3197,.F.);
#4535=ORIENTED_EDGE('',*,*,#2755,.F.);
#4536=ORIENTED_EDGE('',*,*,#3197,.T.);
#4537=ORIENTED_EDGE('',*,*,#3198,.F.);
#4538=ORIENTED_EDGE('',*,*,#3191,.F.);
#4539=ORIENTED_EDGE('',*,*,#3111,.F.);
#4540=ORIENTED_EDGE('',*,*,#3109,.F.);
#4541=ORIENTED_EDGE('',*,*,#2832,.F.);
#4542=ORIENTED_EDGE('',*,*,#2835,.F.);
#4543=ORIENTED_EDGE('',*,*,#3198,.T.);
#4544=ORIENTED_EDGE('',*,*,#3196,.T.);
#4545=ORIENTED_EDGE('',*,*,#3194,.T.);
#4546=ORIENTED_EDGE('',*,*,#3192,.T.);
#4547=ORIENTED_EDGE('',*,*,#3051,.F.);
#4548=ORIENTED_EDGE('',*,*,#3199,.T.);
#4549=ORIENTED_EDGE('',*,*,#3200,.F.);
#4550=ORIENTED_EDGE('',*,*,#3201,.F.);
#4551=ORIENTED_EDGE('',*,*,#3052,.F.);
#4552=ORIENTED_EDGE('',*,*,#3201,.T.);
#4553=ORIENTED_EDGE('',*,*,#3202,.F.);
#4554=ORIENTED_EDGE('',*,*,#3203,.F.);
#4555=ORIENTED_EDGE('',*,*,#3053,.F.);
#4556=ORIENTED_EDGE('',*,*,#3203,.T.);
#4557=ORIENTED_EDGE('',*,*,#3204,.F.);
#4558=ORIENTED_EDGE('',*,*,#3205,.F.);
#4559=ORIENTED_EDGE('',*,*,#3050,.F.);
#4560=ORIENTED_EDGE('',*,*,#3205,.T.);
#4561=ORIENTED_EDGE('',*,*,#3206,.F.);
#4562=ORIENTED_EDGE('',*,*,#3199,.F.);
#4563=ORIENTED_EDGE('',*,*,#3114,.F.);
#4564=ORIENTED_EDGE('',*,*,#3112,.F.);
#4565=ORIENTED_EDGE('',*,*,#2819,.F.);
#4566=ORIENTED_EDGE('',*,*,#2822,.F.);
#4567=ORIENTED_EDGE('',*,*,#3206,.T.);
#4568=ORIENTED_EDGE('',*,*,#3204,.T.);
#4569=ORIENTED_EDGE('',*,*,#3202,.T.);
#4570=ORIENTED_EDGE('',*,*,#3200,.T.);
#4571=ORIENTED_EDGE('',*,*,#3207,.F.);
#4572=ORIENTED_EDGE('',*,*,#3155,.T.);
#4573=ORIENTED_EDGE('',*,*,#3208,.F.);
#4574=ORIENTED_EDGE('',*,*,#3209,.F.);
#4575=ORIENTED_EDGE('',*,*,#3210,.F.);
#4576=ORIENTED_EDGE('',*,*,#2557,.F.);
#4577=ORIENTED_EDGE('',*,*,#3211,.F.);
#4578=ORIENTED_EDGE('',*,*,#3087,.F.);
#4579=ORIENTED_EDGE('',*,*,#3212,.F.);
#4580=ORIENTED_EDGE('',*,*,#2556,.F.);
#4581=ORIENTED_EDGE('',*,*,#3213,.F.);
#4582=ORIENTED_EDGE('',*,*,#3088,.F.);
#4583=ORIENTED_EDGE('',*,*,#3211,.T.);
#4584=ORIENTED_EDGE('',*,*,#2555,.F.);
#4585=ORIENTED_EDGE('',*,*,#3158,.F.);
#4586=ORIENTED_EDGE('',*,*,#3089,.F.);
#4587=ORIENTED_EDGE('',*,*,#3213,.T.);
#4588=ORIENTED_EDGE('',*,*,#2538,.F.);
#4589=ORIENTED_EDGE('',*,*,#3214,.F.);
#4590=ORIENTED_EDGE('',*,*,#3081,.F.);
#4591=ORIENTED_EDGE('',*,*,#3215,.T.);
#4592=ORIENTED_EDGE('',*,*,#2539,.F.);
#4593=ORIENTED_EDGE('',*,*,#3215,.F.);
#4594=ORIENTED_EDGE('',*,*,#3084,.F.);
#4595=ORIENTED_EDGE('',*,*,#3216,.T.);
#4596=ORIENTED_EDGE('',*,*,#2540,.F.);
#4597=ORIENTED_EDGE('',*,*,#3216,.F.);
#4598=ORIENTED_EDGE('',*,*,#3083,.F.);
#4599=ORIENTED_EDGE('',*,*,#3217,.T.);
#4600=ORIENTED_EDGE('',*,*,#2541,.F.);
#4601=ORIENTED_EDGE('',*,*,#3217,.F.);
#4602=ORIENTED_EDGE('',*,*,#3082,.F.);
#4603=ORIENTED_EDGE('',*,*,#3214,.T.);
#4604=ORIENTED_EDGE('',*,*,#3212,.T.);
#4605=ORIENTED_EDGE('',*,*,#3091,.F.);
#4606=ORIENTED_EDGE('',*,*,#3157,.T.);
#4607=ORIENTED_EDGE('',*,*,#3218,.T.);
#4608=ORIENTED_EDGE('',*,*,#3062,.F.);
#4609=ORIENTED_EDGE('',*,*,#3075,.F.);
#4610=ORIENTED_EDGE('',*,*,#2727,.F.);
#4611=ORIENTED_EDGE('',*,*,#2730,.F.);
#4612=ORIENTED_EDGE('',*,*,#2865,.F.);
#4613=ORIENTED_EDGE('',*,*,#3076,.F.);
#4614=ORIENTED_EDGE('',*,*,#3063,.F.);
#4615=ORIENTED_EDGE('',*,*,#3060,.F.);
#4616=ORIENTED_EDGE('',*,*,#2536,.F.);
#4617=ORIENTED_EDGE('',*,*,#3101,.F.);
#4618=ORIENTED_EDGE('',*,*,#3219,.T.);
#4619=ORIENTED_EDGE('',*,*,#3067,.F.);
#4620=ORIENTED_EDGE('',*,*,#3104,.T.);
#4621=ORIENTED_EDGE('',*,*,#3065,.F.);
#4622=ORIENTED_EDGE('',*,*,#3220,.T.);
#4623=ORIENTED_EDGE('',*,*,#3099,.T.);
#4624=ORIENTED_EDGE('',*,*,#3103,.T.);
#4625=ORIENTED_EDGE('',*,*,#3105,.F.);
#4626=ORIENTED_EDGE('',*,*,#3221,.T.);
#4627=ORIENTED_EDGE('',*,*,#3219,.F.);
#4628=ORIENTED_EDGE('',*,*,#3100,.F.);
#4629=ORIENTED_EDGE('',*,*,#3220,.F.);
#4630=ORIENTED_EDGE('',*,*,#3030,.F.);
#4631=ORIENTED_EDGE('',*,*,#3077,.F.);
#4632=ORIENTED_EDGE('',*,*,#3043,.F.);
#4633=ORIENTED_EDGE('',*,*,#3041,.F.);
#4634=ORIENTED_EDGE('',*,*,#3222,.F.);
#4635=ORIENTED_EDGE('',*,*,#3223,.T.);
#4636=ORIENTED_EDGE('',*,*,#3224,.F.);
#4637=ORIENTED_EDGE('',*,*,#3223,.F.);
#4638=ORIENTED_EDGE('',*,*,#2883,.F.);
#4639=ORIENTED_EDGE('',*,*,#3224,.T.);
#4640=ORIENTED_EDGE('',*,*,#2795,.F.);
#4641=ORIENTED_EDGE('',*,*,#3222,.T.);
#4642=ORIENTED_EDGE('',*,*,#3225,.T.);
#4643=ORIENTED_EDGE('',*,*,#3226,.T.);
#4644=ORIENTED_EDGE('',*,*,#3227,.T.);
#4645=ORIENTED_EDGE('',*,*,#3208,.T.);
#4646=ORIENTED_EDGE('',*,*,#3154,.T.);
#4647=ORIENTED_EDGE('',*,*,#3228,.T.);
#4648=ORIENTED_EDGE('',*,*,#3226,.F.);
#4649=ORIENTED_EDGE('',*,*,#3153,.T.);
#4650=ORIENTED_EDGE('',*,*,#3229,.T.);
#4651=ORIENTED_EDGE('',*,*,#3209,.T.);
#4652=ORIENTED_EDGE('',*,*,#3227,.F.);
#4653=ORIENTED_EDGE('',*,*,#3228,.F.);
#4654=ORIENTED_EDGE('',*,*,#3230,.T.);
#4655=ORIENTED_EDGE('',*,*,#3231,.T.);
#4656=ORIENTED_EDGE('',*,*,#3225,.F.);
#4657=ORIENTED_EDGE('',*,*,#3231,.F.);
#4658=ORIENTED_EDGE('',*,*,#3232,.T.);
#4659=ORIENTED_EDGE('',*,*,#3233,.T.);
#4660=ORIENTED_EDGE('',*,*,#3234,.T.);
#4661=ORIENTED_EDGE('',*,*,#3233,.F.);
#4662=ORIENTED_EDGE('',*,*,#3235,.T.);
#4663=ORIENTED_EDGE('',*,*,#3234,.F.);
#4664=ORIENTED_EDGE('',*,*,#3236,.T.);
#4665=ORIENTED_EDGE('',*,*,#3237,.T.);
#4666=ORIENTED_EDGE('',*,*,#3232,.F.);
#4667=ORIENTED_EDGE('',*,*,#3237,.F.);
#4668=ORIENTED_EDGE('',*,*,#3238,.T.);
#4669=ORIENTED_EDGE('',*,*,#3239,.T.);
#4670=ORIENTED_EDGE('',*,*,#3240,.T.);
#4671=ORIENTED_EDGE('',*,*,#3239,.F.);
#4672=ORIENTED_EDGE('',*,*,#3241,.T.);
#4673=ORIENTED_EDGE('',*,*,#3240,.F.);
#4674=ORIENTED_EDGE('',*,*,#3242,.T.);
#4675=ORIENTED_EDGE('',*,*,#3243,.T.);
#4676=ORIENTED_EDGE('',*,*,#3238,.F.);
#4677=ORIENTED_EDGE('',*,*,#3243,.F.);
#4678=ORIENTED_EDGE('',*,*,#3244,.T.);
#4679=ORIENTED_EDGE('',*,*,#3245,.T.);
#4680=ORIENTED_EDGE('',*,*,#3246,.T.);
#4681=ORIENTED_EDGE('',*,*,#3245,.F.);
#4682=ORIENTED_EDGE('',*,*,#3247,.T.);
#4683=ORIENTED_EDGE('',*,*,#3246,.F.);
#4684=ORIENTED_EDGE('',*,*,#3248,.T.);
#4685=ORIENTED_EDGE('',*,*,#3249,.T.);
#4686=ORIENTED_EDGE('',*,*,#3244,.F.);
#4687=ORIENTED_EDGE('',*,*,#3249,.F.);
#4688=ORIENTED_EDGE('',*,*,#3007,.F.);
#4689=ORIENTED_EDGE('',*,*,#2723,.F.);
#4690=ORIENTED_EDGE('',*,*,#3250,.F.);
#4691=ORIENTED_EDGE('',*,*,#3068,.F.);
#4692=ORIENTED_EDGE('',*,*,#3221,.F.);
#4693=ORIENTED_EDGE('',*,*,#3064,.F.);
#4694=ORIENTED_EDGE('',*,*,#3069,.F.);
#4695=ORIENTED_EDGE('',*,*,#3250,.T.);
#4696=ORIENTED_EDGE('',*,*,#2722,.F.);
#4697=ORIENTED_EDGE('',*,*,#3251,.F.);
#4698=ORIENTED_EDGE('',*,*,#3070,.F.);
#4699=ORIENTED_EDGE('',*,*,#3251,.T.);
#4700=ORIENTED_EDGE('',*,*,#2721,.F.);
#4701=ORIENTED_EDGE('',*,*,#3252,.F.);
#4702=ORIENTED_EDGE('',*,*,#3071,.F.);
#4703=ORIENTED_EDGE('',*,*,#3252,.T.);
#4704=ORIENTED_EDGE('',*,*,#2720,.F.);
#4705=ORIENTED_EDGE('',*,*,#3253,.F.);
#4706=ORIENTED_EDGE('',*,*,#3072,.F.);
#4707=ORIENTED_EDGE('',*,*,#3253,.T.);
#4708=ORIENTED_EDGE('',*,*,#2719,.F.);
#4709=ORIENTED_EDGE('',*,*,#3254,.F.);
#4710=ORIENTED_EDGE('',*,*,#3073,.F.);
#4711=ORIENTED_EDGE('',*,*,#3254,.T.);
#4712=ORIENTED_EDGE('',*,*,#2718,.F.);
#4713=ORIENTED_EDGE('',*,*,#3255,.F.);
#4714=ORIENTED_EDGE('',*,*,#3074,.F.);
#4715=ORIENTED_EDGE('',*,*,#3255,.T.);
#4716=ORIENTED_EDGE('',*,*,#2717,.F.);
#4717=ORIENTED_EDGE('',*,*,#2726,.F.);
#4718=ORIENTED_EDGE('',*,*,#3235,.F.);
#4719=ORIENTED_EDGE('',*,*,#3256,.T.);
#4720=ORIENTED_EDGE('',*,*,#2542,.F.);
#4721=ORIENTED_EDGE('',*,*,#3256,.F.);
#4722=ORIENTED_EDGE('',*,*,#3152,.T.);
#4723=ORIENTED_EDGE('',*,*,#2558,.F.);
#4724=ORIENTED_EDGE('',*,*,#3210,.T.);
#4725=ORIENTED_EDGE('',*,*,#3229,.F.);
#4726=ORIENTED_EDGE('',*,*,#3247,.F.);
#4727=ORIENTED_EDGE('',*,*,#3257,.T.);
#4728=ORIENTED_EDGE('',*,*,#2543,.F.);
#4729=ORIENTED_EDGE('',*,*,#3257,.F.);
#4730=ORIENTED_EDGE('',*,*,#3241,.F.);
#4731=ORIENTED_EDGE('',*,*,#3258,.T.);
#4732=ORIENTED_EDGE('',*,*,#2544,.F.);
#4733=ORIENTED_EDGE('',*,*,#3258,.F.);
#4734=ORIENTED_EDGE('',*,*,#3092,.F.);
#4735=ORIENTED_EDGE('',*,*,#3259,.T.);
#4736=ORIENTED_EDGE('',*,*,#3260,.T.);
#4737=ORIENTED_EDGE('',*,*,#3259,.F.);
#4738=ORIENTED_EDGE('',*,*,#3260,.F.);
#4739=ORIENTED_EDGE('',*,*,#3236,.F.);
#4740=ORIENTED_EDGE('',*,*,#3207,.T.);
#4741=ORIENTED_EDGE('',*,*,#3218,.F.);
#4742=ORIENTED_EDGE('',*,*,#3156,.T.);
#4743=ORIENTED_EDGE('',*,*,#3230,.F.);
#4744=ORIENTED_EDGE('',*,*,#3086,.F.);
#4745=ORIENTED_EDGE('',*,*,#3261,.T.);
#4746=ORIENTED_EDGE('',*,*,#3262,.T.);
#4747=ORIENTED_EDGE('',*,*,#3261,.F.);
#4748=ORIENTED_EDGE('',*,*,#3262,.F.);
#4749=ORIENTED_EDGE('',*,*,#3242,.F.);
#4750=ORIENTED_EDGE('',*,*,#3085,.F.);
#4751=ORIENTED_EDGE('',*,*,#3263,.T.);
#4752=ORIENTED_EDGE('',*,*,#3264,.T.);
#4753=ORIENTED_EDGE('',*,*,#3263,.F.);
#4754=ORIENTED_EDGE('',*,*,#3264,.F.);
#4755=ORIENTED_EDGE('',*,*,#3248,.F.);
#4756=ORIENTED_EDGE('',*,*,#3079,.F.);
#4757=ORIENTED_EDGE('',*,*,#3265,.T.);
#4758=ORIENTED_EDGE('',*,*,#3266,.T.);
#4759=ORIENTED_EDGE('',*,*,#3267,.F.);
#4760=ORIENTED_EDGE('',*,*,#3003,.F.);
#4761=ORIENTED_EDGE('',*,*,#3268,.T.);
#4762=ORIENTED_EDGE('',*,*,#3265,.F.);
#4763=ORIENTED_EDGE('',*,*,#3078,.F.);
#4764=ORIENTED_EDGE('',*,*,#3000,.F.);
#4765=ORIENTED_EDGE('',*,*,#3080,.F.);
#4766=ORIENTED_EDGE('',*,*,#3267,.T.);
#4767=ORIENTED_EDGE('',*,*,#3269,.T.);
#4768=ORIENTED_EDGE('',*,*,#3005,.F.);
#4769=ORIENTED_EDGE('',*,*,#3269,.F.);
#4770=ORIENTED_EDGE('',*,*,#3266,.F.);
#4771=ORIENTED_EDGE('',*,*,#3268,.F.);
#4772=CYLINDRICAL_SURFACE('',#5227,1.);
#4773=CYLINDRICAL_SURFACE('',#5251,1.);
#4774=CYLINDRICAL_SURFACE('',#5257,1.);
#4775=CYLINDRICAL_SURFACE('',#5259,1.);
#4776=CYLINDRICAL_SURFACE('',#5278,1.);
#4777=CYLINDRICAL_SURFACE('',#5284,1.);
#4778=CYLINDRICAL_SURFACE('',#5290,1.);
#4779=CYLINDRICAL_SURFACE('',#5296,1.);
#4780=CYLINDRICAL_SURFACE('',#5297,1.);
#4781=CYLINDRICAL_SURFACE('',#5316,1.);
#4782=CYLINDRICAL_SURFACE('',#5323,1.);
#4783=CYLINDRICAL_SURFACE('',#5325,5.);
#4784=CYLINDRICAL_SURFACE('',#5336,1.);
#4785=CYLINDRICAL_SURFACE('',#5342,1.);
#4786=CYLINDRICAL_SURFACE('',#5344,1.);
#4787=CYLINDRICAL_SURFACE('',#5350,1.);
#4788=CYLINDRICAL_SURFACE('',#5351,5.);
#4789=CYLINDRICAL_SURFACE('',#5352,1.);
#4790=CYLINDRICAL_SURFACE('',#5353,1.);
#4791=CYLINDRICAL_SURFACE('',#5357,1.);
#4792=CYLINDRICAL_SURFACE('',#5358,1.);
#4793=CYLINDRICAL_SURFACE('',#5363,1.);
#4794=CYLINDRICAL_SURFACE('',#5364,1.);
#4795=CYLINDRICAL_SURFACE('',#5365,1.);
#4796=CYLINDRICAL_SURFACE('',#5366,1.);
#4797=CYLINDRICAL_SURFACE('',#5367,1.);
#4798=CYLINDRICAL_SURFACE('',#5368,1.);
#4799=CYLINDRICAL_SURFACE('',#5369,1.);
#4800=CYLINDRICAL_SURFACE('',#5370,1.);
#4801=CYLINDRICAL_SURFACE('',#5371,1.);
#4802=CYLINDRICAL_SURFACE('',#5372,1.);
#4803=CYLINDRICAL_SURFACE('',#5373,1.);
#4804=CYLINDRICAL_SURFACE('',#5374,1.);
#4805=CYLINDRICAL_SURFACE('',#5375,1.);
#4806=CYLINDRICAL_SURFACE('',#5377,1.);
#4807=CYLINDRICAL_SURFACE('',#5382,1.);
#4808=CYLINDRICAL_SURFACE('',#5384,1.);
#4809=CYLINDRICAL_SURFACE('',#5386,1.);
#4810=CYLINDRICAL_SURFACE('',#5424,16.);
#4811=CYLINDRICAL_SURFACE('',#5430,1.);
#4812=CYLINDRICAL_SURFACE('',#5435,1.);
#4813=CYLINDRICAL_SURFACE('',#5437,3.6);
#4814=CYLINDRICAL_SURFACE('',#5443,1.);
#4815=CYLINDRICAL_SURFACE('',#5448,1.);
#4816=CYLINDRICAL_SURFACE('',#5450,3.6);
#4817=CYLINDRICAL_SURFACE('',#5456,1.);
#4818=CYLINDRICAL_SURFACE('',#5461,1.);
#4819=CYLINDRICAL_SURFACE('',#5463,3.6);
#4820=CYLINDRICAL_SURFACE('',#5469,1.);
#4821=CYLINDRICAL_SURFACE('',#5474,1.);
#4822=CYLINDRICAL_SURFACE('',#5476,3.6);
#4823=CYLINDRICAL_SURFACE('',#5482,1.);
#4824=CYLINDRICAL_SURFACE('',#5487,1.);
#4825=CYLINDRICAL_SURFACE('',#5489,5.84714567507705);
#4826=CYLINDRICAL_SURFACE('',#5491,1.);
#4827=CYLINDRICAL_SURFACE('',#5499,1.);
#4828=CYLINDRICAL_SURFACE('',#5506,16.);
#4829=CYLINDRICAL_SURFACE('',#5512,1.);
#4830=CYLINDRICAL_SURFACE('',#5519,1.);
#4831=CYLINDRICAL_SURFACE('',#5521,1.);
#4832=CYLINDRICAL_SURFACE('',#5536,1.);
#4833=CYLINDRICAL_SURFACE('',#5541,1.);
#4834=CYLINDRICAL_SURFACE('',#5554,1.);
#4835=CYLINDRICAL_SURFACE('',#5555,1.);
#4836=CYLINDRICAL_SURFACE('',#5559,1.);
#4837=CYLINDRICAL_SURFACE('',#5569,1.);
#4838=CYLINDRICAL_SURFACE('',#5570,1.);
#4839=CYLINDRICAL_SURFACE('',#5586,1.);
#4840=CYLINDRICAL_SURFACE('',#5587,1.);
#4841=CYLINDRICAL_SURFACE('',#5592,1.);
#4842=CYLINDRICAL_SURFACE('',#5593,1.);
#4843=CYLINDRICAL_SURFACE('',#5594,1.);
#4844=CYLINDRICAL_SURFACE('',#5595,1.);
#4845=CYLINDRICAL_SURFACE('',#5596,1.);
#4846=CYLINDRICAL_SURFACE('',#5597,1.);
#4847=CYLINDRICAL_SURFACE('',#5598,1.);
#4848=CYLINDRICAL_SURFACE('',#5599,1.);
#4849=CYLINDRICAL_SURFACE('',#5600,1.);
#4850=CYLINDRICAL_SURFACE('',#5601,1.);
#4851=CYLINDRICAL_SURFACE('',#5602,1.);
#4852=CYLINDRICAL_SURFACE('',#5603,1.);
#4853=CYLINDRICAL_SURFACE('',#5614,1.);
#4854=CYLINDRICAL_SURFACE('',#5619,1.);
#4855=CYLINDRICAL_SURFACE('',#5621,1.);
#4856=CYLINDRICAL_SURFACE('',#5624,1.);
#4857=CYLINDRICAL_SURFACE('',#5626,1.);
#4858=CYLINDRICAL_SURFACE('',#5629,1.);
#4859=CYLINDRICAL_SURFACE('',#5630,1.);
#4860=CYLINDRICAL_SURFACE('',#5631,1.);
#4861=CYLINDRICAL_SURFACE('',#5638,1.);
#4862=CYLINDRICAL_SURFACE('',#5643,1.);
#4863=CYLINDRICAL_SURFACE('',#5652,1.);
#4864=CYLINDRICAL_SURFACE('',#5658,1.);
#4865=CYLINDRICAL_SURFACE('',#5663,1.);
#4866=CYLINDRICAL_SURFACE('',#5664,1.);
#4867=CYLINDRICAL_SURFACE('',#5665,1.);
#4868=CYLINDRICAL_SURFACE('',#5667,1.);
#4869=CYLINDRICAL_SURFACE('',#5668,1.);
#4870=CYLINDRICAL_SURFACE('',#5669,1.);
#4871=CYLINDRICAL_SURFACE('',#5670,1.);
#4872=CYLINDRICAL_SURFACE('',#5682,1.);
#4873=CYLINDRICAL_SURFACE('',#5683,1.);
#4874=CYLINDRICAL_SURFACE('',#5693,1.);
#4875=CYLINDRICAL_SURFACE('',#5694,1.);
#4876=CYLINDRICAL_SURFACE('',#5698,5.84714567507706);
#4877=CYLINDRICAL_SURFACE('',#5699,3.6);
#4878=CYLINDRICAL_SURFACE('',#5702,3.59999999999999);
#4879=CYLINDRICAL_SURFACE('',#5705,3.6);
#4880=CYLINDRICAL_SURFACE('',#5708,3.59999999999999);
#4881=CYLINDRICAL_SURFACE('',#5713,5.5);
#4882=CYLINDRICAL_SURFACE('',#5716,5.5);
#4883=CYLINDRICAL_SURFACE('',#5719,5.5);
#4884=CYLINDRICAL_SURFACE('',#5733,0.499999999999998);
#4885=CYLINDRICAL_SURFACE('',#5737,0.499999999999998);
#4886=CYLINDRICAL_SURFACE('',#5742,0.999999999999996);
#4887=CYLINDRICAL_SURFACE('',#5745,0.999999999999994);
#4888=CYLINDRICAL_SURFACE('',#5748,1.00000000000001);
#4889=CYLINDRICAL_SURFACE('',#5751,0.999999999999996);
#4890=CYLINDRICAL_SURFACE('',#5755,1.60000000000933);
#4891=CYLINDRICAL_SURFACE('',#5758,1.60000000001887);
#4892=CYLINDRICAL_SURFACE('',#5762,1.60000000001887);
#4893=CYLINDRICAL_SURFACE('',#5765,1.6);
#4894=CYLINDRICAL_SURFACE('',#5768,1.60000000001887);
#4895=CYLINDRICAL_SURFACE('',#5771,1.60000000000001);
#4896=CYLINDRICAL_SURFACE('',#5776,1.60000000297154);
#4897=CYLINDRICAL_SURFACE('',#5779,1.60000000018771);
#4898=CYLINDRICAL_SURFACE('',#5789,3.25);
#4899=CYLINDRICAL_SURFACE('',#5797,14.75);
#4900=CYLINDRICAL_SURFACE('',#5808,1.65827723859727);
#4901=CYLINDRICAL_SURFACE('',#5815,1.65827723859727);
#4902=CYLINDRICAL_SURFACE('',#5822,1.38683712431892);
#4903=CYLINDRICAL_SURFACE('',#5829,1.38683712431891);
#4904=CYLINDRICAL_SURFACE('',#5838,3.25);
#4905=CYLINDRICAL_SURFACE('',#5839,3.25);
#4906=CYLINDRICAL_SURFACE('',#5840,3.);
#4907=CYLINDRICAL_SURFACE('',#5841,3.);
#4908=CYLINDRICAL_SURFACE('',#5842,3.25);
#4909=CYLINDRICAL_SURFACE('',#5846,3.);
#4910=CYLINDRICAL_SURFACE('',#5849,3.);
#4911=ADVANCED_FACE('',(#241),#4772,.F.);
#4912=ADVANCED_FACE('',(#242),#202,.F.);
#4913=ADVANCED_FACE('',(#243,#42,#43,#44,#45,#46,#47),#80,.T.);
#4914=ADVANCED_FACE('',(#244),#21,.T.);
#4915=ADVANCED_FACE('',(#245),#4773,.T.);
#4916=ADVANCED_FACE('',(#246),#22,.T.);
#4917=ADVANCED_FACE('',(#247),#4774,.T.);
#4918=ADVANCED_FACE('',(#248),#4775,.T.);
#4919=ADVANCED_FACE('',(#249),#203,.F.);
#4920=ADVANCED_FACE('',(#250),#204,.T.);
#4921=ADVANCED_FACE('',(#251),#23,.T.);
#4922=ADVANCED_FACE('',(#252),#24,.T.);
#4923=ADVANCED_FACE('',(#253),#4776,.T.);
#4924=ADVANCED_FACE('',(#254),#25,.T.);
#4925=ADVANCED_FACE('',(#255),#4777,.T.);
#4926=ADVANCED_FACE('',(#256),#26,.T.);
#4927=ADVANCED_FACE('',(#257),#4778,.T.);
#4928=ADVANCED_FACE('',(#258),#205,.T.);
#4929=ADVANCED_FACE('',(#259),#4779,.T.);
#4930=ADVANCED_FACE('',(#260),#4780,.T.);
#4931=ADVANCED_FACE('',(#261),#206,.T.);
#4932=ADVANCED_FACE('',(#262),#27,.T.);
#4933=ADVANCED_FACE('',(#263),#207,.F.);
#4934=ADVANCED_FACE('',(#264),#28,.T.);
#4935=ADVANCED_FACE('',(#265),#4781,.T.);
#4936=ADVANCED_FACE('',(#266),#208,.T.);
#4937=ADVANCED_FACE('',(#267),#4782,.T.);
#4938=ADVANCED_FACE('',(#268),#4783,.T.);
#4939=ADVANCED_FACE('',(#269),#209,.T.);
#4940=ADVANCED_FACE('',(#270),#210,.T.);
#4941=ADVANCED_FACE('',(#271),#4784,.T.);
#4942=ADVANCED_FACE('',(#272),#211,.T.);
#4943=ADVANCED_FACE('',(#273),#4785,.T.);
#4944=ADVANCED_FACE('',(#274),#4786,.T.);
#4945=ADVANCED_FACE('',(#275),#212,.T.);
#4946=ADVANCED_FACE('',(#276),#4787,.T.);
#4947=ADVANCED_FACE('',(#277),#4788,.T.);
#4948=ADVANCED_FACE('',(#278),#4789,.T.);
#4949=ADVANCED_FACE('',(#279),#4790,.F.);
#4950=ADVANCED_FACE('',(#280),#213,.F.);
#4951=ADVANCED_FACE('',(#281),#4791,.T.);
#4952=ADVANCED_FACE('',(#282),#4792,.F.);
#4953=ADVANCED_FACE('',(#283),#29,.T.);
#4954=ADVANCED_FACE('',(#284),#4793,.T.);
#4955=ADVANCED_FACE('',(#285),#4794,.T.);
#4956=ADVANCED_FACE('',(#286),#4795,.F.);
#4957=ADVANCED_FACE('',(#287),#4796,.T.);
#4958=ADVANCED_FACE('',(#288),#4797,.T.);
#4959=ADVANCED_FACE('',(#289),#4798,.T.);
#4960=ADVANCED_FACE('',(#290),#4799,.T.);
#4961=ADVANCED_FACE('',(#291),#4800,.T.);
#4962=ADVANCED_FACE('',(#292),#4801,.T.);
#4963=ADVANCED_FACE('',(#293),#4802,.T.);
#4964=ADVANCED_FACE('',(#294),#4803,.F.);
#4965=ADVANCED_FACE('',(#295),#4804,.T.);
#4966=ADVANCED_FACE('',(#296),#4805,.F.);
#4967=ADVANCED_FACE('',(#297),#81,.T.);
#4968=ADVANCED_FACE('',(#298),#4806,.T.);
#4969=ADVANCED_FACE('',(#299),#82,.T.);
#4970=ADVANCED_FACE('',(#300),#83,.T.);
#4971=ADVANCED_FACE('',(#301),#84,.T.);
#4972=ADVANCED_FACE('',(#302),#4807,.T.);
#4973=ADVANCED_FACE('',(#303),#4808,.T.);
#4974=ADVANCED_FACE('',(#304),#4809,.T.);
#4975=ADVANCED_FACE('',(#305,#48,#49),#85,.T.);
#4976=ADVANCED_FACE('',(#306),#86,.T.);
#4977=ADVANCED_FACE('',(#307),#87,.T.);
#4978=ADVANCED_FACE('',(#308,#50,#51),#88,.T.);
#4979=ADVANCED_FACE('',(#309),#89,.T.);
#4980=ADVANCED_FACE('',(#310),#90,.T.);
#4981=ADVANCED_FACE('',(#311),#214,.T.);
#4982=ADVANCED_FACE('',(#312,#52,#53,#54,#55),#91,.T.);
#4983=ADVANCED_FACE('',(#313),#4810,.F.);
#4984=ADVANCED_FACE('',(#314),#215,.T.);
#4985=ADVANCED_FACE('',(#315),#4811,.T.);
#4986=ADVANCED_FACE('',(#316),#216,.T.);
#4987=ADVANCED_FACE('',(#317),#4812,.T.);
#4988=ADVANCED_FACE('',(#318),#92,.F.);
#4989=ADVANCED_FACE('',(#319),#4813,.F.);
#4990=ADVANCED_FACE('',(#320),#217,.T.);
#4991=ADVANCED_FACE('',(#321),#4814,.T.);
#4992=ADVANCED_FACE('',(#322),#218,.T.);
#4993=ADVANCED_FACE('',(#323),#4815,.T.);
#4994=ADVANCED_FACE('',(#324),#93,.F.);
#4995=ADVANCED_FACE('',(#325),#4816,.F.);
#4996=ADVANCED_FACE('',(#326),#219,.T.);
#4997=ADVANCED_FACE('',(#327),#4817,.T.);
#4998=ADVANCED_FACE('',(#328),#220,.T.);
#4999=ADVANCED_FACE('',(#329),#4818,.T.);
#5000=ADVANCED_FACE('',(#330),#94,.F.);
#5001=ADVANCED_FACE('',(#331),#4819,.F.);
#5002=ADVANCED_FACE('',(#332),#221,.T.);
#5003=ADVANCED_FACE('',(#333),#4820,.T.);
#5004=ADVANCED_FACE('',(#334),#222,.T.);
#5005=ADVANCED_FACE('',(#335),#4821,.T.);
#5006=ADVANCED_FACE('',(#336),#95,.F.);
#5007=ADVANCED_FACE('',(#337),#4822,.F.);
#5008=ADVANCED_FACE('',(#338),#223,.T.);
#5009=ADVANCED_FACE('',(#339),#4823,.T.);
#5010=ADVANCED_FACE('',(#340),#224,.T.);
#5011=ADVANCED_FACE('',(#341),#4824,.T.);
#5012=ADVANCED_FACE('',(#342),#96,.F.);
#5013=ADVANCED_FACE('',(#343),#4825,.F.);
#5014=ADVANCED_FACE('',(#344),#4826,.F.);
#5015=ADVANCED_FACE('',(#345),#225,.F.);
#5016=ADVANCED_FACE('',(#346),#4827,.F.);
#5017=ADVANCED_FACE('',(#347),#97,.F.);
#5018=ADVANCED_FACE('',(#348),#98,.T.);
#5019=ADVANCED_FACE('',(#349),#226,.T.);
#5020=ADVANCED_FACE('',(#350),#4828,.F.);
#5021=ADVANCED_FACE('',(#351),#30,.T.);
#5022=ADVANCED_FACE('',(#352),#4829,.T.);
#5023=ADVANCED_FACE('',(#353),#227,.T.);
#5024=ADVANCED_FACE('',(#354),#99,.T.);
#5025=ADVANCED_FACE('',(#355),#4830,.T.);
#5026=ADVANCED_FACE('',(#356),#4831,.T.);
#5027=ADVANCED_FACE('',(#357),#31,.T.);
#5028=ADVANCED_FACE('',(#358),#32,.F.);
#5029=ADVANCED_FACE('',(#359),#228,.T.);
#5030=ADVANCED_FACE('',(#360),#4832,.F.);
#5031=ADVANCED_FACE('',(#361),#229,.F.);
#5032=ADVANCED_FACE('',(#362),#4833,.F.);
#5033=ADVANCED_FACE('',(#363),#230,.F.);
#5034=ADVANCED_FACE('',(#364),#33,.T.);
#5035=ADVANCED_FACE('',(#365),#231,.F.);
#5036=ADVANCED_FACE('',(#366),#4834,.F.);
#5037=ADVANCED_FACE('',(#367),#4835,.T.);
#5038=ADVANCED_FACE('',(#368),#34,.T.);
#5039=ADVANCED_FACE('',(#369),#4836,.T.);
#5040=ADVANCED_FACE('',(#370),#232,.T.);
#5041=ADVANCED_FACE('',(#371),#233,.F.);
#5042=ADVANCED_FACE('',(#372),#4837,.F.);
#5043=ADVANCED_FACE('',(#373),#4838,.T.);
#5044=ADVANCED_FACE('',(#374),#35,.T.);
#5045=ADVANCED_FACE('',(#375),#36,.F.);
#5046=ADVANCED_FACE('',(#376),#37,.T.);
#5047=ADVANCED_FACE('',(#377),#234,.F.);
#5048=ADVANCED_FACE('',(#378),#4839,.F.);
#5049=ADVANCED_FACE('',(#379),#4840,.T.);
#5050=ADVANCED_FACE('',(#380),#235,.F.);
#5051=ADVANCED_FACE('',(#381),#4841,.F.);
#5052=ADVANCED_FACE('',(#382),#4842,.T.);
#5053=ADVANCED_FACE('',(#383),#4843,.F.);
#5054=ADVANCED_FACE('',(#384),#4844,.T.);
#5055=ADVANCED_FACE('',(#385),#4845,.F.);
#5056=ADVANCED_FACE('',(#386),#4846,.F.);
#5057=ADVANCED_FACE('',(#387),#4847,.T.);
#5058=ADVANCED_FACE('',(#388),#4848,.T.);
#5059=ADVANCED_FACE('',(#389),#4849,.T.);
#5060=ADVANCED_FACE('',(#390),#4850,.T.);
#5061=ADVANCED_FACE('',(#391),#4851,.F.);
#5062=ADVANCED_FACE('',(#392),#4852,.T.);
#5063=ADVANCED_FACE('',(#393),#100,.T.);
#5064=ADVANCED_FACE('',(#394),#101,.T.);
#5065=ADVANCED_FACE('',(#395),#102,.T.);
#5066=ADVANCED_FACE('',(#396),#103,.T.);
#5067=ADVANCED_FACE('',(#397),#104,.T.);
#5068=ADVANCED_FACE('',(#398),#105,.T.);
#5069=ADVANCED_FACE('',(#399,#56),#106,.T.);
#5070=ADVANCED_FACE('',(#400),#236,.T.);
#5071=ADVANCED_FACE('',(#401),#4853,.T.);
#5072=ADVANCED_FACE('',(#402),#237,.T.);
#5073=ADVANCED_FACE('',(#403),#4854,.T.);
#5074=ADVANCED_FACE('',(#404),#107,.F.);
#5075=ADVANCED_FACE('',(#405),#4855,.T.);
#5076=ADVANCED_FACE('',(#406),#4856,.T.);
#5077=ADVANCED_FACE('',(#407),#4857,.T.);
#5078=ADVANCED_FACE('',(#408),#4858,.T.);
#5079=ADVANCED_FACE('',(#409),#4859,.T.);
#5080=ADVANCED_FACE('',(#410),#4860,.T.);
#5081=ADVANCED_FACE('',(#411),#108,.T.);
#5082=ADVANCED_FACE('',(#412),#38,.T.);
#5083=ADVANCED_FACE('',(#413),#4861,.T.);
#5084=ADVANCED_FACE('',(#414),#39,.T.);
#5085=ADVANCED_FACE('',(#415),#4862,.T.);
#5086=ADVANCED_FACE('',(#416),#238,.T.);
#5087=ADVANCED_FACE('',(#417),#40,.T.);
#5088=ADVANCED_FACE('',(#418),#4863,.T.);
#5089=ADVANCED_FACE('',(#419),#239,.T.);
#5090=ADVANCED_FACE('',(#420),#4864,.F.);
#5091=ADVANCED_FACE('',(#421),#41,.T.);
#5092=ADVANCED_FACE('',(#422),#4865,.T.);
#5093=ADVANCED_FACE('',(#423),#4866,.T.);
#5094=ADVANCED_FACE('',(#424),#4867,.T.);
#5095=ADVANCED_FACE('',(#425),#4868,.T.);
#5096=ADVANCED_FACE('',(#426),#4869,.T.);
#5097=ADVANCED_FACE('',(#427),#4870,.T.);
#5098=ADVANCED_FACE('',(#428),#4871,.T.);
#5099=ADVANCED_FACE('',(#429),#109,.T.);
#5100=ADVANCED_FACE('',(#430,#57,#58),#110,.T.);
#5101=ADVANCED_FACE('',(#431),#111,.T.);
#5102=ADVANCED_FACE('',(#432),#240,.T.);
#5103=ADVANCED_FACE('',(#433),#4872,.T.);
#5104=ADVANCED_FACE('',(#434),#4873,.F.);
#5105=ADVANCED_FACE('',(#435,#59,#60,#61,#62,#63,#64,#65,#66),#112,.T.);
#5106=ADVANCED_FACE('',(#436),#4874,.T.);
#5107=ADVANCED_FACE('',(#437),#4875,.T.);
#5108=ADVANCED_FACE('',(#438),#113,.F.);
#5109=ADVANCED_FACE('',(#439),#114,.F.);
#5110=ADVANCED_FACE('',(#440),#115,.F.);
#5111=ADVANCED_FACE('',(#441),#4876,.F.);
#5112=ADVANCED_FACE('',(#442),#4877,.F.);
#5113=ADVANCED_FACE('',(#443),#116,.F.);
#5114=ADVANCED_FACE('',(#444),#4878,.F.);
#5115=ADVANCED_FACE('',(#445),#117,.F.);
#5116=ADVANCED_FACE('',(#446),#4879,.F.);
#5117=ADVANCED_FACE('',(#447),#118,.F.);
#5118=ADVANCED_FACE('',(#448),#4880,.F.);
#5119=ADVANCED_FACE('',(#449),#119,.F.);
#5120=ADVANCED_FACE('',(#450),#120,.T.);
#5121=ADVANCED_FACE('',(#451),#121,.T.);
#5122=ADVANCED_FACE('',(#452),#4881,.F.);
#5123=ADVANCED_FACE('',(#453),#122,.T.);
#5124=ADVANCED_FACE('',(#454),#4882,.F.);
#5125=ADVANCED_FACE('',(#455),#123,.T.);
#5126=ADVANCED_FACE('',(#456),#4883,.F.);
#5127=ADVANCED_FACE('',(#457),#124,.T.);
#5128=ADVANCED_FACE('',(#458),#125,.F.);
#5129=ADVANCED_FACE('',(#459),#126,.T.);
#5130=ADVANCED_FACE('',(#460),#127,.T.);
#5131=ADVANCED_FACE('',(#461),#128,.T.);
#5132=ADVANCED_FACE('',(#462),#129,.T.);
#5133=ADVANCED_FACE('',(#463),#130,.T.);
#5134=ADVANCED_FACE('',(#464),#131,.T.);
#5135=ADVANCED_FACE('',(#465),#132,.T.);
#5136=ADVANCED_FACE('',(#466),#133,.T.);
#5137=ADVANCED_FACE('',(#467),#134,.T.);
#5138=ADVANCED_FACE('',(#468),#135,.F.);
#5139=ADVANCED_FACE('',(#469),#4884,.F.);
#5140=ADVANCED_FACE('',(#470),#136,.F.);
#5141=ADVANCED_FACE('',(#471),#137,.F.);
#5142=ADVANCED_FACE('',(#472),#4885,.F.);
#5143=ADVANCED_FACE('',(#473),#138,.T.);
#5144=ADVANCED_FACE('',(#474),#139,.F.);
#5145=ADVANCED_FACE('',(#475),#140,.F.);
#5146=ADVANCED_FACE('',(#476),#4886,.F.);
#5147=ADVANCED_FACE('',(#477),#141,.F.);
#5148=ADVANCED_FACE('',(#478),#4887,.F.);
#5149=ADVANCED_FACE('',(#479),#142,.F.);
#5150=ADVANCED_FACE('',(#480),#4888,.F.);
#5151=ADVANCED_FACE('',(#481),#143,.F.);
#5152=ADVANCED_FACE('',(#482),#4889,.F.);
#5153=ADVANCED_FACE('',(#483),#144,.T.);
#5154=ADVANCED_FACE('',(#484),#145,.T.);
#5155=ADVANCED_FACE('',(#485),#4890,.F.);
#5156=ADVANCED_FACE('',(#486),#146,.T.);
#5157=ADVANCED_FACE('',(#487),#4891,.F.);
#5158=ADVANCED_FACE('',(#488,#67),#147,.F.);
#5159=ADVANCED_FACE('',(#489),#148,.T.);
#5160=ADVANCED_FACE('',(#490),#4892,.F.);
#5161=ADVANCED_FACE('',(#491),#149,.T.);
#5162=ADVANCED_FACE('',(#492),#4893,.F.);
#5163=ADVANCED_FACE('',(#493,#68),#150,.F.);
#5164=ADVANCED_FACE('',(#494),#4894,.F.);
#5165=ADVANCED_FACE('',(#495),#151,.T.);
#5166=ADVANCED_FACE('',(#496),#4895,.F.);
#5167=ADVANCED_FACE('',(#497),#152,.T.);
#5168=ADVANCED_FACE('',(#498,#69),#153,.F.);
#5169=ADVANCED_FACE('',(#499),#154,.T.);
#5170=ADVANCED_FACE('',(#500),#4896,.F.);
#5171=ADVANCED_FACE('',(#501),#155,.T.);
#5172=ADVANCED_FACE('',(#502),#4897,.F.);
#5173=ADVANCED_FACE('',(#503,#70),#156,.F.);
#5174=ADVANCED_FACE('',(#504),#157,.F.);
#5175=ADVANCED_FACE('',(#505),#158,.F.);
#5176=ADVANCED_FACE('',(#506),#159,.F.);
#5177=ADVANCED_FACE('',(#507),#160,.F.);
#5178=ADVANCED_FACE('',(#508),#161,.F.);
#5179=ADVANCED_FACE('',(#509),#162,.F.);
#5180=ADVANCED_FACE('',(#510),#163,.F.);
#5181=ADVANCED_FACE('',(#511),#4898,.F.);
#5182=ADVANCED_FACE('',(#512),#164,.F.);
#5183=ADVANCED_FACE('',(#513),#165,.F.);
#5184=ADVANCED_FACE('',(#514),#166,.F.);
#5185=ADVANCED_FACE('',(#515),#167,.F.);
#5186=ADVANCED_FACE('',(#516),#168,.F.);
#5187=ADVANCED_FACE('',(#517),#169,.T.);
#5188=ADVANCED_FACE('',(#518),#4899,.F.);
#5189=ADVANCED_FACE('',(#519,#71),#170,.T.);
#5190=ADVANCED_FACE('',(#520,#72),#171,.F.);
#5191=ADVANCED_FACE('',(#521),#15,.F.);
#5192=ADVANCED_FACE('',(#522),#172,.F.);
#5193=ADVANCED_FACE('',(#523),#4900,.F.);
#5194=ADVANCED_FACE('',(#524),#16,.F.);
#5195=ADVANCED_FACE('',(#525,#73),#173,.F.);
#5196=ADVANCED_FACE('',(#526),#4901,.F.);
#5197=ADVANCED_FACE('',(#527),#17,.F.);
#5198=ADVANCED_FACE('',(#528,#74),#174,.F.);
#5199=ADVANCED_FACE('',(#529),#4902,.F.);
#5200=ADVANCED_FACE('',(#530),#18,.F.);
#5201=ADVANCED_FACE('',(#531,#75),#175,.F.);
#5202=ADVANCED_FACE('',(#532),#4903,.F.);
#5203=ADVANCED_FACE('',(#533),#176,.T.);
#5204=ADVANCED_FACE('',(#534),#177,.T.);
#5205=ADVANCED_FACE('',(#535),#178,.T.);
#5206=ADVANCED_FACE('',(#536),#179,.T.);
#5207=ADVANCED_FACE('',(#537),#180,.T.);
#5208=ADVANCED_FACE('',(#538),#181,.T.);
#5209=ADVANCED_FACE('',(#539),#182,.T.);
#5210=ADVANCED_FACE('',(#540),#4904,.F.);
#5211=ADVANCED_FACE('',(#541),#4905,.F.);
#5212=ADVANCED_FACE('',(#542),#4906,.F.);
#5213=ADVANCED_FACE('',(#543),#4907,.F.);
#5214=ADVANCED_FACE('',(#544),#4908,.F.);
#5215=ADVANCED_FACE('',(#545,#76),#183,.T.);
#5216=ADVANCED_FACE('',(#546,#77),#184,.T.);
#5217=ADVANCED_FACE('',(#547),#4909,.F.);
#5218=ADVANCED_FACE('',(#548,#78),#185,.T.);
#5219=ADVANCED_FACE('',(#549),#4910,.F.);
#5220=ADVANCED_FACE('',(#550,#79),#186,.T.);
#5221=ADVANCED_FACE('',(#551),#187,.F.);
#5222=ADVANCED_FACE('',(#552),#188,.F.);
#5223=ADVANCED_FACE('',(#553),#189,.F.);
#5224=ADVANCED_FACE('',(#554),#190,.F.);
#5225=CLOSED_SHELL('',(#4911,#4912,#4913,#4914,#4915,#4916,#4917,#4918,
#4919,#4920,#4921,#4922,#4923,#4924,#4925,#4926,#4927,#4928,#4929,#4930,
#4931,#4932,#4933,#4934,#4935,#4936,#4937,#4938,#4939,#4940,#4941,#4942,
#4943,#4944,#4945,#4946,#4947,#4948,#4949,#4950,#4951,#4952,#4953,#4954,
#4955,#4956,#4957,#4958,#4959,#4960,#4961,#4962,#4963,#4964,#4965,#4966,
#4967,#4968,#4969,#4970,#4971,#4972,#4973,#4974,#4975,#4976,#4977,#4978,
#4979,#4980,#4981,#4982,#4983,#4984,#4985,#4986,#4987,#4988,#4989,#4990,
#4991,#4992,#4993,#4994,#4995,#4996,#4997,#4998,#4999,#5000,#5001,#5002,
#5003,#5004,#5005,#5006,#5007,#5008,#5009,#5010,#5011,#5012,#5013,#5014,
#5015,#5016,#5017,#5018,#5019,#5020,#5021,#5022,#5023,#5024,#5025,#5026,
#5027,#5028,#5029,#5030,#5031,#5032,#5033,#5034,#5035,#5036,#5037,#5038,
#5039,#5040,#5041,#5042,#5043,#5044,#5045,#5046,#5047,#5048,#5049,#5050,
#5051,#5052,#5053,#5054,#5055,#5056,#5057,#5058,#5059,#5060,#5061,#5062,
#5063,#5064,#5065,#5066,#5067,#5068,#5069,#5070,#5071,#5072,#5073,#5074,
#5075,#5076,#5077,#5078,#5079,#5080,#5081,#5082,#5083,#5084,#5085,#5086,
#5087,#5088,#5089,#5090,#5091,#5092,#5093,#5094,#5095,#5096,#5097,#5098,
#5099,#5100,#5101,#5102,#5103,#5104,#5105,#5106,#5107,#5108,#5109,#5110,
#5111,#5112,#5113,#5114,#5115,#5116,#5117,#5118,#5119,#5120,#5121,#5122,
#5123,#5124,#5125,#5126,#5127,#5128,#5129,#5130,#5131,#5132,#5133,#5134,
#5135,#5136,#5137,#5138,#5139,#5140,#5141,#5142,#5143,#5144,#5145,#5146,
#5147,#5148,#5149,#5150,#5151,#5152,#5153,#5154,#5155,#5156,#5157,#5158,
#5159,#5160,#5161,#5162,#5163,#5164,#5165,#5166,#5167,#5168,#5169,#5170,
#5171,#5172,#5173,#5174,#5175,#5176,#5177,#5178,#5179,#5180,#5181,#5182,
#5183,#5184,#5185,#5186,#5187,#5188,#5189,#5190,#5191,#5192,#5193,#5194,
#5195,#5196,#5197,#5198,#5199,#5200,#5201,#5202,#5203,#5204,#5205,#5206,
#5207,#5208,#5209,#5210,#5211,#5212,#5213,#5214,#5215,#5216,#5217,#5218,
#5219,#5220,#5221,#5222,#5223,#5224));
#5226=AXIS2_PLACEMENT_3D('',#7539,#5856,#5857);
#5227=AXIS2_PLACEMENT_3D('',#7540,#5858,#5859);
#5228=AXIS2_PLACEMENT_3D('',#7543,#5860,#5861);
#5229=AXIS2_PLACEMENT_3D('',#7547,#5863,#5864);
#5230=AXIS2_PLACEMENT_3D('',#7550,#5866,#5867);
#5231=AXIS2_PLACEMENT_3D('',#7551,#5868,#5869);
#5232=AXIS2_PLACEMENT_3D('',#7560,#5870,#5871);
#5233=AXIS2_PLACEMENT_3D('',#7561,#5872,#5873);
#5234=AXIS2_PLACEMENT_3D('',#7562,#5874,#5875);
#5235=AXIS2_PLACEMENT_3D('',#7568,#5878,#5879);
#5236=AXIS2_PLACEMENT_3D('',#7578,#5884,#5885);
#5237=AXIS2_PLACEMENT_3D('',#7593,#5893,#5894);
#5238=AXIS2_PLACEMENT_3D('',#7595,#5895,#5896);
#5239=AXIS2_PLACEMENT_3D('',#7597,#5897,#5898);
#5240=AXIS2_PLACEMENT_3D('',#7602,#5900,#5901);
#5241=AXIS2_PLACEMENT_3D('',#7606,#5903,#5904);
#5242=AXIS2_PLACEMENT_3D('',#7610,#5906,#5907);
#5243=AXIS2_PLACEMENT_3D('',#7613,#5909,#5910);
#5244=AXIS2_PLACEMENT_3D('',#7626,#5916,#5917);
#5245=AXIS2_PLACEMENT_3D('',#7632,#5920,#5921);
#5246=AXIS2_PLACEMENT_3D('',#7635,#5923,#5924);
#5247=AXIS2_PLACEMENT_3D('',#7636,#5925,#5926);
#5248=AXIS2_PLACEMENT_3D('',#7639,#5927,#5928);
#5249=AXIS2_PLACEMENT_3D('',#7641,#5929,#5930);
#5250=AXIS2_PLACEMENT_3D('',#7642,#5931,#5932);
#5251=AXIS2_PLACEMENT_3D('',#7643,#5933,#5934);
#5252=AXIS2_PLACEMENT_3D('',#7646,#5935,#5936);
#5253=AXIS2_PLACEMENT_3D('',#7674,#5940,#5941);
#5254=AXIS2_PLACEMENT_3D('',#7677,#5942,#5943);
#5255=AXIS2_PLACEMENT_3D('',#7679,#5944,#5945);
#5256=AXIS2_PLACEMENT_3D('',#7680,#5946,#5947);
#5257=AXIS2_PLACEMENT_3D('',#7681,#5948,#5949);
#5258=AXIS2_PLACEMENT_3D('',#7684,#5950,#5951);
#5259=AXIS2_PLACEMENT_3D('',#7687,#5954,#5955);
#5260=AXIS2_PLACEMENT_3D('',#7690,#5958,#5959);
#5261=AXIS2_PLACEMENT_3D('',#7693,#5960,#5961);
#5262=AXIS2_PLACEMENT_3D('',#7695,#5962,#5963);
#5263=AXIS2_PLACEMENT_3D('',#7697,#5964,#5965);
#5264=AXIS2_PLACEMENT_3D('',#7698,#5966,#5967);
#5265=AXIS2_PLACEMENT_3D('',#7699,#5968,#5969);
#5266=AXIS2_PLACEMENT_3D('',#7702,#5970,#5971);
#5267=AXIS2_PLACEMENT_3D('',#7704,#5972,#5973);
#5268=AXIS2_PLACEMENT_3D('',#7706,#5974,#5975);
#5269=AXIS2_PLACEMENT_3D('',#7707,#5976,#5977);
#5270=AXIS2_PLACEMENT_3D('',#7708,#5978,#5979);
#5271=AXIS2_PLACEMENT_3D('',#7711,#5980,#5981);
#5272=AXIS2_PLACEMENT_3D('',#7713,#5982,#5983);
#5273=AXIS2_PLACEMENT_3D('',#7714,#5984,#5985);
#5274=AXIS2_PLACEMENT_3D('',#7715,#5986,#5987);
#5275=AXIS2_PLACEMENT_3D('',#7718,#5988,#5989);
#5276=AXIS2_PLACEMENT_3D('',#7720,#5990,#5991);
#5277=AXIS2_PLACEMENT_3D('',#7721,#5992,#5993);
#5278=AXIS2_PLACEMENT_3D('',#7722,#5994,#5995);
#5279=AXIS2_PLACEMENT_3D('',#7727,#5998,#5999);
#5280=AXIS2_PLACEMENT_3D('',#7728,#6000,#6001);
#5281=AXIS2_PLACEMENT_3D('',#7731,#6002,#6003);
#5282=AXIS2_PLACEMENT_3D('',#7733,#6004,#6005);
#5283=AXIS2_PLACEMENT_3D('',#7734,#6006,#6007);
#5284=AXIS2_PLACEMENT_3D('',#7735,#6008,#6009);
#5285=AXIS2_PLACEMENT_3D('',#7740,#6012,#6013);
#5286=AXIS2_PLACEMENT_3D('',#7741,#6014,#6015);
#5287=AXIS2_PLACEMENT_3D('',#7744,#6016,#6017);
#5288=AXIS2_PLACEMENT_3D('',#7746,#6018,#6019);
#5289=AXIS2_PLACEMENT_3D('',#7747,#6020,#6021);
#5290=AXIS2_PLACEMENT_3D('',#7748,#6022,#6023);
#5291=AXIS2_PLACEMENT_3D('',#7751,#6026,#6027);
#5292=AXIS2_PLACEMENT_3D('',#7754,#6028,#6029);
#5293=AXIS2_PLACEMENT_3D('',#7756,#6030,#6031);
#5294=AXIS2_PLACEMENT_3D('',#7758,#6032,#6033);
#5295=AXIS2_PLACEMENT_3D('',#7759,#6034,#6035);
#5296=AXIS2_PLACEMENT_3D('',#7760,#6036,#6037);
#5297=AXIS2_PLACEMENT_3D('',#7763,#6040,#6041);
#5298=AXIS2_PLACEMENT_3D('',#7766,#6044,#6045);
#5299=AXIS2_PLACEMENT_3D('',#7769,#6046,#6047);
#5300=AXIS2_PLACEMENT_3D('',#7771,#6048,#6049);
#5301=AXIS2_PLACEMENT_3D('',#7773,#6050,#6051);
#5302=AXIS2_PLACEMENT_3D('',#7774,#6052,#6053);
#5303=AXIS2_PLACEMENT_3D('',#7775,#6054,#6055);
#5304=AXIS2_PLACEMENT_3D('',#7778,#6056,#6057);
#5305=AXIS2_PLACEMENT_3D('',#7780,#6058,#6059);
#5306=AXIS2_PLACEMENT_3D('',#7781,#6060,#6061);
#5307=AXIS2_PLACEMENT_3D('',#7782,#6062,#6063);
#5308=AXIS2_PLACEMENT_3D('',#7785,#6064,#6065);
#5309=AXIS2_PLACEMENT_3D('',#7787,#6066,#6067);
#5310=AXIS2_PLACEMENT_3D('',#7789,#6068,#6069);
#5311=AXIS2_PLACEMENT_3D('',#7790,#6070,#6071);
#5312=AXIS2_PLACEMENT_3D('',#7791,#6072,#6073);
#5313=AXIS2_PLACEMENT_3D('',#7793,#6074,#6075);
#5314=AXIS2_PLACEMENT_3D('',#7795,#6076,#6077);
#5315=AXIS2_PLACEMENT_3D('',#7796,#6078,#6079);
#5316=AXIS2_PLACEMENT_3D('',#7797,#6080,#6081);
#5317=AXIS2_PLACEMENT_3D('',#7800,#6082,#6083);
#5318=AXIS2_PLACEMENT_3D('',#7803,#6086,#6087);
#5319=AXIS2_PLACEMENT_3D('',#7806,#6088,#6089);
#5320=AXIS2_PLACEMENT_3D('',#7808,#6090,#6091);
#5321=AXIS2_PLACEMENT_3D('',#7810,#6092,#6093);
#5322=AXIS2_PLACEMENT_3D('',#7811,#6094,#6095);
#5323=AXIS2_PLACEMENT_3D('',#7812,#6096,#6097);
#5324=AXIS2_PLACEMENT_3D('',#7836,#6099,#6100);
#5325=AXIS2_PLACEMENT_3D('',#7860,#6104,#6105);
#5326=AXIS2_PLACEMENT_3D('',#7863,#6108,#6109);
#5327=AXIS2_PLACEMENT_3D('',#7866,#6110,#6111);
#5328=AXIS2_PLACEMENT_3D('',#7868,#6112,#6113);
#5329=AXIS2_PLACEMENT_3D('',#7870,#6114,#6115);
#5330=AXIS2_PLACEMENT_3D('',#7871,#6116,#6117);
#5331=AXIS2_PLACEMENT_3D('',#7872,#6118,#6119);
#5332=AXIS2_PLACEMENT_3D('',#7874,#6120,#6121);
#5333=AXIS2_PLACEMENT_3D('',#7876,#6122,#6123);
#5334=AXIS2_PLACEMENT_3D('',#7878,#6124,#6125);
#5335=AXIS2_PLACEMENT_3D('',#7879,#6126,#6127);
#5336=AXIS2_PLACEMENT_3D('',#7880,#6128,#6129);
#5337=AXIS2_PLACEMENT_3D('',#7882,#6131,#6132);
#5338=AXIS2_PLACEMENT_3D('',#7885,#6133,#6134);
#5339=AXIS2_PLACEMENT_3D('',#7887,#6135,#6136);
#5340=AXIS2_PLACEMENT_3D('',#7889,#6137,#6138);
#5341=AXIS2_PLACEMENT_3D('',#7890,#6139,#6140);
#5342=AXIS2_PLACEMENT_3D('',#7891,#6141,#6142);
#5343=AXIS2_PLACEMENT_3D('',#7894,#6143,#6144);
#5344=AXIS2_PLACEMENT_3D('',#7897,#6147,#6148);
#5345=AXIS2_PLACEMENT_3D('',#7900,#6151,#6152);
#5346=AXIS2_PLACEMENT_3D('',#7903,#6153,#6154);
#5347=AXIS2_PLACEMENT_3D('',#7905,#6155,#6156);
#5348=AXIS2_PLACEMENT_3D('',#7907,#6157,#6158);
#5349=AXIS2_PLACEMENT_3D('',#7908,#6159,#6160);
#5350=AXIS2_PLACEMENT_3D('',#7909,#6161,#6162);
#5351=AXIS2_PLACEMENT_3D('',#7912,#6165,#6166);
#5352=AXIS2_PLACEMENT_3D('',#7915,#6169,#6170);
#5353=AXIS2_PLACEMENT_3D('',#7918,#6173,#6174);
#5354=AXIS2_PLACEMENT_3D('',#7920,#6175,#6176);
#5355=AXIS2_PLACEMENT_3D('',#7922,#6178,#6179);
#5356=AXIS2_PLACEMENT_3D('',#7930,#6180,#6181);
#5357=AXIS2_PLACEMENT_3D('',#7931,#6182,#6183);
#5358=AXIS2_PLACEMENT_3D('',#7934,#6186,#6187);
#5359=AXIS2_PLACEMENT_3D('',#7937,#6190,#6191);
#5360=AXIS2_PLACEMENT_3D('',#7939,#6192,#6193);
#5361=AXIS2_PLACEMENT_3D('',#7941,#6194,#6195);
#5362=AXIS2_PLACEMENT_3D('',#7942,#6196,#6197);
#5363=AXIS2_PLACEMENT_3D('',#7943,#6198,#6199);
#5364=AXIS2_PLACEMENT_3D('',#7945,#6201,#6202);
#5365=AXIS2_PLACEMENT_3D('',#7948,#6205,#6206);
#5366=AXIS2_PLACEMENT_3D('',#7951,#6209,#6210);
#5367=AXIS2_PLACEMENT_3D('',#7954,#6213,#6214);
#5368=AXIS2_PLACEMENT_3D('',#7957,#6217,#6218);
#5369=AXIS2_PLACEMENT_3D('',#7960,#6221,#6222);
#5370=AXIS2_PLACEMENT_3D('',#7963,#6225,#6226);
#5371=AXIS2_PLACEMENT_3D('',#7966,#6229,#6230);
#5372=AXIS2_PLACEMENT_3D('',#7969,#6233,#6234);
#5373=AXIS2_PLACEMENT_3D('',#7972,#6237,#6238);
#5374=AXIS2_PLACEMENT_3D('',#7975,#6241,#6242);
#5375=AXIS2_PLACEMENT_3D('',#7978,#6245,#6246);
#5376=AXIS2_PLACEMENT_3D('',#8000,#6249,#6250);
#5377=AXIS2_PLACEMENT_3D('',#8002,#6252,#6253);
#5378=AXIS2_PLACEMENT_3D('',#8006,#6255,#6256);
#5379=AXIS2_PLACEMENT_3D('',#8008,#6258,#6259);
#5380=AXIS2_PLACEMENT_3D('',#8010,#6261,#6262);
#5381=AXIS2_PLACEMENT_3D('',#8026,#6271,#6272);
#5382=AXIS2_PLACEMENT_3D('',#8032,#6276,#6277);
#5383=AXIS2_PLACEMENT_3D('',#8035,#6279,#6280);
#5384=AXIS2_PLACEMENT_3D('',#8036,#6281,#6282);
#5385=AXIS2_PLACEMENT_3D('',#8038,#6283,#6284);
#5386=AXIS2_PLACEMENT_3D('',#8040,#6286,#6287);
#5387=AXIS2_PLACEMENT_3D('',#8044,#6289,#6290);
#5388=AXIS2_PLACEMENT_3D('',#8046,#6292,#6293);
#5389=AXIS2_PLACEMENT_3D('',#8052,#6296,#6297);
#5390=AXIS2_PLACEMENT_3D('',#8058,#6300,#6301);
#5391=AXIS2_PLACEMENT_3D('',#8062,#6303,#6304);
#5392=AXIS2_PLACEMENT_3D('',#8068,#6307,#6308);
#5393=AXIS2_PLACEMENT_3D('',#8072,#6310,#6311);
#5394=AXIS2_PLACEMENT_3D('',#8082,#6314,#6315);
#5395=AXIS2_PLACEMENT_3D('',#8085,#6316,#6317);
#5396=AXIS2_PLACEMENT_3D('',#8089,#6319,#6320);
#5397=AXIS2_PLACEMENT_3D('',#8091,#6322,#6323);
#5398=AXIS2_PLACEMENT_3D('',#8092,#6324,#6325);
#5399=AXIS2_PLACEMENT_3D('',#8093,#6326,#6327);
#5400=AXIS2_PLACEMENT_3D('',#8098,#6329,#6330);
#5401=AXIS2_PLACEMENT_3D('',#8101,#6332,#6333);
#5402=AXIS2_PLACEMENT_3D('',#8104,#6334,#6335);
#5403=AXIS2_PLACEMENT_3D('',#8108,#6337,#6338);
#5404=AXIS2_PLACEMENT_3D('',#8110,#6340,#6341);
#5405=AXIS2_PLACEMENT_3D('',#8111,#6342,#6343);
#5406=AXIS2_PLACEMENT_3D('',#8112,#6344,#6345);
#5407=AXIS2_PLACEMENT_3D('',#8114,#6346,#6347);
#5408=AXIS2_PLACEMENT_3D('',#8116,#6348,#6349);
#5409=AXIS2_PLACEMENT_3D('',#8118,#6350,#6351);
#5410=AXIS2_PLACEMENT_3D('',#8119,#6352,#6353);
#5411=AXIS2_PLACEMENT_3D('',#8120,#6354,#6355);
#5412=AXIS2_PLACEMENT_3D('',#8133,#6362,#6363);
#5413=AXIS2_PLACEMENT_3D('',#8137,#6365,#6366);
#5414=AXIS2_PLACEMENT_3D('',#8140,#6368,#6369);
#5415=AXIS2_PLACEMENT_3D('',#8142,#6370,#6371);
#5416=AXIS2_PLACEMENT_3D('',#8146,#6373,#6374);
#5417=AXIS2_PLACEMENT_3D('',#8149,#6376,#6377);
#5418=AXIS2_PLACEMENT_3D('',#8152,#6378,#6379);
#5419=AXIS2_PLACEMENT_3D('',#8156,#6381,#6382);
#5420=AXIS2_PLACEMENT_3D('',#8160,#6384,#6385);
#5421=AXIS2_PLACEMENT_3D('',#8164,#6387,#6388);
#5422=AXIS2_PLACEMENT_3D('',#8168,#6390,#6391);
#5423=AXIS2_PLACEMENT_3D('',#8172,#6393,#6394);
#5424=AXIS2_PLACEMENT_3D('',#8174,#6396,#6397);
#5425=AXIS2_PLACEMENT_3D('',#8176,#6398,#6399);
#5426=AXIS2_PLACEMENT_3D('',#8178,#6401,#6402);
#5427=AXIS2_PLACEMENT_3D('',#8180,#6403,#6404);
#5428=AXIS2_PLACEMENT_3D('',#8182,#6405,#6406);
#5429=AXIS2_PLACEMENT_3D('',#8183,#6407,#6408);
#5430=AXIS2_PLACEMENT_3D('',#8184,#6409,#6410);
#5431=AXIS2_PLACEMENT_3D('',#8186,#6411,#6412);
#5432=AXIS2_PLACEMENT_3D('',#8188,#6414,#6415);
#5433=AXIS2_PLACEMENT_3D('',#8190,#6416,#6417);
#5434=AXIS2_PLACEMENT_3D('',#8191,#6418,#6419);
#5435=AXIS2_PLACEMENT_3D('',#8192,#6420,#6421);
#5436=AXIS2_PLACEMENT_3D('',#8194,#6423,#6424);
#5437=AXIS2_PLACEMENT_3D('',#8200,#6428,#6429);
#5438=AXIS2_PLACEMENT_3D('',#8203,#6431,#6432);
#5439=AXIS2_PLACEMENT_3D('',#8204,#6433,#6434);
#5440=AXIS2_PLACEMENT_3D('',#8206,#6435,#6436);
#5441=AXIS2_PLACEMENT_3D('',#8208,#6437,#6438);
#5442=AXIS2_PLACEMENT_3D('',#8209,#6439,#6440);
#5443=AXIS2_PLACEMENT_3D('',#8210,#6441,#6442);
#5444=AXIS2_PLACEMENT_3D('',#8212,#6443,#6444);
#5445=AXIS2_PLACEMENT_3D('',#8214,#6446,#6447);
#5446=AXIS2_PLACEMENT_3D('',#8216,#6448,#6449);
#5447=AXIS2_PLACEMENT_3D('',#8217,#6450,#6451);
#5448=AXIS2_PLACEMENT_3D('',#8218,#6452,#6453);
#5449=AXIS2_PLACEMENT_3D('',#8220,#6455,#6456);
#5450=AXIS2_PLACEMENT_3D('',#8226,#6460,#6461);
#5451=AXIS2_PLACEMENT_3D('',#8229,#6463,#6464);
#5452=AXIS2_PLACEMENT_3D('',#8230,#6465,#6466);
#5453=AXIS2_PLACEMENT_3D('',#8232,#6467,#6468);
#5454=AXIS2_PLACEMENT_3D('',#8234,#6469,#6470);
#5455=AXIS2_PLACEMENT_3D('',#8235,#6471,#6472);
#5456=AXIS2_PLACEMENT_3D('',#8236,#6473,#6474);
#5457=AXIS2_PLACEMENT_3D('',#8238,#6475,#6476);
#5458=AXIS2_PLACEMENT_3D('',#8240,#6478,#6479);
#5459=AXIS2_PLACEMENT_3D('',#8242,#6480,#6481);
#5460=AXIS2_PLACEMENT_3D('',#8243,#6482,#6483);
#5461=AXIS2_PLACEMENT_3D('',#8244,#6484,#6485);
#5462=AXIS2_PLACEMENT_3D('',#8246,#6487,#6488);
#5463=AXIS2_PLACEMENT_3D('',#8252,#6492,#6493);
#5464=AXIS2_PLACEMENT_3D('',#8255,#6495,#6496);
#5465=AXIS2_PLACEMENT_3D('',#8256,#6497,#6498);
#5466=AXIS2_PLACEMENT_3D('',#8258,#6499,#6500);
#5467=AXIS2_PLACEMENT_3D('',#8260,#6501,#6502);
#5468=AXIS2_PLACEMENT_3D('',#8261,#6503,#6504);
#5469=AXIS2_PLACEMENT_3D('',#8262,#6505,#6506);
#5470=AXIS2_PLACEMENT_3D('',#8264,#6507,#6508);
#5471=AXIS2_PLACEMENT_3D('',#8266,#6510,#6511);
#5472=AXIS2_PLACEMENT_3D('',#8268,#6512,#6513);
#5473=AXIS2_PLACEMENT_3D('',#8269,#6514,#6515);
#5474=AXIS2_PLACEMENT_3D('',#8270,#6516,#6517);
#5475=AXIS2_PLACEMENT_3D('',#8272,#6519,#6520);
#5476=AXIS2_PLACEMENT_3D('',#8278,#6524,#6525);
#5477=AXIS2_PLACEMENT_3D('',#8281,#6527,#6528);
#5478=AXIS2_PLACEMENT_3D('',#8282,#6529,#6530);
#5479=AXIS2_PLACEMENT_3D('',#8284,#6531,#6532);
#5480=AXIS2_PLACEMENT_3D('',#8286,#6533,#6534);
#5481=AXIS2_PLACEMENT_3D('',#8287,#6535,#6536);
#5482=AXIS2_PLACEMENT_3D('',#8288,#6537,#6538);
#5483=AXIS2_PLACEMENT_3D('',#8290,#6539,#6540);
#5484=AXIS2_PLACEMENT_3D('',#8292,#6542,#6543);
#5485=AXIS2_PLACEMENT_3D('',#8294,#6544,#6545);
#5486=AXIS2_PLACEMENT_3D('',#8295,#6546,#6547);
#5487=AXIS2_PLACEMENT_3D('',#8296,#6548,#6549);
#5488=AXIS2_PLACEMENT_3D('',#8298,#6551,#6552);
#5489=AXIS2_PLACEMENT_3D('',#8304,#6556,#6557);
#5490=AXIS2_PLACEMENT_3D('',#8307,#6559,#6560);
#5491=AXIS2_PLACEMENT_3D('',#8308,#6561,#6562);
#5492=AXIS2_PLACEMENT_3D('',#8311,#6563,#6564);
#5493=AXIS2_PLACEMENT_3D('',#8315,#6566,#6567);
#5494=AXIS2_PLACEMENT_3D('',#8317,#6569,#6570);
#5495=AXIS2_PLACEMENT_3D('',#8324,#6571,#6572);
#5496=AXIS2_PLACEMENT_3D('',#8325,#6573,#6574);
#5497=AXIS2_PLACEMENT_3D('',#8327,#6575,#6576);
#5498=AXIS2_PLACEMENT_3D('',#8328,#6577,#6578);
#5499=AXIS2_PLACEMENT_3D('',#8329,#6579,#6580);
#5500=AXIS2_PLACEMENT_3D('',#8331,#6582,#6583);
#5501=AXIS2_PLACEMENT_3D('',#8337,#6586,#6587);
#5502=AXIS2_PLACEMENT_3D('',#8346,#6593,#6594);
#5503=AXIS2_PLACEMENT_3D('',#8347,#6595,#6596);
#5504=AXIS2_PLACEMENT_3D('',#8349,#6597,#6598);
#5505=AXIS2_PLACEMENT_3D('',#8350,#6599,#6600);
#5506=AXIS2_PLACEMENT_3D('',#8351,#6601,#6602);
#5507=AXIS2_PLACEMENT_3D('',#8354,#6604,#6605);
#5508=AXIS2_PLACEMENT_3D('',#8355,#6606,#6607);
#5509=AXIS2_PLACEMENT_3D('',#8358,#6608,#6609);
#5510=AXIS2_PLACEMENT_3D('',#8360,#6610,#6611);
#5511=AXIS2_PLACEMENT_3D('',#8361,#6612,#6613);
#5512=AXIS2_PLACEMENT_3D('',#8362,#6614,#6615);
#5513=AXIS2_PLACEMENT_3D('',#8365,#6616,#6617);
#5514=AXIS2_PLACEMENT_3D('',#8368,#6620,#6621);
#5515=AXIS2_PLACEMENT_3D('',#8369,#6622,#6623);
#5516=AXIS2_PLACEMENT_3D('',#8371,#6624,#6625);
#5517=AXIS2_PLACEMENT_3D('',#8380,#6626,#6627);
#5518=AXIS2_PLACEMENT_3D('',#8388,#6631,#6632);
#5519=AXIS2_PLACEMENT_3D('',#8390,#6634,#6635);
#5520=AXIS2_PLACEMENT_3D('',#8393,#6637,#6638);
#5521=AXIS2_PLACEMENT_3D('',#8394,#6639,#6640);
#5522=AXIS2_PLACEMENT_3D('',#8398,#6642,#6643);
#5523=AXIS2_PLACEMENT_3D('',#8400,#6645,#6646);
#5524=AXIS2_PLACEMENT_3D('',#8403,#6647,#6648);
#5525=AXIS2_PLACEMENT_3D('',#8405,#6649,#6650);
#5526=AXIS2_PLACEMENT_3D('',#8406,#6651,#6652);
#5527=AXIS2_PLACEMENT_3D('',#8407,#6653,#6654);
#5528=AXIS2_PLACEMENT_3D('',#8409,#6655,#6656);
#5529=AXIS2_PLACEMENT_3D('',#8411,#6657,#6658);
#5530=AXIS2_PLACEMENT_3D('',#8412,#6659,#6660);
#5531=AXIS2_PLACEMENT_3D('',#8413,#6661,#6662);
#5532=AXIS2_PLACEMENT_3D('',#8416,#6663,#6664);
#5533=AXIS2_PLACEMENT_3D('',#8418,#6665,#6666);
#5534=AXIS2_PLACEMENT_3D('',#8420,#6667,#6668);
#5535=AXIS2_PLACEMENT_3D('',#8421,#6669,#6670);
#5536=AXIS2_PLACEMENT_3D('',#8422,#6671,#6672);
#5537=AXIS2_PLACEMENT_3D('',#8425,#6675,#6676);
#5538=AXIS2_PLACEMENT_3D('',#8426,#6677,#6678);
#5539=AXIS2_PLACEMENT_3D('',#8428,#6679,#6680);
#5540=AXIS2_PLACEMENT_3D('',#8429,#6681,#6682);
#5541=AXIS2_PLACEMENT_3D('',#8430,#6683,#6684);
#5542=AXIS2_PLACEMENT_3D('',#8431,#6685,#6686);
#5543=AXIS2_PLACEMENT_3D('',#8432,#6687,#6688);
#5544=AXIS2_PLACEMENT_3D('',#8451,#6689,#6690);
#5545=AXIS2_PLACEMENT_3D('',#8457,#6691,#6692);
#5546=AXIS2_PLACEMENT_3D('',#8458,#6693,#6694);
#5547=AXIS2_PLACEMENT_3D('',#8461,#6695,#6696);
#5548=AXIS2_PLACEMENT_3D('',#8463,#6697,#6698);
#5549=AXIS2_PLACEMENT_3D('',#8464,#6699,#6700);
#5550=AXIS2_PLACEMENT_3D('',#8465,#6701,#6702);
#5551=AXIS2_PLACEMENT_3D('',#8467,#6703,#6704);
#5552=AXIS2_PLACEMENT_3D('',#8469,#6705,#6706);
#5553=AXIS2_PLACEMENT_3D('',#8470,#6707,#6708);
#5554=AXIS2_PLACEMENT_3D('',#8471,#6709,#6710);
#5555=AXIS2_PLACEMENT_3D('',#8473,#6712,#6713);
#5556=AXIS2_PLACEMENT_3D('',#8476,#6716,#6717);
#5557=AXIS2_PLACEMENT_3D('',#8478,#6718,#6719);
#5558=AXIS2_PLACEMENT_3D('',#8479,#6720,#6721);
#5559=AXIS2_PLACEMENT_3D('',#8480,#6722,#6723);
#5560=AXIS2_PLACEMENT_3D('',#8482,#6725,#6726);
#5561=AXIS2_PLACEMENT_3D('',#8485,#6727,#6728);
#5562=AXIS2_PLACEMENT_3D('',#8487,#6729,#6730);
#5563=AXIS2_PLACEMENT_3D('',#8489,#6731,#6732);
#5564=AXIS2_PLACEMENT_3D('',#8490,#6733,#6734);
#5565=AXIS2_PLACEMENT_3D('',#8491,#6735,#6736);
#5566=AXIS2_PLACEMENT_3D('',#8493,#6737,#6738);
#5567=AXIS2_PLACEMENT_3D('',#8495,#6739,#6740);
#5568=AXIS2_PLACEMENT_3D('',#8496,#6741,#6742);
#5569=AXIS2_PLACEMENT_3D('',#8497,#6743,#6744);
#5570=AXIS2_PLACEMENT_3D('',#8499,#6746,#6747);
#5571=AXIS2_PLACEMENT_3D('',#8502,#6750,#6751);
#5572=AXIS2_PLACEMENT_3D('',#8505,#6752,#6753);
#5573=AXIS2_PLACEMENT_3D('',#8507,#6754,#6755);
#5574=AXIS2_PLACEMENT_3D('',#8508,#6756,#6757);
#5575=AXIS2_PLACEMENT_3D('',#8509,#6758,#6759);
#5576=AXIS2_PLACEMENT_3D('',#8512,#6760,#6761);
#5577=AXIS2_PLACEMENT_3D('',#8513,#6762,#6763);
#5578=AXIS2_PLACEMENT_3D('',#8514,#6764,#6765);
#5579=AXIS2_PLACEMENT_3D('',#8515,#6766,#6767);
#5580=AXIS2_PLACEMENT_3D('',#8517,#6768,#6769);
#5581=AXIS2_PLACEMENT_3D('',#8518,#6770,#6771);
#5582=AXIS2_PLACEMENT_3D('',#8519,#6772,#6773);
#5583=AXIS2_PLACEMENT_3D('',#8521,#6774,#6775);
#5584=AXIS2_PLACEMENT_3D('',#8523,#6776,#6777);
#5585=AXIS2_PLACEMENT_3D('',#8524,#6778,#6779);
#5586=AXIS2_PLACEMENT_3D('',#8525,#6780,#6781);
#5587=AXIS2_PLACEMENT_3D('',#8527,#6783,#6784);
#5588=AXIS2_PLACEMENT_3D('',#8530,#6787,#6788);
#5589=AXIS2_PLACEMENT_3D('',#8532,#6789,#6790);
#5590=AXIS2_PLACEMENT_3D('',#8534,#6791,#6792);
#5591=AXIS2_PLACEMENT_3D('',#8535,#6793,#6794);
#5592=AXIS2_PLACEMENT_3D('',#8536,#6795,#6796);
#5593=AXIS2_PLACEMENT_3D('',#8538,#6798,#6799);
#5594=AXIS2_PLACEMENT_3D('',#8541,#6802,#6803);
#5595=AXIS2_PLACEMENT_3D('',#8543,#6805,#6806);
#5596=AXIS2_PLACEMENT_3D('',#8546,#6809,#6810);
#5597=AXIS2_PLACEMENT_3D('',#8548,#6812,#6813);
#5598=AXIS2_PLACEMENT_3D('',#8551,#6816,#6817);
#5599=AXIS2_PLACEMENT_3D('',#8554,#6820,#6821);
#5600=AXIS2_PLACEMENT_3D('',#8557,#6824,#6825);
#5601=AXIS2_PLACEMENT_3D('',#8560,#6828,#6829);
#5602=AXIS2_PLACEMENT_3D('',#8563,#6832,#6833);
#5603=AXIS2_PLACEMENT_3D('',#8565,#6835,#6836);
#5604=AXIS2_PLACEMENT_3D('',#8568,#6839,#6840);
#5605=AXIS2_PLACEMENT_3D('',#8569,#6841,#6842);
#5606=AXIS2_PLACEMENT_3D('',#8570,#6843,#6844);
#5607=AXIS2_PLACEMENT_3D('',#8571,#6845,#6846);
#5608=AXIS2_PLACEMENT_3D('',#8572,#6847,#6848);
#5609=AXIS2_PLACEMENT_3D('',#8573,#6849,#6850);
#5610=AXIS2_PLACEMENT_3D('',#8574,#6851,#6852);
#5611=AXIS2_PLACEMENT_3D('',#8591,#6861,#6862);
#5612=AXIS2_PLACEMENT_3D('',#8592,#6863,#6864);
#5613=AXIS2_PLACEMENT_3D('',#8593,#6865,#6866);
#5614=AXIS2_PLACEMENT_3D('',#8594,#6867,#6868);
#5615=AXIS2_PLACEMENT_3D('',#8596,#6869,#6870);
#5616=AXIS2_PLACEMENT_3D('',#8598,#6872,#6873);
#5617=AXIS2_PLACEMENT_3D('',#8599,#6874,#6875);
#5618=AXIS2_PLACEMENT_3D('',#8600,#6876,#6877);
#5619=AXIS2_PLACEMENT_3D('',#8601,#6878,#6879);
#5620=AXIS2_PLACEMENT_3D('',#8602,#6880,#6881);
#5621=AXIS2_PLACEMENT_3D('',#8604,#6883,#6884);
#5622=AXIS2_PLACEMENT_3D('',#8608,#6886,#6887);
#5623=AXIS2_PLACEMENT_3D('',#8609,#6888,#6889);
#5624=AXIS2_PLACEMENT_3D('',#8610,#6890,#6891);
#5625=AXIS2_PLACEMENT_3D('',#8613,#6893,#6894);
#5626=AXIS2_PLACEMENT_3D('',#8614,#6895,#6896);
#5627=AXIS2_PLACEMENT_3D('',#8616,#6897,#6898);
#5628=AXIS2_PLACEMENT_3D('',#8619,#6900,#6901);
#5629=AXIS2_PLACEMENT_3D('',#8620,#6902,#6903);
#5630=AXIS2_PLACEMENT_3D('',#8622,#6905,#6906);
#5631=AXIS2_PLACEMENT_3D('',#8624,#6908,#6909);
#5632=AXIS2_PLACEMENT_3D('',#8626,#6911,#6912);
#5633=AXIS2_PLACEMENT_3D('',#8634,#6916,#6917);
#5634=AXIS2_PLACEMENT_3D('',#8638,#6920,#6921);
#5635=AXIS2_PLACEMENT_3D('',#8641,#6922,#6923);
#5636=AXIS2_PLACEMENT_3D('',#8642,#6924,#6925);
#5637=AXIS2_PLACEMENT_3D('',#8643,#6926,#6927);
#5638=AXIS2_PLACEMENT_3D('',#8644,#6928,#6929);
#5639=AXIS2_PLACEMENT_3D('',#8646,#6931,#6932);
#5640=AXIS2_PLACEMENT_3D('',#8648,#6933,#6934);
#5641=AXIS2_PLACEMENT_3D('',#8650,#6935,#6936);
#5642=AXIS2_PLACEMENT_3D('',#8651,#6937,#6938);
#5643=AXIS2_PLACEMENT_3D('',#8652,#6939,#6940);
#5644=AXIS2_PLACEMENT_3D('',#8655,#6943,#6944);
#5645=AXIS2_PLACEMENT_3D('',#8657,#6945,#6946);
#5646=AXIS2_PLACEMENT_3D('',#8659,#6947,#6948);
#5647=AXIS2_PLACEMENT_3D('',#8660,#6949,#6950);
#5648=AXIS2_PLACEMENT_3D('',#8661,#6951,#6952);
#5649=AXIS2_PLACEMENT_3D('',#8663,#6953,#6954);
#5650=AXIS2_PLACEMENT_3D('',#8665,#6955,#6956);
#5651=AXIS2_PLACEMENT_3D('',#8666,#6957,#6958);
#5652=AXIS2_PLACEMENT_3D('',#8667,#6959,#6960);
#5653=AXIS2_PLACEMENT_3D('',#8669,#6961,#6962);
#5654=AXIS2_PLACEMENT_3D('',#8671,#6964,#6965);
#5655=AXIS2_PLACEMENT_3D('',#8673,#6966,#6967);
#5656=AXIS2_PLACEMENT_3D('',#8675,#6968,#6969);
#5657=AXIS2_PLACEMENT_3D('',#8676,#6970,#6971);
#5658=AXIS2_PLACEMENT_3D('',#8677,#6972,#6973);
#5659=AXIS2_PLACEMENT_3D('',#8680,#6976,#6977);
#5660=AXIS2_PLACEMENT_3D('',#8682,#6978,#6979);
#5661=AXIS2_PLACEMENT_3D('',#8684,#6980,#6981);
#5662=AXIS2_PLACEMENT_3D('',#8685,#6982,#6983);
#5663=AXIS2_PLACEMENT_3D('',#8686,#6984,#6985);
#5664=AXIS2_PLACEMENT_3D('',#8688,#6987,#6988);
#5665=AXIS2_PLACEMENT_3D('',#8691,#6991,#6992);
#5666=AXIS2_PLACEMENT_3D('',#8693,#6993,#6994);
#5667=AXIS2_PLACEMENT_3D('',#8695,#6996,#6997);
#5668=AXIS2_PLACEMENT_3D('',#8697,#6999,#7000);
#5669=AXIS2_PLACEMENT_3D('',#8699,#7002,#7003);
#5670=AXIS2_PLACEMENT_3D('',#8701,#7005,#7006);
#5671=AXIS2_PLACEMENT_3D('',#8703,#7007,#7008);
#5672=AXIS2_PLACEMENT_3D('',#8705,#7010,#7011);
#5673=AXIS2_PLACEMENT_3D('',#8707,#7013,#7014);
#5674=AXIS2_PLACEMENT_3D('',#8710,#7015,#7016);
#5675=AXIS2_PLACEMENT_3D('',#8714,#7018,#7019);
#5676=AXIS2_PLACEMENT_3D('',#8718,#7021,#7022);
#5677=AXIS2_PLACEMENT_3D('',#8722,#7024,#7025);
#5678=AXIS2_PLACEMENT_3D('',#8724,#7027,#7028);
#5679=AXIS2_PLACEMENT_3D('',#8725,#7029,#7030);
#5680=AXIS2_PLACEMENT_3D('',#8727,#7031,#7032);
#5681=AXIS2_PLACEMENT_3D('',#8728,#7033,#7034);
#5682=AXIS2_PLACEMENT_3D('',#8729,#7035,#7036);
#5683=AXIS2_PLACEMENT_3D('',#8731,#7038,#7039);
#5684=AXIS2_PLACEMENT_3D('',#8734,#7040,#7041);
#5685=AXIS2_PLACEMENT_3D('',#8737,#7044,#7045);
#5686=AXIS2_PLACEMENT_3D('',#8776,#7067,#7068);
#5687=AXIS2_PLACEMENT_3D('',#8778,#7069,#7070);
#5688=AXIS2_PLACEMENT_3D('',#8788,#7075,#7076);
#5689=AXIS2_PLACEMENT_3D('',#8790,#7077,#7078);
#5690=AXIS2_PLACEMENT_3D('',#8792,#7079,#7080);
#5691=AXIS2_PLACEMENT_3D('',#8794,#7081,#7082);
#5692=AXIS2_PLACEMENT_3D('',#8796,#7083,#7084);
#5693=AXIS2_PLACEMENT_3D('',#8797,#7085,#7086);
#5694=AXIS2_PLACEMENT_3D('',#8799,#7088,#7089);
#5695=AXIS2_PLACEMENT_3D('',#8801,#7091,#7092);
#5696=AXIS2_PLACEMENT_3D('',#8809,#7097,#7098);
#5697=AXIS2_PLACEMENT_3D('',#8813,#7101,#7102);
#5698=AXIS2_PLACEMENT_3D('',#8816,#7105,#7106);
#5699=AXIS2_PLACEMENT_3D('',#8817,#7107,#7108);
#5700=AXIS2_PLACEMENT_3D('',#8819,#7109,#7110);
#5701=AXIS2_PLACEMENT_3D('',#8821,#7112,#7113);
#5702=AXIS2_PLACEMENT_3D('',#8823,#7115,#7116);
#5703=AXIS2_PLACEMENT_3D('',#8825,#7117,#7118);
#5704=AXIS2_PLACEMENT_3D('',#8827,#7120,#7121);
#5705=AXIS2_PLACEMENT_3D('',#8829,#7123,#7124);
#5706=AXIS2_PLACEMENT_3D('',#8831,#7125,#7126);
#5707=AXIS2_PLACEMENT_3D('',#8833,#7128,#7129);
#5708=AXIS2_PLACEMENT_3D('',#8835,#7131,#7132);
#5709=AXIS2_PLACEMENT_3D('',#8837,#7133,#7134);
#5710=AXIS2_PLACEMENT_3D('',#8839,#7136,#7137);
#5711=AXIS2_PLACEMENT_3D('',#8841,#7139,#7140);
#5712=AXIS2_PLACEMENT_3D('',#8842,#7141,#7142);
#5713=AXIS2_PLACEMENT_3D('',#8843,#7143,#7144);
#5714=AXIS2_PLACEMENT_3D('',#8846,#7146,#7147);
#5715=AXIS2_PLACEMENT_3D('',#8847,#7148,#7149);
#5716=AXIS2_PLACEMENT_3D('',#8848,#7150,#7151);
#5717=AXIS2_PLACEMENT_3D('',#8851,#7153,#7154);
#5718=AXIS2_PLACEMENT_3D('',#8852,#7155,#7156);
#5719=AXIS2_PLACEMENT_3D('',#8853,#7157,#7158);
#5720=AXIS2_PLACEMENT_3D('',#8856,#7160,#7161);
#5721=AXIS2_PLACEMENT_3D('',#8857,#7162,#7163);
#5722=AXIS2_PLACEMENT_3D('',#8858,#7164,#7165);
#5723=AXIS2_PLACEMENT_3D('',#8875,#7174,#7175);
#5724=AXIS2_PLACEMENT_3D('',#8878,#7178,#7179);
#5725=AXIS2_PLACEMENT_3D('',#8880,#7181,#7182);
#5726=AXIS2_PLACEMENT_3D('',#8882,#7184,#7185);
#5727=AXIS2_PLACEMENT_3D('',#8884,#7187,#7188);
#5728=AXIS2_PLACEMENT_3D('',#8886,#7190,#7191);
#5729=AXIS2_PLACEMENT_3D('',#8888,#7193,#7194);
#5730=AXIS2_PLACEMENT_3D('',#8890,#7196,#7197);
#5731=AXIS2_PLACEMENT_3D('',#8891,#7198,#7199);
#5732=AXIS2_PLACEMENT_3D('',#8892,#7200,#7201);
#5733=AXIS2_PLACEMENT_3D('',#8898,#7205,#7206);
#5734=AXIS2_PLACEMENT_3D('',#8901,#7208,#7209);
#5735=AXIS2_PLACEMENT_3D('',#8902,#7210,#7211);
#5736=AXIS2_PLACEMENT_3D('',#8906,#7214,#7215);
#5737=AXIS2_PLACEMENT_3D('',#8912,#7219,#7220);
#5738=AXIS2_PLACEMENT_3D('',#8913,#7221,#7222);
#5739=AXIS2_PLACEMENT_3D('',#8914,#7223,#7224);
#5740=AXIS2_PLACEMENT_3D('',#8916,#7226,#7227);
#5741=AXIS2_PLACEMENT_3D('',#8931,#7234,#7235);
#5742=AXIS2_PLACEMENT_3D('',#8937,#7239,#7240);
#5743=AXIS2_PLACEMENT_3D('',#8940,#7242,#7243);
#5744=AXIS2_PLACEMENT_3D('',#8941,#7244,#7245);
#5745=AXIS2_PLACEMENT_3D('',#8945,#7248,#7249);
#5746=AXIS2_PLACEMENT_3D('',#8948,#7251,#7252);
#5747=AXIS2_PLACEMENT_3D('',#8949,#7253,#7254);
#5748=AXIS2_PLACEMENT_3D('',#8953,#7257,#7258);
#5749=AXIS2_PLACEMENT_3D('',#8956,#7260,#7261);
#5750=AXIS2_PLACEMENT_3D('',#8957,#7262,#7263);
#5751=AXIS2_PLACEMENT_3D('',#8961,#7266,#7267);
#5752=AXIS2_PLACEMENT_3D('',#8962,#7268,#7269);
#5753=AXIS2_PLACEMENT_3D('',#8963,#7270,#7271);
#5754=AXIS2_PLACEMENT_3D('',#8964,#7272,#7273);
#5755=AXIS2_PLACEMENT_3D('',#8970,#7277,#7278);
#5756=AXIS2_PLACEMENT_3D('',#8972,#7279,#7280);
#5757=AXIS2_PLACEMENT_3D('',#8974,#7282,#7283);
#5758=AXIS2_PLACEMENT_3D('',#8978,#7286,#7287);
#5759=AXIS2_PLACEMENT_3D('',#8979,#7288,#7289);
#5760=AXIS2_PLACEMENT_3D('',#8980,#7290,#7291);
#5761=AXIS2_PLACEMENT_3D('',#8981,#7292,#7293);
#5762=AXIS2_PLACEMENT_3D('',#8987,#7297,#7298);
#5763=AXIS2_PLACEMENT_3D('',#8989,#7299,#7300);
#5764=AXIS2_PLACEMENT_3D('',#8991,#7302,#7303);
#5765=AXIS2_PLACEMENT_3D('',#8995,#7306,#7307);
#5766=AXIS2_PLACEMENT_3D('',#8996,#7308,#7309);
#5767=AXIS2_PLACEMENT_3D('',#8997,#7310,#7311);
#5768=AXIS2_PLACEMENT_3D('',#8998,#7312,#7313);
#5769=AXIS2_PLACEMENT_3D('',#9002,#7315,#7316);
#5770=AXIS2_PLACEMENT_3D('',#9004,#7318,#7319);
#5771=AXIS2_PLACEMENT_3D('',#9008,#7322,#7323);
#5772=AXIS2_PLACEMENT_3D('',#9010,#7324,#7325);
#5773=AXIS2_PLACEMENT_3D('',#9012,#7327,#7328);
#5774=AXIS2_PLACEMENT_3D('',#9014,#7330,#7331);
#5775=AXIS2_PLACEMENT_3D('',#9015,#7332,#7333);
#5776=AXIS2_PLACEMENT_3D('',#9021,#7337,#7338);
#5777=AXIS2_PLACEMENT_3D('',#9023,#7339,#7340);
#5778=AXIS2_PLACEMENT_3D('',#9025,#7342,#7343);
#5779=AXIS2_PLACEMENT_3D('',#9029,#7346,#7347);
#5780=AXIS2_PLACEMENT_3D('',#9030,#7348,#7349);
#5781=AXIS2_PLACEMENT_3D('',#9031,#7350,#7351);
#5782=AXIS2_PLACEMENT_3D('',#9032,#7352,#7353);
#5783=AXIS2_PLACEMENT_3D('',#9044,#7359,#7360);
#5784=AXIS2_PLACEMENT_3D('',#9046,#7362,#7363);
#5785=AXIS2_PLACEMENT_3D('',#9047,#7364,#7365);
#5786=AXIS2_PLACEMENT_3D('',#9050,#7368,#7369);
#5787=AXIS2_PLACEMENT_3D('',#9052,#7371,#7372);
#5788=AXIS2_PLACEMENT_3D('',#9054,#7374,#7375);
#5789=AXIS2_PLACEMENT_3D('',#9055,#7376,#7377);
#5790=AXIS2_PLACEMENT_3D('',#9056,#7378,#7379);
#5791=AXIS2_PLACEMENT_3D('',#9057,#7380,#7381);
#5792=AXIS2_PLACEMENT_3D('',#9058,#7382,#7383);
#5793=AXIS2_PLACEMENT_3D('',#9059,#7384,#7385);
#5794=AXIS2_PLACEMENT_3D('',#9061,#7387,#7388);
#5795=AXIS2_PLACEMENT_3D('',#9063,#7390,#7391);
#5796=AXIS2_PLACEMENT_3D('',#9065,#7393,#7394);
#5797=AXIS2_PLACEMENT_3D('',#9066,#7395,#7396);
#5798=AXIS2_PLACEMENT_3D('',#9068,#7397,#7398);
#5799=AXIS2_PLACEMENT_3D('',#9071,#7400,#7401);
#5800=AXIS2_PLACEMENT_3D('',#9072,#7402,#7403);
#5801=AXIS2_PLACEMENT_3D('',#9073,#7404,#7405);
#5802=AXIS2_PLACEMENT_3D('',#9074,#7406,#7407);
#5803=AXIS2_PLACEMENT_3D('',#9076,#7408,#7409);
#5804=AXIS2_PLACEMENT_3D('',#9079,#7411,#7412);
#5805=AXIS2_PLACEMENT_3D('',#9080,#7413,#7414);
#5806=AXIS2_PLACEMENT_3D('',#9081,#7415,#7416);
#5807=AXIS2_PLACEMENT_3D('',#9082,#7417,#7418);
#5808=AXIS2_PLACEMENT_3D('',#9083,#7419,#7420);
#5809=AXIS2_PLACEMENT_3D('',#9085,#7421,#7422);
#5810=AXIS2_PLACEMENT_3D('',#9087,#7424,#7425);
#5811=AXIS2_PLACEMENT_3D('',#9089,#7426,#7427);
#5812=AXIS2_PLACEMENT_3D('',#9092,#7429,#7430);
#5813=AXIS2_PLACEMENT_3D('',#9093,#7431,#7432);
#5814=AXIS2_PLACEMENT_3D('',#9095,#7433,#7434);
#5815=AXIS2_PLACEMENT_3D('',#9096,#7435,#7436);
#5816=AXIS2_PLACEMENT_3D('',#9098,#7437,#7438);
#5817=AXIS2_PLACEMENT_3D('',#9100,#7440,#7441);
#5818=AXIS2_PLACEMENT_3D('',#9102,#7442,#7443);
#5819=AXIS2_PLACEMENT_3D('',#9105,#7445,#7446);
#5820=AXIS2_PLACEMENT_3D('',#9106,#7447,#7448);
#5821=AXIS2_PLACEMENT_3D('',#9108,#7449,#7450);
#5822=AXIS2_PLACEMENT_3D('',#9109,#7451,#7452);
#5823=AXIS2_PLACEMENT_3D('',#9111,#7453,#7454);
#5824=AXIS2_PLACEMENT_3D('',#9113,#7456,#7457);
#5825=AXIS2_PLACEMENT_3D('',#9115,#7458,#7459);
#5826=AXIS2_PLACEMENT_3D('',#9118,#7461,#7462);
#5827=AXIS2_PLACEMENT_3D('',#9119,#7463,#7464);
#5828=AXIS2_PLACEMENT_3D('',#9121,#7465,#7466);
#5829=AXIS2_PLACEMENT_3D('',#9122,#7467,#7468);
#5830=AXIS2_PLACEMENT_3D('',#9124,#7469,#7470);
#5831=AXIS2_PLACEMENT_3D('',#9126,#7472,#7473);
#5832=AXIS2_PLACEMENT_3D('',#9128,#7475,#7476);
#5833=AXIS2_PLACEMENT_3D('',#9130,#7478,#7479);
#5834=AXIS2_PLACEMENT_3D('',#9132,#7481,#7482);
#5835=AXIS2_PLACEMENT_3D('',#9134,#7484,#7485);
#5836=AXIS2_PLACEMENT_3D('',#9136,#7487,#7488);
#5837=AXIS2_PLACEMENT_3D('',#9138,#7490,#7491);
#5838=AXIS2_PLACEMENT_3D('',#9139,#7492,#7493);
#5839=AXIS2_PLACEMENT_3D('',#9141,#7495,#7496);
#5840=AXIS2_PLACEMENT_3D('',#9142,#7497,#7498);
#5841=AXIS2_PLACEMENT_3D('',#9144,#7500,#7501);
#5842=AXIS2_PLACEMENT_3D('',#9146,#7503,#7504);
#5843=AXIS2_PLACEMENT_3D('',#9149,#7506,#7507);
#5844=AXIS2_PLACEMENT_3D('',#9150,#7508,#7509);
#5845=AXIS2_PLACEMENT_3D('',#9151,#7510,#7511);
#5846=AXIS2_PLACEMENT_3D('',#9152,#7512,#7513);
#5847=AXIS2_PLACEMENT_3D('',#9155,#7515,#7516);
#5848=AXIS2_PLACEMENT_3D('',#9156,#7517,#7518);
#5849=AXIS2_PLACEMENT_3D('',#9157,#7519,#7520);
#5850=AXIS2_PLACEMENT_3D('',#9160,#7522,#7523);
#5851=AXIS2_PLACEMENT_3D('',#9161,#7524,#7525);
#5852=AXIS2_PLACEMENT_3D('',#9162,#7526,#7527);
#5853=AXIS2_PLACEMENT_3D('',#9168,#7531,#7532);
#5854=AXIS2_PLACEMENT_3D('',#9170,#7534,#7535);
#5855=AXIS2_PLACEMENT_3D('',#9172,#7537,#7538);
#5856=DIRECTION('axis',(0.,0.,1.));
#5857=DIRECTION('refdir',(1.,0.,0.));
#5858=DIRECTION('center_axis',(1.,0.,7.40796880353747E-17));
#5859=DIRECTION('ref_axis',(0.,0.707106781186549,-0.707106781186546));
#5860=DIRECTION('center_axis',(-0.707106781186551,0.,-0.707106781186544));
#5861=DIRECTION('ref_axis',(0.707106781186544,9.81307786677364E-17,-0.707106781186551));
#5862=DIRECTION('',(-1.,0.,-7.40796880353747E-17));
#5863=DIRECTION('center_axis',(-1.,0.,0.));
#5864=DIRECTION('ref_axis',(0.,1.,0.));
#5865=DIRECTION('',(1.,0.,7.40796880353747E-17));
#5866=DIRECTION('center_axis',(-0.707106781186549,0.707106781186546,0.));
#5867=DIRECTION('ref_axis',(0.707106781186546,0.707106781186549,0.));
#5868=DIRECTION('center_axis',(0.,-1.,0.));
#5869=DIRECTION('ref_axis',(0.,0.,-1.));
#5870=DIRECTION('center_axis',(0.,1.,0.));
#5871=DIRECTION('ref_axis',(-0.707106781186549,0.,0.707106781186546));
#5872=DIRECTION('center_axis',(0.,-1.,0.));
#5873=DIRECTION('ref_axis',(-0.707106781186549,0.,0.707106781186546));
#5874=DIRECTION('center_axis',(0.,-1.,0.));
#5875=DIRECTION('ref_axis',(0.,0.,-1.));
#5876=DIRECTION('',(0.,0.,-1.));
#5877=DIRECTION('',(1.,0.,0.));
#5878=DIRECTION('center_axis',(0.,-1.,0.));
#5879=DIRECTION('ref_axis',(-0.707106781186546,0.,-0.707106781186549));
#5880=DIRECTION('',(0.,0.,-1.));
#5881=DIRECTION('',(1.,0.,2.89142491338006E-34));
#5882=DIRECTION('',(0.,0.,1.));
#5883=DIRECTION('',(-1.,0.,-7.40796880353747E-17));
#5884=DIRECTION('center_axis',(0.,-1.,0.));
#5885=DIRECTION('ref_axis',(0.707106781186544,0.,0.707106781186551));
#5886=DIRECTION('',(0.,0.,1.));
#5887=DIRECTION('',(1.,0.,0.));
#5888=DIRECTION('',(0.,0.,-1.));
#5889=DIRECTION('',(-1.,0.,0.));
#5890=DIRECTION('',(9.07768173198201E-16,0.,1.));
#5891=DIRECTION('',(1.,0.,0.));
#5892=DIRECTION('',(-1.13471021649775E-15,0.,-1.));
#5893=DIRECTION('center_axis',(0.,1.,0.));
#5894=DIRECTION('ref_axis',(1.,0.,0.));
#5895=DIRECTION('center_axis',(0.,1.,0.));
#5896=DIRECTION('ref_axis',(1.,0.,0.));
#5897=DIRECTION('center_axis',(0.,1.,0.));
#5898=DIRECTION('ref_axis',(1.,0.,0.));
#5899=DIRECTION('',(0.,0.,-1.));
#5900=DIRECTION('center_axis',(0.,1.,0.));
#5901=DIRECTION('ref_axis',(0.,0.,-1.));
#5902=DIRECTION('',(-1.,0.,1.58603289232165E-16));
#5903=DIRECTION('center_axis',(0.,1.,0.));
#5904=DIRECTION('ref_axis',(-1.,0.,0.));
#5905=DIRECTION('',(4.44089196615174E-15,0.,1.));
#5906=DIRECTION('center_axis',(0.,1.,0.));
#5907=DIRECTION('ref_axis',(0.,0.,1.));
#5908=DIRECTION('',(1.,0.,0.));
#5909=DIRECTION('center_axis',(0.,1.,0.));
#5910=DIRECTION('ref_axis',(1.,0.,-6.66133814775096E-15));
#5911=DIRECTION('',(1.,0.,0.));
#5912=DIRECTION('',(0.,0.,1.));
#5913=DIRECTION('',(1.,0.,0.));
#5914=DIRECTION('',(0.,0.,-1.));
#5915=DIRECTION('',(-1.,0.,0.));
#5916=DIRECTION('center_axis',(0.,1.,0.));
#5917=DIRECTION('ref_axis',(1.,0.,0.));
#5918=DIRECTION('',(0.,0.,1.));
#5919=DIRECTION('',(-1.,0.,0.));
#5920=DIRECTION('center_axis',(0.,1.,0.));
#5921=DIRECTION('ref_axis',(-1.,0.,0.));
#5922=DIRECTION('',(-3.55271367880051E-15,0.,1.));
#5923=DIRECTION('center_axis',(0.,1.,0.));
#5924=DIRECTION('ref_axis',(0.,0.,1.));
#5925=DIRECTION('center_axis',(-0.408248290463858,-0.408248290463858,-0.816496580927731));
#5926=DIRECTION('ref_axis',(-0.577350269189633,-0.577350269189622,0.577350269189622));
#5927=DIRECTION('center_axis',(-1.,8.88178419700124E-15,0.));
#5928=DIRECTION('ref_axis',(0.,0.,1.));
#5929=DIRECTION('center_axis',(0.,-1.,0.));
#5930=DIRECTION('ref_axis',(-1.,0.,0.));
#5931=DIRECTION('center_axis',(0.,0.,1.));
#5932=DIRECTION('ref_axis',(0.,-1.,0.));
#5933=DIRECTION('center_axis',(0.,1.,0.));
#5934=DIRECTION('ref_axis',(-0.707106781186552,0.,0.707106781186543));
#5935=DIRECTION('center_axis',(0.,-1.,0.));
#5936=DIRECTION('ref_axis',(-0.707106781186552,0.,0.707106781186543));
#5937=DIRECTION('',(0.,-1.,0.));
#5938=DIRECTION('',(0.,1.,0.));
#5939=DIRECTION('',(0.,-1.,0.));
#5940=DIRECTION('center_axis',(-0.408248290463859,-0.816496580927721,-0.408248290463877));
#5941=DIRECTION('ref_axis',(0.577350269189608,-0.577350269189633,0.577350269189637));
#5942=DIRECTION('center_axis',(0.,0.,1.));
#5943=DIRECTION('ref_axis',(1.,0.,0.));
#5944=DIRECTION('center_axis',(0.,-1.,0.));
#5945=DIRECTION('ref_axis',(0.,0.,1.));
#5946=DIRECTION('center_axis',(1.,0.,-1.77635683940025E-14));
#5947=DIRECTION('ref_axis',(0.,-1.,0.));
#5948=DIRECTION('center_axis',(0.,-1.,0.));
#5949=DIRECTION('ref_axis',(0.707106781186538,0.,0.707106781186557));
#5950=DIRECTION('center_axis',(0.,0.707106781186548,0.707106781186548));
#5951=DIRECTION('ref_axis',(0.,-0.707106781186548,0.707106781186548));
#5952=DIRECTION('',(0.,-1.,0.));
#5953=DIRECTION('',(0.,1.,0.));
#5954=DIRECTION('center_axis',(-1.,0.,0.));
#5955=DIRECTION('ref_axis',(0.,-0.707106781186549,0.707106781186546));
#5956=DIRECTION('',(1.,0.,0.));
#5957=DIRECTION('',(-1.,0.,0.));
#5958=DIRECTION('center_axis',(0.,0.,1.));
#5959=DIRECTION('ref_axis',(1.,0.,0.));
#5960=DIRECTION('center_axis',(-7.40796880353747E-17,0.,1.));
#5961=DIRECTION('ref_axis',(-0.707106781186546,-0.707106781186549,0.));
#5962=DIRECTION('center_axis',(-1.,0.,0.));
#5963=DIRECTION('ref_axis',(0.,1.,0.));
#5964=DIRECTION('center_axis',(0.,0.,-1.));
#5965=DIRECTION('ref_axis',(-1.,0.,0.));
#5966=DIRECTION('center_axis',(0.,-1.,0.));
#5967=DIRECTION('ref_axis',(0.,0.,-1.));
#5968=DIRECTION('center_axis',(-1.,0.,0.));
#5969=DIRECTION('ref_axis',(0.,0.,1.));
#5970=DIRECTION('center_axis',(-1.,1.77635683940025E-14,0.));
#5971=DIRECTION('ref_axis',(0.,0.,-1.));
#5972=DIRECTION('center_axis',(0.,-1.,0.));
#5973=DIRECTION('ref_axis',(1.,0.,0.));
#5974=DIRECTION('center_axis',(1.,0.,0.));
#5975=DIRECTION('ref_axis',(0.,0.707106781186547,-0.707106781186547));
#5976=DIRECTION('center_axis',(0.,0.,1.));
#5977=DIRECTION('ref_axis',(0.,-1.,0.));
#5978=DIRECTION('center_axis',(0.408248290463859,-0.816496580927719,0.408248290463881));
#5979=DIRECTION('ref_axis',(0.577350269189607,0.577350269189635,0.577350269189635));
#5980=DIRECTION('center_axis',(0.,0.,1.));
#5981=DIRECTION('ref_axis',(0.,1.,0.));
#5982=DIRECTION('center_axis',(1.,3.55271367880051E-14,0.));
#5983=DIRECTION('ref_axis',(0.,0.,1.));
#5984=DIRECTION('center_axis',(0.,1.,0.));
#5985=DIRECTION('ref_axis',(1.,0.,0.));
#5986=DIRECTION('center_axis',(0.408248290463862,0.408248290463855,-0.816496580927731));
#5987=DIRECTION('ref_axis',(0.577350269189639,0.577350269189618,0.577350269189621));
#5988=DIRECTION('center_axis',(0.,1.,0.));
#5989=DIRECTION('ref_axis',(1.,0.,0.));
#5990=DIRECTION('center_axis',(0.,0.,1.));
#5991=DIRECTION('ref_axis',(0.,1.,0.));
#5992=DIRECTION('center_axis',(1.,1.77635683940026E-14,0.));
#5993=DIRECTION('ref_axis',(0.,0.,1.));
#5994=DIRECTION('center_axis',(0.,0.,1.));
#5995=DIRECTION('ref_axis',(0.707106781186554,0.707106781186541,0.));
#5996=DIRECTION('',(0.,0.,1.));
#5997=DIRECTION('',(0.,0.,-1.));
#5998=DIRECTION('center_axis',(0.,-0.707106781186551,0.707106781186544));
#5999=DIRECTION('ref_axis',(0.,-0.707106781186544,-0.707106781186551));
#6000=DIRECTION('center_axis',(-0.816496580927732,-0.408248290463859,-0.408248290463855));
#6001=DIRECTION('ref_axis',(-0.577350269189623,0.577350269189631,0.577350269189623));
#6002=DIRECTION('center_axis',(-1.,0.,0.));
#6003=DIRECTION('ref_axis',(0.,1.,0.));
#6004=DIRECTION('center_axis',(0.,0.,1.));
#6005=DIRECTION('ref_axis',(-1.,0.,0.));
#6006=DIRECTION('center_axis',(-8.88178419700128E-15,1.,0.));
#6007=DIRECTION('ref_axis',(0.,0.,1.));
#6008=DIRECTION('center_axis',(0.,0.,1.));
#6009=DIRECTION('ref_axis',(-0.707106781186548,0.707106781186548,0.));
#6010=DIRECTION('',(0.,0.,1.));
#6011=DIRECTION('',(0.,0.,-1.));
#6012=DIRECTION('center_axis',(1.57009245868378E-15,-0.707106781186548,
0.707106781186548));
#6013=DIRECTION('ref_axis',(1.57009245868378E-15,-0.707106781186548,-0.707106781186548));
#6014=DIRECTION('center_axis',(-0.40824829046386,-0.816496580927727,0.408248290463864));
#6015=DIRECTION('ref_axis',(-0.577350269189624,0.577350269189624,0.577350269189629));
#6016=DIRECTION('center_axis',(-8.8817841970012E-15,1.,0.));
#6017=DIRECTION('ref_axis',(0.,0.,1.));
#6018=DIRECTION('center_axis',(-1.,0.,8.88178419700124E-15));
#6019=DIRECTION('ref_axis',(0.,1.,0.));
#6020=DIRECTION('center_axis',(0.,0.,1.));
#6021=DIRECTION('ref_axis',(-1.,0.,0.));
#6022=DIRECTION('center_axis',(1.,0.,0.));
#6023=DIRECTION('ref_axis',(0.,0.707106781186546,0.707106781186549));
#6024=DIRECTION('',(-1.,0.,0.));
#6025=DIRECTION('',(1.,0.,0.));
#6026=DIRECTION('center_axis',(-1.,0.,0.));
#6027=DIRECTION('ref_axis',(0.,0.,1.));
#6028=DIRECTION('center_axis',(-1.,0.,0.));
#6029=DIRECTION('ref_axis',(0.,-1.,0.));
#6030=DIRECTION('center_axis',(0.,0.,1.));
#6031=DIRECTION('ref_axis',(1.,0.,0.));
#6032=DIRECTION('center_axis',(1.,0.,0.));
#6033=DIRECTION('ref_axis',(0.,-0.707106781186547,-0.707106781186547));
#6034=DIRECTION('center_axis',(0.,1.,0.));
#6035=DIRECTION('ref_axis',(0.,0.,1.));
#6036=DIRECTION('center_axis',(0.,0.,1.));
#6037=DIRECTION('ref_axis',(0.707106781186554,0.707106781186541,0.));
#6038=DIRECTION('',(0.,0.,-1.));
#6039=DIRECTION('',(0.,0.,1.));
#6040=DIRECTION('center_axis',(0.,-1.,0.));
#6041=DIRECTION('ref_axis',(0.707106781186554,0.,0.707106781186541));
#6042=DIRECTION('',(0.,1.,0.));
#6043=DIRECTION('',(0.,-1.,0.));
#6044=DIRECTION('center_axis',(0.,0.,1.));
#6045=DIRECTION('ref_axis',(1.,0.,0.));
#6046=DIRECTION('center_axis',(-1.,0.,0.));
#6047=DIRECTION('ref_axis',(0.,-1.,0.));
#6048=DIRECTION('center_axis',(0.,0.,1.));
#6049=DIRECTION('ref_axis',(1.,0.,0.));
#6050=DIRECTION('center_axis',(0.,1.,0.));
#6051=DIRECTION('ref_axis',(0.,0.,1.));
#6052=DIRECTION('center_axis',(0.,0.,-1.));
#6053=DIRECTION('ref_axis',(0.707106781186546,-0.707106781186549,0.));
#6054=DIRECTION('center_axis',(-0.408248290463861,-0.408248290463861,-0.816496580927728));
#6055=DIRECTION('ref_axis',(-0.577350269189626,-0.577350269189626,0.577350269189626));
#6056=DIRECTION('center_axis',(0.,-1.,0.));
#6057=DIRECTION('ref_axis',(-1.,0.,0.));
#6058=DIRECTION('center_axis',(0.,0.,1.));
#6059=DIRECTION('ref_axis',(0.,-1.,0.));
#6060=DIRECTION('center_axis',(-1.,-8.88178419700128E-15,0.));
#6061=DIRECTION('ref_axis',(0.,0.,1.));
#6062=DIRECTION('center_axis',(0.,0.,1.));
#6063=DIRECTION('ref_axis',(1.,0.,0.));
#6064=DIRECTION('center_axis',(-7.40796880353747E-17,0.,1.));
#6065=DIRECTION('ref_axis',(-0.707106781186544,0.707106781186551,0.));
#6066=DIRECTION('center_axis',(0.,1.,0.));
#6067=DIRECTION('ref_axis',(1.,0.,0.));
#6068=DIRECTION('center_axis',(-4.44089209850064E-15,0.,-1.));
#6069=DIRECTION('ref_axis',(0.,1.,0.));
#6070=DIRECTION('center_axis',(-1.,0.,0.));
#6071=DIRECTION('ref_axis',(0.,0.,-1.));
#6072=DIRECTION('center_axis',(-0.408248290463863,-0.408248290463861,-0.816496580927727));
#6073=DIRECTION('ref_axis',(-0.577350269189628,-0.577350269189625,0.577350269189625));
#6074=DIRECTION('center_axis',(-1.,0.,0.));
#6075=DIRECTION('ref_axis',(0.,0.,1.));
#6076=DIRECTION('center_axis',(0.,-1.,0.));
#6077=DIRECTION('ref_axis',(-1.,0.,0.));
#6078=DIRECTION('center_axis',(0.,0.,1.));
#6079=DIRECTION('ref_axis',(0.,-1.,0.));
#6080=DIRECTION('center_axis',(0.,1.,0.));
#6081=DIRECTION('ref_axis',(-0.707106781186549,0.,0.707106781186546));
#6082=DIRECTION('center_axis',(0.,-1.,0.));
#6083=DIRECTION('ref_axis',(-0.707106781186549,0.,0.707106781186546));
#6084=DIRECTION('',(0.,-1.,0.));
#6085=DIRECTION('',(0.,1.,0.));
#6086=DIRECTION('center_axis',(0.,0.,1.));
#6087=DIRECTION('ref_axis',(1.,0.,0.));
#6088=DIRECTION('center_axis',(0.,0.,1.));
#6089=DIRECTION('ref_axis',(0.707106781186546,-0.707106781186549,0.));
#6090=DIRECTION('center_axis',(0.,1.,0.));
#6091=DIRECTION('ref_axis',(1.,0.,0.));
#6092=DIRECTION('center_axis',(0.,0.,-1.));
#6093=DIRECTION('ref_axis',(0.,-1.,0.));
#6094=DIRECTION('center_axis',(-1.,0.,0.));
#6095=DIRECTION('ref_axis',(0.,0.,-1.));
#6096=DIRECTION('center_axis',(0.,-1.,0.));
#6097=DIRECTION('ref_axis',(0.707106781186541,0.,-0.707106781186554));
#6098=DIRECTION('',(0.,1.,0.));
#6099=DIRECTION('center_axis',(0.707106781186549,-0.707106781186546,0.));
#6100=DIRECTION('ref_axis',(0.707106781186546,0.707106781186549,4.90653893338679E-17));
#6101=DIRECTION('',(0.,-1.,0.));
#6102=DIRECTION('',(0.,1.,0.));
#6103=DIRECTION('',(0.,1.,0.));
#6104=DIRECTION('center_axis',(0.,0.,1.));
#6105=DIRECTION('ref_axis',(0.707106781186547,-0.707106781186547,0.));
#6106=DIRECTION('',(0.,0.,-1.));
#6107=DIRECTION('',(0.,0.,1.));
#6108=DIRECTION('center_axis',(0.,1.,0.));
#6109=DIRECTION('ref_axis',(0.,0.,1.));
#6110=DIRECTION('center_axis',(0.,1.,0.));
#6111=DIRECTION('ref_axis',(0.,0.,-1.));
#6112=DIRECTION('center_axis',(-1.,0.,0.));
#6113=DIRECTION('ref_axis',(0.,-1.,0.));
#6114=DIRECTION('center_axis',(0.,-1.,0.));
#6115=DIRECTION('ref_axis',(0.707106781186549,0.,-0.707106781186546));
#6116=DIRECTION('center_axis',(0.,0.,1.));
#6117=DIRECTION('ref_axis',(-1.,0.,0.));
#6118=DIRECTION('center_axis',(1.,0.,0.));
#6119=DIRECTION('ref_axis',(0.,0.,-1.));
#6120=DIRECTION('center_axis',(1.,0.,0.));
#6121=DIRECTION('ref_axis',(0.,1.,0.));
#6122=DIRECTION('center_axis',(0.,0.,1.));
#6123=DIRECTION('ref_axis',(-1.,0.,0.));
#6124=DIRECTION('center_axis',(-1.,0.,0.));
#6125=DIRECTION('ref_axis',(0.,0.707106781186551,-0.707106781186544));
#6126=DIRECTION('center_axis',(0.,-1.,0.));
#6127=DIRECTION('ref_axis',(-1.38777878078146E-16,0.,1.));
#6128=DIRECTION('center_axis',(0.,0.,-1.));
#6129=DIRECTION('ref_axis',(-0.707106781186548,-0.707106781186547,0.));
#6130=DIRECTION('',(0.,0.,-1.));
#6131=DIRECTION('center_axis',(0.,0.,-1.));
#6132=DIRECTION('ref_axis',(-1.,0.,0.));
#6133=DIRECTION('center_axis',(0.,0.,-1.));
#6134=DIRECTION('ref_axis',(-1.,0.,0.));
#6135=DIRECTION('center_axis',(0.,1.,0.));
#6136=DIRECTION('ref_axis',(0.,0.,-1.));
#6137=DIRECTION('center_axis',(0.,0.,1.));
#6138=DIRECTION('ref_axis',(-0.707106781186547,-0.707106781186548,0.));
#6139=DIRECTION('center_axis',(1.,0.,0.));
#6140=DIRECTION('ref_axis',(0.,-1.,0.));
#6141=DIRECTION('center_axis',(0.,-1.,0.));
#6142=DIRECTION('ref_axis',(-0.707106781186549,0.,-0.707106781186546));
#6143=DIRECTION('center_axis',(-0.707106781186548,-0.707106781186547,0.));
#6144=DIRECTION('ref_axis',(-0.707106781186547,0.707106781186548,-4.9065389333868E-17));
#6145=DIRECTION('',(0.,-1.,0.));
#6146=DIRECTION('',(0.,1.,0.));
#6147=DIRECTION('center_axis',(1.,0.,0.));
#6148=DIRECTION('ref_axis',(0.,-0.707106781186548,-0.707106781186548));
#6149=DIRECTION('',(-1.,0.,0.));
#6150=DIRECTION('',(1.,0.,0.));
#6151=DIRECTION('center_axis',(0.,0.,-1.));
#6152=DIRECTION('ref_axis',(-1.,0.,0.));
#6153=DIRECTION('center_axis',(7.40796880353747E-17,0.,-1.));
#6154=DIRECTION('ref_axis',(-0.707106781186546,-0.707106781186549,0.));
#6155=DIRECTION('center_axis',(0.,1.,0.));
#6156=DIRECTION('ref_axis',(-1.,0.,0.));
#6157=DIRECTION('center_axis',(1.77635683940025E-15,0.,1.));
#6158=DIRECTION('ref_axis',(0.,-1.,0.));
#6159=DIRECTION('center_axis',(1.,0.,0.));
#6160=DIRECTION('ref_axis',(0.,0.,1.));
#6161=DIRECTION('center_axis',(0.,-1.,0.));
#6162=DIRECTION('ref_axis',(-0.707106781186553,0.,0.707106781186542));
#6163=DIRECTION('',(0.,1.,0.));
#6164=DIRECTION('',(0.,-1.,0.));
#6165=DIRECTION('center_axis',(0.,0.,-1.));
#6166=DIRECTION('ref_axis',(-0.707106781186547,-0.707106781186548,0.));
#6167=DIRECTION('',(0.,0.,1.));
#6168=DIRECTION('',(0.,0.,-1.));
#6169=DIRECTION('center_axis',(-1.,0.,-7.40796880353747E-17));
#6170=DIRECTION('ref_axis',(0.,-0.707106781186548,0.707106781186548));
#6171=DIRECTION('',(1.,0.,7.40796880353747E-17));
#6172=DIRECTION('',(-1.,0.,-7.40796880353747E-17));
#6173=DIRECTION('center_axis',(1.,0.,7.40796880353747E-17));
#6174=DIRECTION('ref_axis',(0.,0.707106781186549,-0.707106781186546));
#6175=DIRECTION('center_axis',(1.,0.,8.88178419700124E-15));
#6176=DIRECTION('ref_axis',(8.88178419700124E-15,0.,-1.));
#6177=DIRECTION('',(1.,0.,7.40796880353747E-17));
#6178=DIRECTION('center_axis',(0.,-1.,0.));
#6179=DIRECTION('ref_axis',(0.,0.,-1.));
#6180=DIRECTION('center_axis',(0.,1.,0.));
#6181=DIRECTION('ref_axis',(0.707106781186544,0.,0.707106781186551));
#6182=DIRECTION('center_axis',(0.,0.,1.));
#6183=DIRECTION('ref_axis',(-0.707106781186554,-0.707106781186541,0.));
#6184=DIRECTION('',(0.,0.,-1.));
#6185=DIRECTION('',(0.,0.,1.));
#6186=DIRECTION('center_axis',(0.,1.,0.));
#6187=DIRECTION('ref_axis',(0.707106781186544,0.,-0.707106781186551));
#6188=DIRECTION('',(0.,-1.,0.));
#6189=DIRECTION('',(0.,1.,0.));
#6190=DIRECTION('center_axis',(-0.40824829046386,-0.816496580927727,-0.408248290463865));
#6191=DIRECTION('ref_axis',(0.577350269189623,-0.577350269189627,0.577350269189627));
#6192=DIRECTION('center_axis',(1.,0.,0.));
#6193=DIRECTION('ref_axis',(0.,0.,1.));
#6194=DIRECTION('center_axis',(0.,0.,1.));
#6195=DIRECTION('ref_axis',(0.707106781186546,-0.707106781186549,0.));
#6196=DIRECTION('center_axis',(0.,-1.,0.));
#6197=DIRECTION('ref_axis',(0.707106781186546,0.,0.707106781186549));
#6198=DIRECTION('center_axis',(-1.,0.,-2.89142491338006E-34));
#6199=DIRECTION('ref_axis',(0.,-0.707106781186547,0.707106781186548));
#6200=DIRECTION('',(-1.,0.,-2.89142491338006E-34));
#6201=DIRECTION('center_axis',(0.,0.,1.));
#6202=DIRECTION('ref_axis',(-0.707106781186541,0.707106781186554,0.));
#6203=DIRECTION('',(0.,0.,-1.));
#6204=DIRECTION('',(0.,0.,1.));
#6205=DIRECTION('center_axis',(1.,0.,7.40796880353747E-17));
#6206=DIRECTION('ref_axis',(0.,-0.707106781186548,-0.707106781186548));
#6207=DIRECTION('',(-1.,0.,-7.40796880353747E-17));
#6208=DIRECTION('',(1.,0.,7.40796880353747E-17));
#6209=DIRECTION('center_axis',(1.,0.,0.));
#6210=DIRECTION('ref_axis',(0.,-0.707106781186546,0.707106781186549));
#6211=DIRECTION('',(-1.,0.,0.));
#6212=DIRECTION('',(1.,0.,0.));
#6213=DIRECTION('center_axis',(0.,-1.,0.));
#6214=DIRECTION('ref_axis',(-0.707106781186546,0.,0.707106781186549));
#6215=DIRECTION('',(0.,1.,0.));
#6216=DIRECTION('',(0.,-1.,0.));
#6217=DIRECTION('center_axis',(0.,1.,0.));
#6218=DIRECTION('ref_axis',(0.70710678118654,0.,0.707106781186555));
#6219=DIRECTION('',(0.,-1.,0.));
#6220=DIRECTION('',(0.,1.,0.));
#6221=DIRECTION('center_axis',(0.,1.,0.));
#6222=DIRECTION('ref_axis',(-0.707106781186552,0.,0.707106781186543));
#6223=DIRECTION('',(0.,1.,0.));
#6224=DIRECTION('',(0.,-1.,0.));
#6225=DIRECTION('center_axis',(-1.,1.66014657887874E-16,0.));
#6226=DIRECTION('ref_axis',(0.,0.707106781186546,0.707106781186549));
#6227=DIRECTION('',(1.,-1.66014657887874E-16,0.));
#6228=DIRECTION('',(-1.,1.66014657887874E-16,0.));
#6229=DIRECTION('center_axis',(0.,-1.,0.));
#6230=DIRECTION('ref_axis',(0.707106781186538,0.,0.707106781186557));
#6231=DIRECTION('',(0.,1.,0.));
#6232=DIRECTION('',(0.,-1.,0.));
#6233=DIRECTION('center_axis',(0.,0.,1.));
#6234=DIRECTION('ref_axis',(0.707106781186538,-0.707106781186557,0.));
#6235=DIRECTION('',(0.,0.,-1.));
#6236=DIRECTION('',(0.,0.,1.));
#6237=DIRECTION('center_axis',(-1.,0.,-7.40796880353747E-17));
#6238=DIRECTION('ref_axis',(0.,0.707106781186548,-0.707106781186548));
#6239=DIRECTION('',(1.,0.,7.40796880353747E-17));
#6240=DIRECTION('',(-1.,0.,-7.40796880353747E-17));
#6241=DIRECTION('center_axis',(0.,0.,1.));
#6242=DIRECTION('ref_axis',(-0.707106781186544,-0.707106781186551,0.));
#6243=DIRECTION('',(0.,0.,-1.));
#6244=DIRECTION('',(0.,0.,1.));
#6245=DIRECTION('center_axis',(0.,1.,0.));
#6246=DIRECTION('ref_axis',(0.707106781186544,0.,-0.707106781186551));
#6247=DIRECTION('',(0.,-1.,0.));
#6248=DIRECTION('',(0.,1.,0.));
#6249=DIRECTION('center_axis',(0.,0.,1.));
#6250=DIRECTION('ref_axis',(1.,0.,0.));
#6251=DIRECTION('',(-1.,1.66014657887874E-16,0.));
#6252=DIRECTION('center_axis',(-1.,0.,0.));
#6253=DIRECTION('ref_axis',(0.,0.707106781186549,-0.707106781186546));
#6254=DIRECTION('',(1.,0.,0.));
#6255=DIRECTION('center_axis',(0.707106781186547,-0.707106781186548,0.));
#6256=DIRECTION('ref_axis',(-0.707106781186548,-0.707106781186547,0.));
#6257=DIRECTION('',(-1.,0.,0.));
#6258=DIRECTION('center_axis',(-1.,0.,0.));
#6259=DIRECTION('ref_axis',(0.,0.,-1.));
#6260=DIRECTION('',(0.,0.,1.));
#6261=DIRECTION('center_axis',(0.,1.,0.));
#6262=DIRECTION('ref_axis',(0.,0.,1.));
#6263=DIRECTION('',(1.,0.,-2.56790659251631E-33));
#6264=DIRECTION('',(-8.27842291146792E-10,0.,-1.));
#6265=DIRECTION('',(1.,0.,0.));
#6266=DIRECTION('',(0.,0.,-1.));
#6267=DIRECTION('',(-1.,0.,0.));
#6268=DIRECTION('',(1.71277709416922E-10,0.,-1.));
#6269=DIRECTION('',(1.,0.,0.));
#6270=DIRECTION('',(0.,0.,-1.));
#6271=DIRECTION('center_axis',(-2.89142491338006E-34,0.,1.));
#6272=DIRECTION('ref_axis',(-1.,0.,-2.89142491338006E-34));
#6273=DIRECTION('',(0.,-1.,0.));
#6274=DIRECTION('',(1.,0.,2.89142491338006E-34));
#6275=DIRECTION('',(0.,1.,0.));
#6276=DIRECTION('center_axis',(0.,1.,0.));
#6277=DIRECTION('ref_axis',(0.707106781186546,0.,0.707106781186549));
#6278=DIRECTION('',(0.,1.,0.));
#6279=DIRECTION('center_axis',(0.,-1.,0.));
#6280=DIRECTION('ref_axis',(0.707106781186546,0.,0.707106781186549));
#6281=DIRECTION('center_axis',(0.,0.,1.));
#6282=DIRECTION('ref_axis',(0.707106781186547,-0.707106781186548,0.));
#6283=DIRECTION('center_axis',(0.,0.,1.));
#6284=DIRECTION('ref_axis',(0.,-1.,0.));
#6285=DIRECTION('',(0.,0.,1.));
#6286=DIRECTION('center_axis',(0.,1.,0.));
#6287=DIRECTION('ref_axis',(0.70710678118655,0.,0.707106781186545));
#6288=DIRECTION('',(0.,-1.,0.));
#6289=DIRECTION('center_axis',(-0.707106781186547,0.707106781186548,0.));
#6290=DIRECTION('ref_axis',(-0.707106781186548,-0.707106781186547,0.));
#6291=DIRECTION('',(0.,1.,0.));
#6292=DIRECTION('center_axis',(-7.40796880353747E-17,0.,1.));
#6293=DIRECTION('ref_axis',(-1.,0.,-7.40796880353747E-17));
#6294=DIRECTION('',(0.,1.,0.));
#6295=DIRECTION('',(-1.,0.,-7.40796880353747E-17));
#6296=DIRECTION('center_axis',(-7.40796880353747E-17,0.,1.));
#6297=DIRECTION('ref_axis',(0.707106781186547,0.707106781186547,0.));
#6298=DIRECTION('',(0.,1.,0.));
#6299=DIRECTION('',(-1.,0.,-7.40796880353747E-17));
#6300=DIRECTION('center_axis',(-7.40796880353747E-17,0.,1.));
#6301=DIRECTION('ref_axis',(0.707106781186549,0.707106781186546,0.));
#6302=DIRECTION('',(0.,1.,0.));
#6303=DIRECTION('center_axis',(-7.40796880353747E-17,0.,1.));
#6304=DIRECTION('ref_axis',(0.707106781186547,-0.707106781186547,0.));
#6305=DIRECTION('',(1.,0.,7.40796880353747E-17));
#6306=DIRECTION('',(0.,1.,0.));
#6307=DIRECTION('center_axis',(-7.40796880353747E-17,0.,1.));
#6308=DIRECTION('ref_axis',(0.707106781186549,-0.707106781186546,0.));
#6309=DIRECTION('',(1.,0.,7.40796880353747E-17));
#6310=DIRECTION('center_axis',(-7.40796880353747E-17,0.,1.));
#6311=DIRECTION('ref_axis',(-0.707106781186549,-0.707106781186546,0.));
#6312=DIRECTION('',(3.77626879124203E-17,-1.,2.79744813992931E-33));
#6313=DIRECTION('',(-1.,0.,-7.40796880353747E-17));
#6314=DIRECTION('center_axis',(-7.40796880353747E-17,0.,1.));
#6315=DIRECTION('ref_axis',(-1.,0.,-7.40796880353747E-17));
#6316=DIRECTION('center_axis',(-7.40796880353747E-17,0.,1.));
#6317=DIRECTION('ref_axis',(1.,1.51899485502116E-15,7.40796880353747E-17));
#6318=DIRECTION('',(1.,0.,7.40796880353747E-17));
#6319=DIRECTION('center_axis',(-7.40796880353747E-17,0.,1.));
#6320=DIRECTION('ref_axis',(-1.,-1.18002036825971E-8,-7.40796880353747E-17));
#6321=DIRECTION('',(-1.,6.28649124459978E-16,-7.40796880353747E-17));
#6322=DIRECTION('center_axis',(0.,-1.,0.));
#6323=DIRECTION('ref_axis',(1.,0.,0.));
#6324=DIRECTION('center_axis',(0.,1.,0.));
#6325=DIRECTION('ref_axis',(-1.,0.,0.));
#6326=DIRECTION('center_axis',(0.,0.,1.));
#6327=DIRECTION('ref_axis',(1.,0.,0.));
#6328=DIRECTION('',(-1.,8.07434872127479E-16,0.));
#6329=DIRECTION('center_axis',(0.,0.,-1.));
#6330=DIRECTION('ref_axis',(0.000316308322114312,0.999999949974521,0.));
#6331=DIRECTION('',(1.,0.,0.));
#6332=DIRECTION('center_axis',(0.,0.,-1.));
#6333=DIRECTION('ref_axis',(0.628162130471795,0.778082474960807,0.));
#6334=DIRECTION('center_axis',(0.,0.,-1.));
#6335=DIRECTION('ref_axis',(-0.000316308322097659,0.999999949974521,0.));
#6336=DIRECTION('',(-1.,7.26691384914732E-15,0.));
#6337=DIRECTION('center_axis',(0.,0.,-1.));
#6338=DIRECTION('ref_axis',(3.41216765951343E-6,0.999999999994179,0.));
#6339=DIRECTION('',(1.,-7.26693413934584E-15,0.));
#6340=DIRECTION('center_axis',(0.,-1.,0.));
#6341=DIRECTION('ref_axis',(0.,0.,-1.));
#6342=DIRECTION('center_axis',(-1.,0.,0.));
#6343=DIRECTION('ref_axis',(0.,-1.,0.));
#6344=DIRECTION('center_axis',(0.,0.,1.));
#6345=DIRECTION('ref_axis',(1.,0.,0.));
#6346=DIRECTION('center_axis',(0.,0.,-1.));
#6347=DIRECTION('ref_axis',(-1.,0.,0.));
#6348=DIRECTION('center_axis',(0.,-1.,0.));
#6349=DIRECTION('ref_axis',(-1.,0.,0.));
#6350=DIRECTION('center_axis',(0.,0.,1.));
#6351=DIRECTION('ref_axis',(-1.,0.,0.));
#6352=DIRECTION('center_axis',(0.,0.,1.));
#6353=DIRECTION('ref_axis',(-1.,0.,0.));
#6354=DIRECTION('center_axis',(0.,0.,-1.));
#6355=DIRECTION('ref_axis',(1.,0.,0.));
#6356=DIRECTION('',(0.,1.,0.));
#6357=DIRECTION('',(-1.,0.,0.));
#6358=DIRECTION('',(0.,1.,0.));
#6359=DIRECTION('',(-1.,0.,0.));
#6360=DIRECTION('',(0.,-1.,0.));
#6361=DIRECTION('',(-1.,0.,0.));
#6362=DIRECTION('center_axis',(0.,0.,-1.));
#6363=DIRECTION('ref_axis',(1.,4.93432455388959E-15,0.));
#6364=DIRECTION('',(1.,4.63265789301728E-13,0.));
#6365=DIRECTION('center_axis',(0.,0.,-1.));
#6366=DIRECTION('ref_axis',(-1.,-7.40148683083439E-15,0.));
#6367=DIRECTION('',(-1.,-4.63265789301631E-13,0.));
#6368=DIRECTION('center_axis',(0.,0.,-1.));
#6369=DIRECTION('ref_axis',(1.,4.93432455388959E-15,0.));
#6370=DIRECTION('center_axis',(0.,0.,-1.));
#6371=DIRECTION('ref_axis',(1.,-3.28132582833658E-13,0.));
#6372=DIRECTION('',(1.,-4.62660213106465E-13,0.));
#6373=DIRECTION('center_axis',(0.,0.,-1.));
#6374=DIRECTION('ref_axis',(-1.,0.,0.));
#6375=DIRECTION('',(-1.,4.6346764803345E-13,0.));
#6376=DIRECTION('center_axis',(0.,0.,-1.));
#6377=DIRECTION('ref_axis',(1.,-3.28132582833658E-13,0.));
#6378=DIRECTION('center_axis',(0.,0.,-1.));
#6379=DIRECTION('ref_axis',(1.,1.48029736616688E-14,0.));
#6380=DIRECTION('',(1.,4.6427508296024E-13,0.));
#6381=DIRECTION('center_axis',(0.,0.,-1.));
#6382=DIRECTION('ref_axis',(-1.,-3.28132582833658E-13,0.));
#6383=DIRECTION('',(-1.,-4.63467648033449E-13,0.));
#6384=DIRECTION('center_axis',(0.,0.,-1.));
#6385=DIRECTION('ref_axis',(1.,1.51899485502116E-15,0.));
#6386=DIRECTION('',(1.,-6.28649124459978E-16,0.));
#6387=DIRECTION('center_axis',(0.,0.,-1.));
#6388=DIRECTION('ref_axis',(-1.,-1.18002036825971E-8,0.));
#6389=DIRECTION('',(-1.,0.,0.));
#6390=DIRECTION('center_axis',(0.,0.,-1.));
#6391=DIRECTION('ref_axis',(-1.,3.28132582833657E-13,0.));
#6392=DIRECTION('',(-1.,4.6427508296024E-13,0.));
#6393=DIRECTION('center_axis',(0.,0.,-1.));
#6394=DIRECTION('ref_axis',(1.,-9.86864910777918E-15,0.));
#6395=DIRECTION('',(1.,-4.64275082960337E-13,0.));
#6396=DIRECTION('center_axis',(0.,0.,-1.));
#6397=DIRECTION('ref_axis',(-1.,0.,0.));
#6398=DIRECTION('center_axis',(0.,0.,1.));
#6399=DIRECTION('ref_axis',(-1.,0.,0.));
#6400=DIRECTION('',(0.,0.,-1.));
#6401=DIRECTION('center_axis',(0.,0.,1.));
#6402=DIRECTION('ref_axis',(1.,0.,0.));
#6403=DIRECTION('center_axis',(1.,0.,0.));
#6404=DIRECTION('ref_axis',(0.,0.,-1.));
#6405=DIRECTION('center_axis',(0.,0.,1.));
#6406=DIRECTION('ref_axis',(1.,-3.28132582833658E-13,0.));
#6407=DIRECTION('center_axis',(1.,-6.57252030578095E-13,0.));
#6408=DIRECTION('ref_axis',(-6.57252030578095E-13,-1.,0.));
#6409=DIRECTION('center_axis',(-1.,4.62660213106465E-13,0.));
#6410=DIRECTION('ref_axis',(-3.26579231406226E-13,-0.707106781186548,-0.707106781186548));
#6411=DIRECTION('center_axis',(1.,-4.61852778244063E-13,0.));
#6412=DIRECTION('ref_axis',(-4.61852778244063E-13,-1.,0.));
#6413=DIRECTION('',(-1.,4.62660213106465E-13,0.));
#6414=DIRECTION('center_axis',(0.,0.,1.));
#6415=DIRECTION('ref_axis',(-1.,4.94842262404356E-14,0.));
#6416=DIRECTION('center_axis',(-1.,0.,0.));
#6417=DIRECTION('ref_axis',(0.,1.,0.));
#6418=DIRECTION('center_axis',(0.,0.,1.));
#6419=DIRECTION('ref_axis',(-1.,0.,0.));
#6420=DIRECTION('center_axis',(1.,-4.6346764803345E-13,0.));
#6421=DIRECTION('ref_axis',(3.26579231406226E-13,0.707106781186548,-0.707106781186548));
#6422=DIRECTION('',(1.,-4.6346764803345E-13,0.));
#6423=DIRECTION('center_axis',(4.62660213106465E-13,1.,0.));
#6424=DIRECTION('ref_axis',(1.,-4.62660213106465E-13,0.));
#6425=DIRECTION('',(0.,0.,-1.));
#6426=DIRECTION('',(-1.,4.62660213106465E-13,0.));
#6427=DIRECTION('',(0.,0.,-1.));
#6428=DIRECTION('center_axis',(0.,0.,-1.));
#6429=DIRECTION('ref_axis',(6.51330841113425E-13,1.,0.));
#6430=DIRECTION('',(0.,0.,-1.));
#6431=DIRECTION('center_axis',(0.,0.,1.));
#6432=DIRECTION('ref_axis',(6.51330841113425E-13,1.,0.));
#6433=DIRECTION('center_axis',(0.,0.,1.));
#6434=DIRECTION('ref_axis',(1.,0.,0.));
#6435=DIRECTION('center_axis',(1.,0.,0.));
#6436=DIRECTION('ref_axis',(0.,0.,-1.));
#6437=DIRECTION('center_axis',(0.,0.,1.));
#6438=DIRECTION('ref_axis',(1.,4.93432455388959E-15,0.));
#6439=DIRECTION('center_axis',(1.,0.,0.));
#6440=DIRECTION('ref_axis',(0.,-1.,0.));
#6441=DIRECTION('center_axis',(-1.,-4.63265789301728E-13,0.));
#6442=DIRECTION('ref_axis',(3.26579231406226E-13,-0.707106781186549,-0.707106781186546));
#6443=DIRECTION('center_axis',(1.,4.61852778244065E-13,0.));
#6444=DIRECTION('ref_axis',(4.61852778244065E-13,-1.,0.));
#6445=DIRECTION('',(-1.,-4.63265789301728E-13,0.));
#6446=DIRECTION('center_axis',(0.,0.,1.));
#6447=DIRECTION('ref_axis',(-1.,-8.88178419700126E-15,0.));
#6448=DIRECTION('center_axis',(-1.,-1.77635683940025E-14,0.));
#6449=DIRECTION('ref_axis',(-1.77635683940025E-14,1.,0.));
#6450=DIRECTION('center_axis',(0.,0.,1.));
#6451=DIRECTION('ref_axis',(-1.,-7.40148683083439E-15,0.));
#6452=DIRECTION('center_axis',(1.,4.63265789301631E-13,0.));
#6453=DIRECTION('ref_axis',(-3.26579231406226E-13,0.707106781186549,-0.707106781186546));
#6454=DIRECTION('',(1.,4.63265789301631E-13,0.));
#6455=DIRECTION('center_axis',(-4.63265789301728E-13,1.,0.));
#6456=DIRECTION('ref_axis',(1.,4.63265789301728E-13,0.));
#6457=DIRECTION('',(0.,0.,-1.));
#6458=DIRECTION('',(-1.,-4.63265789301728E-13,0.));
#6459=DIRECTION('',(0.,0.,-1.));
#6460=DIRECTION('center_axis',(0.,0.,-1.));
#6461=DIRECTION('ref_axis',(-4.93432455388958E-15,1.,0.));
#6462=DIRECTION('',(0.,0.,-1.));
#6463=DIRECTION('center_axis',(0.,0.,1.));
#6464=DIRECTION('ref_axis',(-4.93432455388958E-15,1.,0.));
#6465=DIRECTION('center_axis',(0.,0.,1.));
#6466=DIRECTION('ref_axis',(1.,0.,0.));
#6467=DIRECTION('center_axis',(1.,1.77635683940026E-14,0.));
#6468=DIRECTION('ref_axis',(0.,0.,-1.));
#6469=DIRECTION('center_axis',(0.,0.,1.));
#6470=DIRECTION('ref_axis',(1.,1.48029736616688E-14,0.));
#6471=DIRECTION('center_axis',(1.,1.77635683940026E-14,0.));
#6472=DIRECTION('ref_axis',(1.77635683940026E-14,-1.,0.));
#6473=DIRECTION('center_axis',(-1.,-4.6427508296024E-13,0.));
#6474=DIRECTION('ref_axis',(3.32859601240961E-13,-0.707106781186548,-0.707106781186548));
#6475=DIRECTION('center_axis',(1.,4.70734562441068E-13,0.));
#6476=DIRECTION('ref_axis',(4.70734562441068E-13,-1.,0.));
#6477=DIRECTION('',(-1.,-4.6427508296024E-13,0.));
#6478=DIRECTION('center_axis',(0.,0.,1.));
#6479=DIRECTION('ref_axis',(-1.,-3.09593620581187E-13,0.));
#6480=DIRECTION('center_axis',(-1.,-8.88178419700128E-15,0.));
#6481=DIRECTION('ref_axis',(-8.88178419700128E-15,1.,0.));
#6482=DIRECTION('center_axis',(0.,0.,1.));
#6483=DIRECTION('ref_axis',(-1.,-3.28132582833658E-13,0.));
#6484=DIRECTION('center_axis',(1.,4.63467648033449E-13,0.));
#6485=DIRECTION('ref_axis',(-3.26579231406226E-13,0.707106781186548,-0.707106781186548));
#6486=DIRECTION('',(1.,4.63467648033449E-13,0.));
#6487=DIRECTION('center_axis',(-4.6427508296024E-13,1.,0.));
#6488=DIRECTION('ref_axis',(1.,4.6427508296024E-13,0.));
#6489=DIRECTION('',(0.,0.,-1.));
#6490=DIRECTION('',(-1.,-4.6427508296024E-13,0.));
#6491=DIRECTION('',(0.,0.,-1.));
#6492=DIRECTION('center_axis',(0.,0.,-1.));
#6493=DIRECTION('ref_axis',(-1.48029736616687E-14,1.,0.));
#6494=DIRECTION('',(0.,0.,-1.));
#6495=DIRECTION('center_axis',(0.,0.,1.));
#6496=DIRECTION('ref_axis',(-1.48029736616687E-14,1.,0.));
#6497=DIRECTION('center_axis',(0.,0.,1.));
#6498=DIRECTION('ref_axis',(-1.,3.28626015289047E-13,0.));
#6499=DIRECTION('center_axis',(-1.,8.88178419700124E-15,0.));
#6500=DIRECTION('ref_axis',(0.,0.,-1.));
#6501=DIRECTION('center_axis',(0.,0.,1.));
#6502=DIRECTION('ref_axis',(-1.,3.28132582833657E-13,0.));
#6503=DIRECTION('center_axis',(-1.,6.48370246381091E-13,0.));
#6504=DIRECTION('ref_axis',(6.48370246381091E-13,1.,0.));
#6505=DIRECTION('center_axis',(1.,-4.6427508296024E-13,0.));
#6506=DIRECTION('ref_axis',(3.32859601240961E-13,0.707106781186549,-0.707106781186546));
#6507=DIRECTION('center_axis',(-1.,4.61852778244065E-13,0.));
#6508=DIRECTION('ref_axis',(4.61852778244065E-13,1.,0.));
#6509=DIRECTION('',(1.,-4.6427508296024E-13,0.));
#6510=DIRECTION('center_axis',(0.,0.,1.));
#6511=DIRECTION('ref_axis',(1.,0.,0.));
#6512=DIRECTION('center_axis',(1.,-1.77635683940025E-14,0.));
#6513=DIRECTION('ref_axis',(-1.77635683940025E-14,-1.,0.));
#6514=DIRECTION('center_axis',(0.,0.,1.));
#6515=DIRECTION('ref_axis',(1.,-9.86864910777918E-15,0.));
#6516=DIRECTION('center_axis',(-1.,4.64275082960337E-13,0.));
#6517=DIRECTION('ref_axis',(-3.32859601240961E-13,-0.707106781186549,-0.707106781186546));
#6518=DIRECTION('',(-1.,4.64275082960337E-13,0.));
#6519=DIRECTION('center_axis',(-4.6427508296024E-13,-1.,0.));
#6520=DIRECTION('ref_axis',(-1.,4.6427508296024E-13,0.));
#6521=DIRECTION('',(0.,0.,-1.));
#6522=DIRECTION('',(1.,-4.6427508296024E-13,0.));
#6523=DIRECTION('',(0.,0.,-1.));
#6524=DIRECTION('center_axis',(0.,0.,-1.));
#6525=DIRECTION('ref_axis',(-6.4886367883648E-13,-1.,0.));
#6526=DIRECTION('',(0.,0.,-1.));
#6527=DIRECTION('center_axis',(0.,0.,1.));
#6528=DIRECTION('ref_axis',(-6.4886367883648E-13,-1.,0.));
#6529=DIRECTION('center_axis',(0.,0.,1.));
#6530=DIRECTION('ref_axis',(1.,0.,0.));
#6531=DIRECTION('center_axis',(1.,0.,0.));
#6532=DIRECTION('ref_axis',(0.,0.,-1.));
#6533=DIRECTION('center_axis',(0.,0.,1.));
#6534=DIRECTION('ref_axis',(1.,1.51899485502116E-15,0.));
#6535=DIRECTION('center_axis',(1.,1.77635683940025E-14,0.));
#6536=DIRECTION('ref_axis',(1.77635683940025E-14,-1.,0.));
#6537=DIRECTION('center_axis',(-1.,6.28649124459978E-16,0.));
#6538=DIRECTION('ref_axis',(0.,-0.707106781186551,-0.707106781186544));
#6539=DIRECTION('center_axis',(1.,0.,0.));
#6540=DIRECTION('ref_axis',(0.,-1.,0.));
#6541=DIRECTION('',(-1.,6.28649124459978E-16,0.));
#6542=DIRECTION('center_axis',(0.,0.,1.));
#6543=DIRECTION('ref_axis',(-1.,-1.18002034048504E-8,0.));
#6544=DIRECTION('center_axis',(-1.,-2.36004105147458E-8,0.));
#6545=DIRECTION('ref_axis',(-2.36004105147458E-8,1.,0.));
#6546=DIRECTION('center_axis',(0.,0.,1.));
#6547=DIRECTION('ref_axis',(-1.,-1.18002036825971E-8,0.));
#6548=DIRECTION('center_axis',(1.,0.,0.));
#6549=DIRECTION('ref_axis',(0.,0.707106781186551,-0.707106781186544));
#6550=DIRECTION('',(1.,0.,0.));
#6551=DIRECTION('center_axis',(6.28649124459978E-16,1.,0.));
#6552=DIRECTION('ref_axis',(-1.,6.28649124459978E-16,0.));
#6553=DIRECTION('',(0.,0.,1.));
#6554=DIRECTION('',(1.,-6.28649124459978E-16,7.40796880353747E-17));
#6555=DIRECTION('',(0.,0.,1.));
#6556=DIRECTION('center_axis',(0.,0.,1.));
#6557=DIRECTION('ref_axis',(1.,0.,0.));
#6558=DIRECTION('',(0.,0.,1.));
#6559=DIRECTION('center_axis',(7.40796880353747E-17,0.,-1.));
#6560=DIRECTION('ref_axis',(1.,1.51899485502116E-15,7.12028838291168E-17));
#6561=DIRECTION('center_axis',(0.,-1.,0.));
#6562=DIRECTION('ref_axis',(0.707106781186548,0.,-0.707106781186548));
#6563=DIRECTION('center_axis',(0.,-1.,0.));
#6564=DIRECTION('ref_axis',(0.,0.,-1.));
#6565=DIRECTION('',(0.,1.,0.));
#6566=DIRECTION('center_axis',(0.,1.,0.));
#6567=DIRECTION('ref_axis',(0.707106781186548,0.,-0.707106781186548));
#6568=DIRECTION('',(0.,-1.,0.));
#6569=DIRECTION('center_axis',(1.,0.,0.));
#6570=DIRECTION('ref_axis',(0.,0.,-1.));
#6571=DIRECTION('center_axis',(-1.,0.,0.));
#6572=DIRECTION('ref_axis',(0.,0.,-1.));
#6573=DIRECTION('center_axis',(1.,0.,0.));
#6574=DIRECTION('ref_axis',(0.,0.,-1.));
#6575=DIRECTION('center_axis',(0.,0.,-1.));
#6576=DIRECTION('ref_axis',(0.,1.,0.));
#6577=DIRECTION('center_axis',(1.,0.,0.));
#6578=DIRECTION('ref_axis',(0.,0.,-1.));
#6579=DIRECTION('center_axis',(0.,0.,-1.));
#6580=DIRECTION('ref_axis',(0.,1.,0.));
#6581=DIRECTION('',(0.,0.,-1.));
#6582=DIRECTION('center_axis',(1.,0.,0.));
#6583=DIRECTION('ref_axis',(0.,0.,1.));
#6584=DIRECTION('',(0.,0.,-1.));
#6585=DIRECTION('',(0.,-1.,0.));
#6586=DIRECTION('center_axis',(-1.,0.,0.));
#6587=DIRECTION('ref_axis',(0.,0.707106781186547,-0.707106781186548));
#6588=DIRECTION('',(0.,0.,-1.));
#6589=DIRECTION('',(0.,-1.,0.));
#6590=DIRECTION('',(0.,0.,1.));
#6591=DIRECTION('',(0.,-1.,0.));
#6592=DIRECTION('',(0.,0.,1.));
#6593=DIRECTION('center_axis',(-1.,0.,0.));
#6594=DIRECTION('ref_axis',(0.,-1.,0.));
#6595=DIRECTION('center_axis',(7.40796880353747E-17,0.,-1.));
#6596=DIRECTION('ref_axis',(-1.,0.,0.));
#6597=DIRECTION('center_axis',(0.,-1.,0.));
#6598=DIRECTION('ref_axis',(1.,0.,0.));
#6599=DIRECTION('center_axis',(7.40796880353747E-17,0.,-1.));
#6600=DIRECTION('ref_axis',(-1.,0.,-7.80625564189563E-17));
#6601=DIRECTION('center_axis',(0.,0.,-1.));
#6602=DIRECTION('ref_axis',(-1.,0.,0.));
#6603=DIRECTION('',(0.,0.,-1.));
#6604=DIRECTION('center_axis',(0.,0.,-1.));
#6605=DIRECTION('ref_axis',(-1.,0.,0.));
#6606=DIRECTION('center_axis',(-0.408248290463862,-0.816496580927725,0.408248290463866));
#6607=DIRECTION('ref_axis',(-0.577350269189626,0.577350269189627,0.577350269189624));
#6608=DIRECTION('center_axis',(0.,0.,1.));
#6609=DIRECTION('ref_axis',(0.,1.,0.));
#6610=DIRECTION('center_axis',(-3.77626879124203E-17,1.,0.));
#6611=DIRECTION('ref_axis',(-0.707106781186549,0.,0.707106781186546));
#6612=DIRECTION('center_axis',(-1.,0.,0.));
#6613=DIRECTION('ref_axis',(0.,0.70710678118655,0.707106781186545));
#6614=DIRECTION('center_axis',(0.,0.,1.));
#6615=DIRECTION('ref_axis',(-0.707106781186549,0.707106781186546,0.));
#6616=DIRECTION('center_axis',(0.,0.,1.));
#6617=DIRECTION('ref_axis',(0.,1.,0.));
#6618=DIRECTION('',(0.,0.,1.));
#6619=DIRECTION('',(0.,0.,-1.));
#6620=DIRECTION('center_axis',(0.,1.,0.));
#6621=DIRECTION('ref_axis',(0.,0.,1.));
#6622=DIRECTION('center_axis',(0.,-1.,0.));
#6623=DIRECTION('ref_axis',(1.,0.,0.));
#6624=DIRECTION('center_axis',(0.,1.,0.));
#6625=DIRECTION('ref_axis',(1.,0.,0.));
#6626=DIRECTION('center_axis',(0.,1.,0.));
#6627=DIRECTION('ref_axis',(-1.,0.,0.));
#6628=DIRECTION('',(-1.,0.,0.));
#6629=DIRECTION('',(0.,0.,1.));
#6630=DIRECTION('',(1.,0.,7.40796880353747E-17));
#6631=DIRECTION('center_axis',(0.,1.,0.));
#6632=DIRECTION('ref_axis',(-0.251121982234045,0.,0.967955448374998));
#6633=DIRECTION('',(-1.,0.,-7.40796880353747E-17));
#6634=DIRECTION('center_axis',(-1.,0.,0.));
#6635=DIRECTION('ref_axis',(0.,0.707106781186551,0.707106781186544));
#6636=DIRECTION('',(1.,0.,0.));
#6637=DIRECTION('center_axis',(1.,1.11022302462516E-15,0.));
#6638=DIRECTION('ref_axis',(0.,0.,1.));
#6639=DIRECTION('center_axis',(3.77626879124203E-17,-1.,0.));
#6640=DIRECTION('ref_axis',(-0.707106781186549,0.,0.707106781186546));
#6641=DIRECTION('',(3.77626879124203E-17,-1.,0.));
#6642=DIRECTION('center_axis',(0.,-1.,0.));
#6643=DIRECTION('ref_axis',(-1.,0.,0.));
#6644=DIRECTION('',(-3.77626879124203E-17,1.,0.));
#6645=DIRECTION('center_axis',(0.408248290463862,-0.816496580927725,0.408248290463866));
#6646=DIRECTION('ref_axis',(0.577350269189625,0.577350269189625,0.577350269189628));
#6647=DIRECTION('center_axis',(0.,1.,0.));
#6648=DIRECTION('ref_axis',(1.,0.,0.));
#6649=DIRECTION('center_axis',(0.,0.,1.));
#6650=DIRECTION('ref_axis',(0.,1.,0.));
#6651=DIRECTION('center_axis',(1.,0.,0.));
#6652=DIRECTION('ref_axis',(0.,0.,1.));
#6653=DIRECTION('center_axis',(0.408248290463865,0.408248290463863,-0.816496580927725));
#6654=DIRECTION('ref_axis',(-0.577350269189626,-0.577350269189624,-0.577350269189628));
#6655=DIRECTION('center_axis',(1.,0.,0.));
#6656=DIRECTION('ref_axis',(0.,0.,-1.));
#6657=DIRECTION('center_axis',(0.,1.,0.));
#6658=DIRECTION('ref_axis',(-1.,0.,0.));
#6659=DIRECTION('center_axis',(0.,0.,1.));
#6660=DIRECTION('ref_axis',(0.,-1.,0.));
#6661=DIRECTION('center_axis',(0.,0.,-1.));
#6662=DIRECTION('ref_axis',(-1.,0.,0.));
#6663=DIRECTION('center_axis',(1.,0.,0.));
#6664=DIRECTION('ref_axis',(0.,1.,0.));
#6665=DIRECTION('center_axis',(0.,0.,-1.));
#6666=DIRECTION('ref_axis',(-1.,0.,0.));
#6667=DIRECTION('center_axis',(0.,1.,0.));
#6668=DIRECTION('ref_axis',(0.,0.,1.));
#6669=DIRECTION('center_axis',(0.,0.,1.));
#6670=DIRECTION('ref_axis',(-0.707106781186548,-0.707106781186548,0.));
#6671=DIRECTION('center_axis',(0.,0.,1.));
#6672=DIRECTION('ref_axis',(-0.707106781186549,-0.707106781186546,0.));
#6673=DIRECTION('',(0.,0.,-1.));
#6674=DIRECTION('',(0.,0.,1.));
#6675=DIRECTION('center_axis',(0.,0.,1.));
#6676=DIRECTION('ref_axis',(1.,0.,0.));
#6677=DIRECTION('center_axis',(1.,0.,0.));
#6678=DIRECTION('ref_axis',(0.,-1.,0.));
#6679=DIRECTION('center_axis',(0.,0.,-1.));
#6680=DIRECTION('ref_axis',(1.,0.,0.));
#6681=DIRECTION('center_axis',(0.,1.,0.));
#6682=DIRECTION('ref_axis',(0.,0.,-1.));
#6683=DIRECTION('center_axis',(1.,0.,7.40796880353747E-17));
#6684=DIRECTION('ref_axis',(0.,-0.707106781186551,-0.707106781186544));
#6685=DIRECTION('center_axis',(-1.,0.,0.));
#6686=DIRECTION('ref_axis',(0.,0.,-1.));
#6687=DIRECTION('center_axis',(0.,-1.,0.));
#6688=DIRECTION('ref_axis',(0.,0.,-1.));
#6689=DIRECTION('center_axis',(0.,-1.,0.));
#6690=DIRECTION('ref_axis',(-0.251121982234045,0.,0.967955448374998));
#6691=DIRECTION('center_axis',(0.,-1.,0.));
#6692=DIRECTION('ref_axis',(0.,0.,-1.));
#6693=DIRECTION('center_axis',(-0.408248290463862,-0.816496580927725,-0.408248290463866));
#6694=DIRECTION('ref_axis',(0.577350269189623,-0.577350269189627,0.577350269189627));
#6695=DIRECTION('center_axis',(1.,0.,0.));
#6696=DIRECTION('ref_axis',(0.,-1.,0.));
#6697=DIRECTION('center_axis',(0.,0.,1.));
#6698=DIRECTION('ref_axis',(1.,0.,0.));
#6699=DIRECTION('center_axis',(0.,-1.,0.));
#6700=DIRECTION('ref_axis',(0.,0.,1.));
#6701=DIRECTION('center_axis',(0.,0.,1.));
#6702=DIRECTION('ref_axis',(1.,0.,0.));
#6703=DIRECTION('center_axis',(1.,0.,0.));
#6704=DIRECTION('ref_axis',(0.,-1.,0.));
#6705=DIRECTION('center_axis',(0.,0.,-1.));
#6706=DIRECTION('ref_axis',(1.,0.,0.));
#6707=DIRECTION('center_axis',(0.,1.,0.));
#6708=DIRECTION('ref_axis',(0.,0.,-1.));
#6709=DIRECTION('center_axis',(1.,0.,7.40796880353747E-17));
#6710=DIRECTION('ref_axis',(0.,-0.707106781186548,-0.707106781186548));
#6711=DIRECTION('',(1.,0.,7.40796880353747E-17));
#6712=DIRECTION('center_axis',(0.,0.,1.));
#6713=DIRECTION('ref_axis',(0.707106781186549,0.707106781186546,0.));
#6714=DIRECTION('',(0.,0.,-1.));
#6715=DIRECTION('',(0.,0.,1.));
#6716=DIRECTION('center_axis',(0.408248290463863,0.408248290463863,-0.816496580927726));
#6717=DIRECTION('ref_axis',(0.577350269189627,0.577350269189627,0.577350269189623));
#6718=DIRECTION('center_axis',(0.,1.,0.));
#6719=DIRECTION('ref_axis',(1.,0.,0.));
#6720=DIRECTION('center_axis',(0.,0.,1.));
#6721=DIRECTION('ref_axis',(0.,1.,0.));
#6722=DIRECTION('center_axis',(0.,0.,1.));
#6723=DIRECTION('ref_axis',(0.707106781186546,0.707106781186549,0.));
#6724=DIRECTION('',(0.,0.,-1.));
#6725=DIRECTION('center_axis',(0.,0.,-1.));
#6726=DIRECTION('ref_axis',(-1.,0.,0.));
#6727=DIRECTION('center_axis',(0.,-1.,0.));
#6728=DIRECTION('ref_axis',(1.,0.,0.));
#6729=DIRECTION('center_axis',(0.,0.,-1.));
#6730=DIRECTION('ref_axis',(0.,1.,0.));
#6731=DIRECTION('center_axis',(1.,0.,0.));
#6732=DIRECTION('ref_axis',(0.,0.,1.));
#6733=DIRECTION('center_axis',(0.,0.,1.));
#6734=DIRECTION('ref_axis',(-0.707106781186547,0.707106781186547,0.));
#6735=DIRECTION('center_axis',(0.,0.,1.));
#6736=DIRECTION('ref_axis',(1.,0.,0.));
#6737=DIRECTION('center_axis',(0.,-1.,0.));
#6738=DIRECTION('ref_axis',(-1.,0.,0.));
#6739=DIRECTION('center_axis',(0.,0.,-1.));
#6740=DIRECTION('ref_axis',(0.,-1.,0.));
#6741=DIRECTION('center_axis',(1.,0.,0.));
#6742=DIRECTION('ref_axis',(0.,0.,-1.));
#6743=DIRECTION('center_axis',(0.,-1.,0.));
#6744=DIRECTION('ref_axis',(-0.707106781186548,0.,-0.707106781186548));
#6745=DIRECTION('',(0.,-1.,0.));
#6746=DIRECTION('center_axis',(0.,0.,1.));
#6747=DIRECTION('ref_axis',(0.707106781186549,-0.707106781186546,0.));
#6748=DIRECTION('',(0.,0.,-1.));
#6749=DIRECTION('',(0.,0.,1.));
#6750=DIRECTION('center_axis',(-0.408248290463861,-0.816496580927728,-0.408248290463861));
#6751=DIRECTION('ref_axis',(0.577350269189626,-0.577350269189622,0.577350269189629));
#6752=DIRECTION('center_axis',(1.,0.,0.));
#6753=DIRECTION('ref_axis',(0.,-1.,0.));
#6754=DIRECTION('center_axis',(0.,0.,1.));
#6755=DIRECTION('ref_axis',(1.,0.,0.));
#6756=DIRECTION('center_axis',(-4.44089209850063E-15,-1.,0.));
#6757=DIRECTION('ref_axis',(0.,0.,1.));
#6758=DIRECTION('center_axis',(0.408248290463864,-0.40824829046386,-0.816496580927727));
#6759=DIRECTION('ref_axis',(-0.577350269189629,0.577350269189624,-0.577350269189624));
#6760=DIRECTION('center_axis',(0.,0.,1.));
#6761=DIRECTION('ref_axis',(-1.,0.,0.));
#6762=DIRECTION('center_axis',(0.,-1.,0.));
#6763=DIRECTION('ref_axis',(0.,0.,-1.));
#6764=DIRECTION('center_axis',(1.,0.,0.));
#6765=DIRECTION('ref_axis',(0.,1.,0.));
#6766=DIRECTION('center_axis',(0.408248290463862,-0.816496580927725,-0.408248290463866));
#6767=DIRECTION('ref_axis',(-0.577350269189623,-0.577350269189627,0.577350269189627));
#6768=DIRECTION('center_axis',(0.,0.,1.));
#6769=DIRECTION('ref_axis',(0.,-1.,0.));
#6770=DIRECTION('center_axis',(-1.,5.55111512312578E-16,0.));
#6771=DIRECTION('ref_axis',(0.,0.,1.));
#6772=DIRECTION('center_axis',(0.,0.,1.));
#6773=DIRECTION('ref_axis',(1.,0.,0.));
#6774=DIRECTION('center_axis',(0.,-1.,0.));
#6775=DIRECTION('ref_axis',(-1.,0.,0.));
#6776=DIRECTION('center_axis',(0.,0.,-1.));
#6777=DIRECTION('ref_axis',(0.,-1.,0.));
#6778=DIRECTION('center_axis',(1.,0.,0.));
#6779=DIRECTION('ref_axis',(0.,0.,-1.));
#6780=DIRECTION('center_axis',(0.,-1.,0.));
#6781=DIRECTION('ref_axis',(-0.707106781186547,0.,-0.707106781186548));
#6782=DIRECTION('',(0.,-1.,0.));
#6783=DIRECTION('center_axis',(0.,0.,1.));
#6784=DIRECTION('ref_axis',(0.707106781186548,-0.707106781186547,0.));
#6785=DIRECTION('',(0.,0.,-1.));
#6786=DIRECTION('',(0.,0.,1.));
#6787=DIRECTION('center_axis',(0.,0.,1.));
#6788=DIRECTION('ref_axis',(1.,0.,0.));
#6789=DIRECTION('center_axis',(-1.,0.,0.));
#6790=DIRECTION('ref_axis',(0.,1.,0.));
#6791=DIRECTION('center_axis',(0.,0.,-1.));
#6792=DIRECTION('ref_axis',(-1.,0.,0.));
#6793=DIRECTION('center_axis',(0.,-1.,0.));
#6794=DIRECTION('ref_axis',(0.,0.,-1.));
#6795=DIRECTION('center_axis',(-1.,0.,-7.40796880353747E-17));
#6796=DIRECTION('ref_axis',(0.,0.707106781186551,-0.707106781186544));
#6797=DIRECTION('',(-1.,0.,-7.40796880353747E-17));
#6798=DIRECTION('center_axis',(0.,0.,1.));
#6799=DIRECTION('ref_axis',(-0.707106781186546,-0.707106781186549,0.));
#6800=DIRECTION('',(0.,0.,-1.));
#6801=DIRECTION('',(0.,0.,1.));
#6802=DIRECTION('center_axis',(-3.77626879124203E-17,1.,-2.79744813992931E-33));
#6803=DIRECTION('ref_axis',(0.707106781186546,0.,-0.707106781186549));
#6804=DIRECTION('',(-3.77626879124203E-17,1.,-2.79744813992931E-33));
#6805=DIRECTION('center_axis',(1.,0.,0.));
#6806=DIRECTION('ref_axis',(0.,-0.707106781186551,0.707106781186544));
#6807=DIRECTION('',(-1.,0.,0.));
#6808=DIRECTION('',(1.,0.,0.));
#6809=DIRECTION('center_axis',(-1.,0.,-7.40796880353747E-17));
#6810=DIRECTION('ref_axis',(0.,0.707106781186548,-0.707106781186548));
#6811=DIRECTION('',(-1.,0.,-7.40796880353747E-17));
#6812=DIRECTION('center_axis',(0.,0.,1.));
#6813=DIRECTION('ref_axis',(-0.707106781186549,0.707106781186546,0.));
#6814=DIRECTION('',(0.,0.,-1.));
#6815=DIRECTION('',(0.,0.,1.));
#6816=DIRECTION('center_axis',(0.,1.,0.));
#6817=DIRECTION('ref_axis',(0.707106781186548,0.,0.707106781186547));
#6818=DIRECTION('',(0.,-1.,0.));
#6819=DIRECTION('',(0.,1.,0.));
#6820=DIRECTION('center_axis',(1.,0.,0.));
#6821=DIRECTION('ref_axis',(0.,-0.707106781186548,0.707106781186548));
#6822=DIRECTION('',(-1.,0.,0.));
#6823=DIRECTION('',(1.,0.,0.));
#6824=DIRECTION('center_axis',(0.,1.,0.));
#6825=DIRECTION('ref_axis',(0.707106781186548,0.,0.707106781186547));
#6826=DIRECTION('',(0.,-1.,0.));
#6827=DIRECTION('',(0.,1.,0.));
#6828=DIRECTION('center_axis',(0.,1.,0.));
#6829=DIRECTION('ref_axis',(0.707106781186549,0.,0.707106781186546));
#6830=DIRECTION('',(0.,-1.,0.));
#6831=DIRECTION('',(0.,1.,0.));
#6832=DIRECTION('center_axis',(0.,-1.,0.));
#6833=DIRECTION('ref_axis',(-0.707106781186547,0.,-0.707106781186548));
#6834=DIRECTION('',(0.,-1.,0.));
#6835=DIRECTION('center_axis',(-1.,0.,0.));
#6836=DIRECTION('ref_axis',(0.,0.707106781186548,0.707106781186548));
#6837=DIRECTION('',(1.,0.,0.));
#6838=DIRECTION('',(-1.,0.,0.));
#6839=DIRECTION('center_axis',(0.,1.,0.));
#6840=DIRECTION('ref_axis',(-1.,0.,0.));
#6841=DIRECTION('center_axis',(1.,0.,0.));
#6842=DIRECTION('ref_axis',(0.,1.,0.));
#6843=DIRECTION('center_axis',(1.,0.,0.));
#6844=DIRECTION('ref_axis',(0.,1.,0.));
#6845=DIRECTION('center_axis',(0.,-1.,0.));
#6846=DIRECTION('ref_axis',(1.,0.,0.));
#6847=DIRECTION('center_axis',(1.,0.,0.));
#6848=DIRECTION('ref_axis',(0.,1.,0.));
#6849=DIRECTION('center_axis',(0.,-1.,0.));
#6850=DIRECTION('ref_axis',(1.,0.,0.));
#6851=DIRECTION('center_axis',(0.,0.,1.));
#6852=DIRECTION('ref_axis',(1.,0.,0.));
#6853=DIRECTION('',(0.,-1.,0.));
#6854=DIRECTION('',(-1.,0.,0.));
#6855=DIRECTION('',(0.,-1.,0.));
#6856=DIRECTION('',(-1.,0.,0.));
#6857=DIRECTION('',(0.,1.,0.));
#6858=DIRECTION('',(1.,0.,0.));
#6859=DIRECTION('',(0.,-1.,0.));
#6860=DIRECTION('',(1.,0.,0.));
#6861=DIRECTION('center_axis',(7.40796880353747E-17,0.,-1.));
#6862=DIRECTION('ref_axis',(1.,2.71643766478105E-15,0.));
#6863=DIRECTION('center_axis',(1.,1.77635683940025E-14,0.));
#6864=DIRECTION('ref_axis',(0.,0.,1.));
#6865=DIRECTION('center_axis',(1.,0.,0.));
#6866=DIRECTION('ref_axis',(0.,1.,0.));
#6867=DIRECTION('center_axis',(-1.,0.,-7.40796880353747E-17));
#6868=DIRECTION('ref_axis',(0.,0.707106781186551,0.707106781186544));
#6869=DIRECTION('center_axis',(1.,0.,0.));
#6870=DIRECTION('ref_axis',(0.,1.,0.));
#6871=DIRECTION('',(-1.,0.,-7.40796880353747E-17));
#6872=DIRECTION('center_axis',(7.40796880353747E-17,0.,-1.));
#6873=DIRECTION('ref_axis',(-1.,0.,0.));
#6874=DIRECTION('center_axis',(-1.,0.,0.));
#6875=DIRECTION('ref_axis',(0.,-1.,0.));
#6876=DIRECTION('center_axis',(7.40796880353747E-17,0.,-1.));
#6877=DIRECTION('ref_axis',(-1.,-1.18002036825971E-8,-7.12028838291167E-17));
#6878=DIRECTION('center_axis',(1.,-6.28649124459978E-16,7.40796880353747E-17));
#6879=DIRECTION('ref_axis',(0.,-0.707106781186551,0.707106781186544));
#6880=DIRECTION('center_axis',(0.,-1.,0.));
#6881=DIRECTION('ref_axis',(1.,0.,0.));
#6882=DIRECTION('',(0.,0.,1.));
#6883=DIRECTION('center_axis',(-1.,0.,0.));
#6884=DIRECTION('ref_axis',(0.,0.707106781186549,-0.707106781186546));
#6885=DIRECTION('',(1.,0.,0.));
#6886=DIRECTION('center_axis',(-0.707106781186549,0.707106781186546,0.));
#6887=DIRECTION('ref_axis',(0.707106781186546,0.707106781186549,0.));
#6888=DIRECTION('center_axis',(0.707106781186549,-0.707106781186546,0.));
#6889=DIRECTION('ref_axis',(0.707106781186546,0.707106781186549,0.));
#6890=DIRECTION('center_axis',(0.,-1.,0.));
#6891=DIRECTION('ref_axis',(0.707106781186548,0.,-0.707106781186548));
#6892=DIRECTION('',(0.,-1.,0.));
#6893=DIRECTION('center_axis',(-0.707106781186547,0.707106781186548,0.));
#6894=DIRECTION('ref_axis',(0.707106781186548,0.707106781186547,0.));
#6895=DIRECTION('center_axis',(0.,1.,0.));
#6896=DIRECTION('ref_axis',(-0.707106781186548,0.,-0.707106781186548));
#6897=DIRECTION('center_axis',(0.707106781186549,0.707106781186546,0.));
#6898=DIRECTION('ref_axis',(0.707106781186546,-0.707106781186549,0.));
#6899=DIRECTION('',(0.,1.,0.));
#6900=DIRECTION('center_axis',(-0.707106781186549,-0.707106781186546,0.));
#6901=DIRECTION('ref_axis',(0.707106781186546,-0.707106781186549,0.));
#6902=DIRECTION('center_axis',(1.,0.,0.));
#6903=DIRECTION('ref_axis',(0.,0.707106781186548,-0.707106781186547));
#6904=DIRECTION('',(1.,0.,0.));
#6905=DIRECTION('center_axis',(-1.,0.,0.));
#6906=DIRECTION('ref_axis',(0.,0.707106781186549,-0.707106781186546));
#6907=DIRECTION('',(1.,0.,0.));
#6908=DIRECTION('center_axis',(0.,1.,0.));
#6909=DIRECTION('ref_axis',(0.707106781186549,0.,-0.707106781186546));
#6910=DIRECTION('',(0.,-1.,0.));
#6911=DIRECTION('center_axis',(1.,0.,0.));
#6912=DIRECTION('ref_axis',(0.,0.,1.));
#6913=DIRECTION('',(0.,0.,-1.));
#6914=DIRECTION('',(0.,1.,0.));
#6915=DIRECTION('',(0.,0.,1.));
#6916=DIRECTION('center_axis',(1.,0.,0.));
#6917=DIRECTION('ref_axis',(0.,0.707106781186547,-0.707106781186548));
#6918=DIRECTION('',(0.,1.,0.));
#6919=DIRECTION('',(0.,0.,1.));
#6920=DIRECTION('center_axis',(-0.408248290463861,-0.816496580927726,-0.408248290463865));
#6921=DIRECTION('ref_axis',(0.577350269189624,-0.577350269189628,0.577350269189626));
#6922=DIRECTION('center_axis',(1.,0.,0.));
#6923=DIRECTION('ref_axis',(0.,-1.,0.));
#6924=DIRECTION('center_axis',(0.,0.,1.));
#6925=DIRECTION('ref_axis',(1.,0.,0.));
#6926=DIRECTION('center_axis',(0.,-1.,0.));
#6927=DIRECTION('ref_axis',(0.,0.,1.));
#6928=DIRECTION('center_axis',(0.,0.,1.));
#6929=DIRECTION('ref_axis',(0.70710678118654,-0.707106781186555,0.));
#6930=DIRECTION('',(0.,0.,-1.));
#6931=DIRECTION('center_axis',(0.40824829046386,-0.816496580927727,-0.408248290463865));
#6932=DIRECTION('ref_axis',(-0.577350269189623,-0.577350269189626,0.577350269189628));
#6933=DIRECTION('center_axis',(0.,0.,1.));
#6934=DIRECTION('ref_axis',(0.,-1.,0.));
#6935=DIRECTION('center_axis',(-1.,0.,0.));
#6936=DIRECTION('ref_axis',(0.,0.,1.));
#6937=DIRECTION('center_axis',(0.,-1.,-2.22044604925031E-15));
#6938=DIRECTION('ref_axis',(-1.,0.,0.));
#6939=DIRECTION('center_axis',(1.,-2.49021986831811E-16,0.));
#6940=DIRECTION('ref_axis',(0.,-0.707106781186548,0.707106781186548));
#6941=DIRECTION('',(-1.,2.49021986831811E-16,0.));
#6942=DIRECTION('',(1.,-2.49021986831811E-16,0.));
#6943=DIRECTION('center_axis',(1.,0.,0.));
#6944=DIRECTION('ref_axis',(0.,0.,-1.));
#6945=DIRECTION('center_axis',(0.,0.,1.));
#6946=DIRECTION('ref_axis',(0.,-1.,0.));
#6947=DIRECTION('center_axis',(-1.,0.,0.));
#6948=DIRECTION('ref_axis',(0.,0.,-1.));
#6949=DIRECTION('center_axis',(0.,-1.,0.));
#6950=DIRECTION('ref_axis',(1.,0.,0.));
#6951=DIRECTION('center_axis',(0.40824829046386,-0.408248290463852,-0.816496580927733));
#6952=DIRECTION('ref_axis',(0.577350269189637,-0.577350269189621,0.577350269189619));
#6953=DIRECTION('center_axis',(0.,0.,1.));
#6954=DIRECTION('ref_axis',(1.,0.,0.));
#6955=DIRECTION('center_axis',(0.,-1.,0.));
#6956=DIRECTION('ref_axis',(0.,0.,1.));
#6957=DIRECTION('center_axis',(1.,0.,1.77635683940025E-14));
#6958=DIRECTION('ref_axis',(0.,-1.,0.));
#6959=DIRECTION('center_axis',(0.,-1.,0.));
#6960=DIRECTION('ref_axis',(0.707106781186552,0.,0.707106781186543));
#6961=DIRECTION('center_axis',(0.,-1.,0.));
#6962=DIRECTION('ref_axis',(0.707106781186552,0.,0.707106781186543));
#6963=DIRECTION('',(0.,-1.,0.));
#6964=DIRECTION('center_axis',(1.,0.,0.));
#6965=DIRECTION('ref_axis',(0.,0.,-1.));
#6966=DIRECTION('center_axis',(0.,-1.,0.));
#6967=DIRECTION('ref_axis',(0.,0.,1.));
#6968=DIRECTION('center_axis',(1.,0.,0.));
#6969=DIRECTION('ref_axis',(0.,1.,0.));
#6970=DIRECTION('center_axis',(0.,0.,1.));
#6971=DIRECTION('ref_axis',(-1.,0.,0.));
#6972=DIRECTION('center_axis',(1.,0.,0.));
#6973=DIRECTION('ref_axis',(0.,0.707106781186547,-0.707106781186548));
#6974=DIRECTION('',(-1.,0.,0.));
#6975=DIRECTION('',(1.,0.,0.));
#6976=DIRECTION('center_axis',(0.40824829046386,-0.816496580927727,-0.408248290463865));
#6977=DIRECTION('ref_axis',(-0.577350269189623,-0.577350269189627,0.577350269189627));
#6978=DIRECTION('center_axis',(0.,-1.,0.));
#6979=DIRECTION('ref_axis',(-1.,0.,0.));
#6980=DIRECTION('center_axis',(0.,0.,1.));
#6981=DIRECTION('ref_axis',(0.,-1.,0.));
#6982=DIRECTION('center_axis',(-1.,0.,0.));
#6983=DIRECTION('ref_axis',(0.,0.,1.));
#6984=DIRECTION('center_axis',(0.,0.,-1.));
#6985=DIRECTION('ref_axis',(-0.707106781186547,-0.707106781186548,0.));
#6986=DIRECTION('',(0.,0.,1.));
#6987=DIRECTION('center_axis',(-1.,0.,-2.89142491338006E-34));
#6988=DIRECTION('ref_axis',(0.,-0.707106781186547,0.707106781186548));
#6989=DIRECTION('',(1.,0.,2.89142491338006E-34));
#6990=DIRECTION('',(-1.,0.,-2.89142491338006E-34));
#6991=DIRECTION('center_axis',(0.,-1.,0.));
#6992=DIRECTION('ref_axis',(-0.707106781186546,0.,0.707106781186549));
#6993=DIRECTION('center_axis',(0.,-1.,0.));
#6994=DIRECTION('ref_axis',(-0.707106781186546,0.,0.707106781186549));
#6995=DIRECTION('',(0.,1.,0.));
#6996=DIRECTION('center_axis',(0.,-1.,0.));
#6997=DIRECTION('ref_axis',(-0.707106781186546,0.,0.707106781186549));
#6998=DIRECTION('',(0.,1.,0.));
#6999=DIRECTION('center_axis',(0.,0.,1.));
#7000=DIRECTION('ref_axis',(0.70710678118654,-0.707106781186555,0.));
#7001=DIRECTION('',(0.,0.,-1.));
#7002=DIRECTION('center_axis',(0.,1.,0.));
#7003=DIRECTION('ref_axis',(0.70710678118654,0.,0.707106781186555));
#7004=DIRECTION('',(0.,-1.,0.));
#7005=DIRECTION('center_axis',(0.,0.,-1.));
#7006=DIRECTION('ref_axis',(-0.707106781186546,-0.707106781186549,0.));
#7007=DIRECTION('center_axis',(0.,0.,-1.));
#7008=DIRECTION('ref_axis',(-0.707106781186546,-0.707106781186549,0.));
#7009=DIRECTION('',(0.,0.,1.));
#7010=DIRECTION('center_axis',(-2.49021986831811E-16,-1.,0.));
#7011=DIRECTION('ref_axis',(1.,-2.49021986831811E-16,0.));
#7012=DIRECTION('',(1.,-2.49021986831811E-16,0.));
#7013=DIRECTION('center_axis',(0.,0.,1.));
#7014=DIRECTION('ref_axis',(1.,0.,0.));
#7015=DIRECTION('center_axis',(0.,0.,-1.));
#7016=DIRECTION('ref_axis',(-1.53174414800687E-5,-0.999999999882688,0.));
#7017=DIRECTION('',(-1.,-6.66135629440035E-15,0.));
#7018=DIRECTION('center_axis',(0.,0.,-1.));
#7019=DIRECTION('ref_axis',(-6.09458348322356E-5,0.999999998142803,0.));
#7020=DIRECTION('',(1.,7.06505513111544E-15,0.));
#7021=DIRECTION('center_axis',(0.,0.,-1.));
#7022=DIRECTION('ref_axis',(0.628162130471789,-0.778082474960813,0.));
#7023=DIRECTION('',(-1.,0.,0.));
#7024=DIRECTION('center_axis',(0.,0.,-1.));
#7025=DIRECTION('ref_axis',(0.00031630832210876,-0.999999949974521,0.));
#7026=DIRECTION('',(1.,0.,0.));
#7027=DIRECTION('center_axis',(0.,-1.,0.));
#7028=DIRECTION('ref_axis',(0.,0.,-1.));
#7029=DIRECTION('center_axis',(0.,-1.,0.));
#7030=DIRECTION('ref_axis',(0.,0.,-1.));
#7031=DIRECTION('center_axis',(1.,0.,0.));
#7032=DIRECTION('ref_axis',(0.,0.,1.));
#7033=DIRECTION('center_axis',(0.,1.,0.));
#7034=DIRECTION('ref_axis',(-1.,0.,0.));
#7035=DIRECTION('center_axis',(-1.,0.,0.));
#7036=DIRECTION('ref_axis',(0.,-0.707106781186548,0.707106781186547));
#7037=DIRECTION('',(-1.,0.,0.));
#7038=DIRECTION('center_axis',(0.,-1.,0.));
#7039=DIRECTION('ref_axis',(-0.707106781186548,0.,-0.707106781186548));
#7040=DIRECTION('center_axis',(0.,1.,0.));
#7041=DIRECTION('ref_axis',(-0.707106781186548,0.,-0.707106781186548));
#7042=DIRECTION('',(0.,-1.,0.));
#7043=DIRECTION('',(0.,1.,0.));
#7044=DIRECTION('center_axis',(0.,1.,0.));
#7045=DIRECTION('ref_axis',(1.,0.,0.));
#7046=DIRECTION('',(0.,0.,1.));
#7047=DIRECTION('',(1.,0.,0.));
#7048=DIRECTION('',(0.,0.,1.));
#7049=DIRECTION('',(-1.,0.,0.));
#7050=DIRECTION('',(0.,0.,1.));
#7051=DIRECTION('',(-1.,0.,0.));
#7052=DIRECTION('',(-1.71277709416922E-10,0.,1.));
#7053=DIRECTION('',(1.,0.,0.));
#7054=DIRECTION('',(0.,0.,1.));
#7055=DIRECTION('',(-1.,0.,0.));
#7056=DIRECTION('',(8.27842291146792E-10,0.,1.));
#7057=DIRECTION('',(0.,0.,-1.));
#7058=DIRECTION('',(1.,0.,0.));
#7059=DIRECTION('',(1.,0.,2.89142491338006E-34));
#7060=DIRECTION('',(0.,0.,1.));
#7061=DIRECTION('',(-1.,0.,0.));
#7062=DIRECTION('',(0.,0.,-1.));
#7063=DIRECTION('',(1.,0.,0.));
#7064=DIRECTION('',(1.13471021649775E-15,0.,1.));
#7065=DIRECTION('',(-1.,0.,0.));
#7066=DIRECTION('',(-9.07768173198201E-16,0.,-1.));
#7067=DIRECTION('center_axis',(0.,-1.,0.));
#7068=DIRECTION('ref_axis',(1.,0.,0.));
#7069=DIRECTION('center_axis',(0.,-1.,0.));
#7070=DIRECTION('ref_axis',(1.,0.,0.));
#7071=DIRECTION('',(1.,0.,0.));
#7072=DIRECTION('',(0.,0.,1.));
#7073=DIRECTION('',(-1.,0.,0.));
#7074=DIRECTION('',(0.,0.,-1.));
#7075=DIRECTION('center_axis',(0.,-1.,0.));
#7076=DIRECTION('ref_axis',(1.,0.,0.));
#7077=DIRECTION('center_axis',(0.,-1.,0.));
#7078=DIRECTION('ref_axis',(1.,0.,0.));
#7079=DIRECTION('center_axis',(0.,-1.,0.));
#7080=DIRECTION('ref_axis',(1.,0.,0.));
#7081=DIRECTION('center_axis',(0.,-1.,0.));
#7082=DIRECTION('ref_axis',(1.,0.,0.));
#7083=DIRECTION('center_axis',(0.,-1.,0.));
#7084=DIRECTION('ref_axis',(1.,0.,0.));
#7085=DIRECTION('center_axis',(0.,-1.,0.));
#7086=DIRECTION('ref_axis',(-0.707106781186552,0.,0.707106781186543));
#7087=DIRECTION('',(0.,-1.,0.));
#7088=DIRECTION('center_axis',(-1.,0.,-7.40796880353747E-17));
#7089=DIRECTION('ref_axis',(0.,0.707106781186548,0.707106781186548));
#7090=DIRECTION('',(-1.,0.,-7.40796880353747E-17));
#7091=DIRECTION('center_axis',(-1.,0.,0.));
#7092=DIRECTION('ref_axis',(0.,0.,-1.));
#7093=DIRECTION('',(0.,0.,-1.));
#7094=DIRECTION('',(0.,-1.,0.));
#7095=DIRECTION('',(0.,0.,1.));
#7096=DIRECTION('',(0.,-1.,0.));
#7097=DIRECTION('center_axis',(0.,-1.,0.));
#7098=DIRECTION('ref_axis',(0.,0.,-1.));
#7099=DIRECTION('',(0.,0.,1.));
#7100=DIRECTION('',(1.,0.,0.));
#7101=DIRECTION('center_axis',(1.,0.,0.));
#7102=DIRECTION('ref_axis',(0.,0.,1.));
#7103=DIRECTION('',(0.,-1.,0.));
#7104=DIRECTION('',(0.,-1.,0.));
#7105=DIRECTION('center_axis',(0.,0.,1.));
#7106=DIRECTION('ref_axis',(-1.,-1.18002033585514E-8,0.));
#7107=DIRECTION('center_axis',(0.,0.,-1.));
#7108=DIRECTION('ref_axis',(4.93432455388958E-15,1.,0.));
#7109=DIRECTION('center_axis',(0.,0.,1.));
#7110=DIRECTION('ref_axis',(4.93432455388958E-15,1.,0.));
#7111=DIRECTION('',(0.,0.,-1.));
#7112=DIRECTION('center_axis',(4.64275082960337E-13,1.,0.));
#7113=DIRECTION('ref_axis',(1.,-4.64275082960337E-13,0.));
#7114=DIRECTION('',(-1.,4.64275082960337E-13,0.));
#7115=DIRECTION('center_axis',(0.,0.,-1.));
#7116=DIRECTION('ref_axis',(7.40148683083439E-15,-1.,0.));
#7117=DIRECTION('center_axis',(0.,0.,1.));
#7118=DIRECTION('ref_axis',(7.40148683083439E-15,-1.,0.));
#7119=DIRECTION('',(0.,0.,-1.));
#7120=DIRECTION('center_axis',(4.63467648033449E-13,-1.,0.));
#7121=DIRECTION('ref_axis',(-1.,-4.63467648033449E-13,0.));
#7122=DIRECTION('',(1.,4.63467648033449E-13,0.));
#7123=DIRECTION('center_axis',(0.,0.,-1.));
#7124=DIRECTION('ref_axis',(1.48029736616687E-14,-1.,0.));
#7125=DIRECTION('center_axis',(0.,0.,1.));
#7126=DIRECTION('ref_axis',(1.48029736616687E-14,-1.,0.));
#7127=DIRECTION('',(0.,0.,-1.));
#7128=DIRECTION('center_axis',(4.63265789301631E-13,-1.,0.));
#7129=DIRECTION('ref_axis',(-1.,-4.63265789301631E-13,0.));
#7130=DIRECTION('',(1.,4.63265789301631E-13,0.));
#7131=DIRECTION('center_axis',(0.,0.,-1.));
#7132=DIRECTION('ref_axis',(0.,-1.,0.));
#7133=DIRECTION('center_axis',(0.,0.,1.));
#7134=DIRECTION('ref_axis',(0.,-1.,0.));
#7135=DIRECTION('',(0.,0.,-1.));
#7136=DIRECTION('center_axis',(-4.6346764803345E-13,-1.,0.));
#7137=DIRECTION('ref_axis',(-1.,4.6346764803345E-13,0.));
#7138=DIRECTION('',(1.,-4.6346764803345E-13,0.));
#7139=DIRECTION('center_axis',(0.,0.,1.));
#7140=DIRECTION('ref_axis',(1.,0.,0.));
#7141=DIRECTION('center_axis',(1.66014657887874E-16,1.,0.));
#7142=DIRECTION('ref_axis',(-1.,1.66014657887874E-16,0.));
#7143=DIRECTION('center_axis',(0.,-1.,0.));
#7144=DIRECTION('ref_axis',(1.,0.,0.));
#7145=DIRECTION('',(0.,-1.,0.));
#7146=DIRECTION('center_axis',(0.,-1.,0.));
#7147=DIRECTION('ref_axis',(1.,0.,0.));
#7148=DIRECTION('center_axis',(0.,1.,0.));
#7149=DIRECTION('ref_axis',(1.,0.,0.));
#7150=DIRECTION('center_axis',(0.,-1.,0.));
#7151=DIRECTION('ref_axis',(1.,0.,0.));
#7152=DIRECTION('',(0.,-1.,0.));
#7153=DIRECTION('center_axis',(0.,-1.,0.));
#7154=DIRECTION('ref_axis',(1.,0.,0.));
#7155=DIRECTION('center_axis',(0.,1.,0.));
#7156=DIRECTION('ref_axis',(1.,0.,0.));
#7157=DIRECTION('center_axis',(0.,-1.,0.));
#7158=DIRECTION('ref_axis',(1.,0.,0.));
#7159=DIRECTION('',(0.,-1.,0.));
#7160=DIRECTION('center_axis',(0.,-1.,0.));
#7161=DIRECTION('ref_axis',(1.,0.,0.));
#7162=DIRECTION('center_axis',(0.,1.,0.));
#7163=DIRECTION('ref_axis',(1.,0.,0.));
#7164=DIRECTION('center_axis',(0.,0.,-1.));
#7165=DIRECTION('ref_axis',(-1.,0.,0.));
#7166=DIRECTION('',(1.,0.,7.40796880353747E-17));
#7167=DIRECTION('',(0.,-1.,0.));
#7168=DIRECTION('',(1.,0.,7.40796880353747E-17));
#7169=DIRECTION('',(0.,1.,0.));
#7170=DIRECTION('',(-1.,0.,-7.40796880353747E-17));
#7171=DIRECTION('',(0.,-1.,0.));
#7172=DIRECTION('',(-1.,0.,-7.40796880353747E-17));
#7173=DIRECTION('',(0.,-1.,0.));
#7174=DIRECTION('center_axis',(0.,-1.,0.));
#7175=DIRECTION('ref_axis',(1.,0.,0.));
#7176=DIRECTION('',(0.,0.,1.));
#7177=DIRECTION('',(0.,0.,-1.));
#7178=DIRECTION('center_axis',(-1.,0.,0.));
#7179=DIRECTION('ref_axis',(0.,-1.,0.));
#7180=DIRECTION('',(0.,0.,-1.));
#7181=DIRECTION('center_axis',(0.,-1.,0.));
#7182=DIRECTION('ref_axis',(1.,0.,0.));
#7183=DIRECTION('',(0.,0.,-1.));
#7184=DIRECTION('center_axis',(1.,0.,0.));
#7185=DIRECTION('ref_axis',(0.,1.,0.));
#7186=DIRECTION('',(0.,0.,-1.));
#7187=DIRECTION('center_axis',(0.,1.,0.));
#7188=DIRECTION('ref_axis',(-1.,0.,0.));
#7189=DIRECTION('',(0.,0.,-1.));
#7190=DIRECTION('center_axis',(-1.,0.,0.));
#7191=DIRECTION('ref_axis',(0.,-1.,0.));
#7192=DIRECTION('',(0.,0.,-1.));
#7193=DIRECTION('center_axis',(0.,1.,0.));
#7194=DIRECTION('ref_axis',(-1.,0.,0.));
#7195=DIRECTION('',(0.,0.,-1.));
#7196=DIRECTION('center_axis',(-1.,0.,0.));
#7197=DIRECTION('ref_axis',(0.,-1.,0.));
#7198=DIRECTION('center_axis',(-1.,-3.77626879124203E-17,0.));
#7199=DIRECTION('ref_axis',(3.77626879124203E-17,-1.,0.));
#7200=DIRECTION('center_axis',(-1.,0.,-3.55271367880051E-15));
#7201=DIRECTION('ref_axis',(-3.55271367880051E-15,0.,1.));
#7202=DIRECTION('',(0.,1.,0.));
#7203=DIRECTION('',(-3.55271367880051E-15,0.,1.));
#7204=DIRECTION('',(0.,1.,0.));
#7205=DIRECTION('center_axis',(0.,1.,0.));
#7206=DIRECTION('ref_axis',(-1.,0.,0.));
#7207=DIRECTION('',(0.,1.,0.));
#7208=DIRECTION('center_axis',(0.,1.,0.));
#7209=DIRECTION('ref_axis',(-1.,0.,0.));
#7210=DIRECTION('center_axis',(0.,0.,-1.));
#7211=DIRECTION('ref_axis',(-1.,0.,0.));
#7212=DIRECTION('',(0.,-1.,0.));
#7213=DIRECTION('',(-1.,0.,0.));
#7214=DIRECTION('center_axis',(0.,0.,1.));
#7215=DIRECTION('ref_axis',(1.,0.,0.));
#7216=DIRECTION('',(0.,1.,0.));
#7217=DIRECTION('',(1.,0.,0.));
#7218=DIRECTION('',(0.,1.,0.));
#7219=DIRECTION('center_axis',(0.,1.,0.));
#7220=DIRECTION('ref_axis',(0.,0.,1.));
#7221=DIRECTION('center_axis',(0.,1.,0.));
#7222=DIRECTION('ref_axis',(0.,0.,1.));
#7223=DIRECTION('center_axis',(0.,-1.,0.));
#7224=DIRECTION('ref_axis',(1.,0.,0.));
#7225=DIRECTION('',(0.,0.,-1.));
#7226=DIRECTION('center_axis',(-1.,0.,0.));
#7227=DIRECTION('ref_axis',(0.,0.,-1.));
#7228=DIRECTION('',(0.,-1.,0.));
#7229=DIRECTION('',(0.,0.,1.));
#7230=DIRECTION('',(0.,-1.,0.));
#7231=DIRECTION('',(0.,0.,-1.));
#7232=DIRECTION('',(0.,-1.,0.));
#7233=DIRECTION('',(0.,-1.,0.));
#7234=DIRECTION('center_axis',(1.,0.,0.));
#7235=DIRECTION('ref_axis',(0.,0.,-1.));
#7236=DIRECTION('',(0.,1.,0.));
#7237=DIRECTION('',(0.,0.,-1.));
#7238=DIRECTION('',(0.,1.,0.));
#7239=DIRECTION('center_axis',(0.,1.,0.));
#7240=DIRECTION('ref_axis',(1.,0.,-6.66133814775096E-15));
#7241=DIRECTION('',(0.,1.,0.));
#7242=DIRECTION('center_axis',(0.,1.,0.));
#7243=DIRECTION('ref_axis',(1.,0.,-6.66133814775096E-15));
#7244=DIRECTION('center_axis',(0.,0.,1.));
#7245=DIRECTION('ref_axis',(1.,0.,0.));
#7246=DIRECTION('',(0.,1.,0.));
#7247=DIRECTION('',(1.,0.,0.));
#7248=DIRECTION('center_axis',(0.,1.,0.));
#7249=DIRECTION('ref_axis',(0.,0.,1.));
#7250=DIRECTION('',(0.,1.,0.));
#7251=DIRECTION('center_axis',(0.,1.,0.));
#7252=DIRECTION('ref_axis',(0.,0.,1.));
#7253=DIRECTION('center_axis',(-1.,0.,4.44089196615174E-15));
#7254=DIRECTION('ref_axis',(4.44089196615174E-15,0.,1.));
#7255=DIRECTION('',(0.,1.,0.));
#7256=DIRECTION('',(4.44089196615174E-15,0.,1.));
#7257=DIRECTION('center_axis',(0.,1.,0.));
#7258=DIRECTION('ref_axis',(-1.,0.,0.));
#7259=DIRECTION('',(0.,1.,0.));
#7260=DIRECTION('center_axis',(0.,1.,0.));
#7261=DIRECTION('ref_axis',(-1.,0.,0.));
#7262=DIRECTION('center_axis',(-1.58603289232165E-16,0.,-1.));
#7263=DIRECTION('ref_axis',(-1.,0.,1.58603289232165E-16));
#7264=DIRECTION('',(0.,1.,0.));
#7265=DIRECTION('',(-1.,0.,1.58603289232165E-16));
#7266=DIRECTION('center_axis',(0.,1.,0.));
#7267=DIRECTION('ref_axis',(0.,0.,-1.));
#7268=DIRECTION('center_axis',(0.,1.,0.));
#7269=DIRECTION('ref_axis',(0.,0.,-1.));
#7270=DIRECTION('center_axis',(0.,-1.,0.));
#7271=DIRECTION('ref_axis',(1.,0.,0.));
#7272=DIRECTION('center_axis',(7.26691384914732E-15,1.,0.));
#7273=DIRECTION('ref_axis',(1.,-7.26691384914732E-15,0.));
#7274=DIRECTION('',(0.,0.,-1.));
#7275=DIRECTION('',(1.,-7.26691384914732E-15,0.));
#7276=DIRECTION('',(0.,0.,-1.));
#7277=DIRECTION('center_axis',(0.,0.,-1.));
#7278=DIRECTION('ref_axis',(3.41216765951343E-6,0.999999999994179,0.));
#7279=DIRECTION('center_axis',(0.,0.,1.));
#7280=DIRECTION('ref_axis',(3.41216765951343E-6,0.999999999994179,0.));
#7281=DIRECTION('',(0.,0.,-1.));
#7282=DIRECTION('center_axis',(-7.26693413934584E-15,-1.,0.));
#7283=DIRECTION('ref_axis',(-1.,7.26693413934584E-15,0.));
#7284=DIRECTION('',(-1.,7.26693413934584E-15,0.));
#7285=DIRECTION('',(0.,0.,-1.));
#7286=DIRECTION('center_axis',(0.,0.,-1.));
#7287=DIRECTION('ref_axis',(0.999999999745048,-2.25810661717408E-5,0.));
#7288=DIRECTION('center_axis',(0.,0.,1.));
#7289=DIRECTION('ref_axis',(-0.000316308322097659,0.999999949974521,0.));
#7290=DIRECTION('center_axis',(0.,0.,1.));
#7291=DIRECTION('ref_axis',(-1.,0.,0.));
#7292=DIRECTION('center_axis',(0.,1.,0.));
#7293=DIRECTION('ref_axis',(1.,0.,0.));
#7294=DIRECTION('',(0.,0.,-1.));
#7295=DIRECTION('',(1.,0.,0.));
#7296=DIRECTION('',(0.,0.,-1.));
#7297=DIRECTION('center_axis',(0.,0.,-1.));
#7298=DIRECTION('ref_axis',(-0.999999999745048,2.25810662117093E-5,0.));
#7299=DIRECTION('center_axis',(0.,0.,1.));
#7300=DIRECTION('ref_axis',(0.00031630832210876,-0.999999949974521,0.));
#7301=DIRECTION('',(0.,0.,-1.));
#7302=DIRECTION('center_axis',(0.,-1.,0.));
#7303=DIRECTION('ref_axis',(-1.,0.,0.));
#7304=DIRECTION('',(-1.,0.,0.));
#7305=DIRECTION('',(0.,0.,-1.));
#7306=DIRECTION('center_axis',(0.,0.,-1.));
#7307=DIRECTION('ref_axis',(0.628162130471789,-0.778082474960813,0.));
#7308=DIRECTION('center_axis',(0.,0.,1.));
#7309=DIRECTION('ref_axis',(0.628162130471789,-0.778082474960813,0.));
#7310=DIRECTION('center_axis',(0.,0.,1.));
#7311=DIRECTION('ref_axis',(-1.,0.,0.));
#7312=DIRECTION('center_axis',(0.,0.,-1.));
#7313=DIRECTION('ref_axis',(-0.999999991818957,0.00012791437204265,0.));
#7314=DIRECTION('',(0.,0.,-1.));
#7315=DIRECTION('center_axis',(0.,0.,1.));
#7316=DIRECTION('ref_axis',(0.000316308322114312,0.999999949974521,0.));
#7317=DIRECTION('',(0.,0.,-1.));
#7318=DIRECTION('center_axis',(0.,-1.,0.));
#7319=DIRECTION('ref_axis',(-1.,0.,0.));
#7320=DIRECTION('',(-1.,0.,0.));
#7321=DIRECTION('',(0.,0.,-1.));
#7322=DIRECTION('center_axis',(0.,0.,-1.));
#7323=DIRECTION('ref_axis',(0.628162130471795,0.778082474960807,0.));
#7324=DIRECTION('center_axis',(0.,0.,1.));
#7325=DIRECTION('ref_axis',(0.628162130471795,0.778082474960807,0.));
#7326=DIRECTION('',(0.,0.,-1.));
#7327=DIRECTION('center_axis',(8.07434872127479E-16,1.,0.));
#7328=DIRECTION('ref_axis',(1.,-8.07434872127479E-16,0.));
#7329=DIRECTION('',(1.,-8.07434872127479E-16,0.));
#7330=DIRECTION('center_axis',(0.,0.,1.));
#7331=DIRECTION('ref_axis',(-1.,0.,0.));
#7332=DIRECTION('center_axis',(-6.66135629440035E-15,1.,0.));
#7333=DIRECTION('ref_axis',(1.,6.66135629440035E-15,0.));
#7334=DIRECTION('',(0.,0.,-1.));
#7335=DIRECTION('',(1.,6.66135629440035E-15,0.));
#7336=DIRECTION('',(0.,0.,-1.));
#7337=DIRECTION('center_axis',(0.,0.,-1.));
#7338=DIRECTION('ref_axis',(-6.09458348322356E-5,0.999999998142803,0.));
#7339=DIRECTION('center_axis',(0.,0.,1.));
#7340=DIRECTION('ref_axis',(-6.09458348322356E-5,0.999999998142803,0.));
#7341=DIRECTION('',(0.,0.,-1.));
#7342=DIRECTION('center_axis',(7.06505513111544E-15,-1.,0.));
#7343=DIRECTION('ref_axis',(-1.,-7.06505513111544E-15,0.));
#7344=DIRECTION('',(-1.,-7.06505513111544E-15,0.));
#7345=DIRECTION('',(0.,0.,-1.));
#7346=DIRECTION('center_axis',(0.,0.,-1.));
#7347=DIRECTION('ref_axis',(0.999999991818957,-0.00012791437213995,0.));
#7348=DIRECTION('center_axis',(0.,0.,1.));
#7349=DIRECTION('ref_axis',(-1.53174414800687E-5,-0.999999999882688,0.));
#7350=DIRECTION('center_axis',(0.,0.,1.));
#7351=DIRECTION('ref_axis',(-1.,0.,0.));
#7352=DIRECTION('center_axis',(0.,0.,-1.));
#7353=DIRECTION('ref_axis',(1.,0.,0.));
#7354=DIRECTION('',(1.,0.,0.));
#7355=DIRECTION('',(-1.,0.,0.));
#7356=DIRECTION('',(0.,1.,0.));
#7357=DIRECTION('',(0.,-1.,0.));
#7358=DIRECTION('',(0.,1.,0.));
#7359=DIRECTION('center_axis',(1.,0.,0.));
#7360=DIRECTION('ref_axis',(0.,0.,1.));
#7361=DIRECTION('',(0.,-1.,0.));
#7362=DIRECTION('center_axis',(0.,0.,1.));
#7363=DIRECTION('ref_axis',(-1.,0.,0.));
#7364=DIRECTION('center_axis',(0.,0.,-1.));
#7365=DIRECTION('ref_axis',(1.,0.,0.));
#7366=DIRECTION('',(0.,-1.,0.));
#7367=DIRECTION('',(0.,-1.,0.));
#7368=DIRECTION('center_axis',(-1.,0.,9.07768173198201E-16));
#7369=DIRECTION('ref_axis',(-9.07768173198201E-16,0.,-1.));
#7370=DIRECTION('',(0.,-1.,0.));
#7371=DIRECTION('center_axis',(0.,0.,1.));
#7372=DIRECTION('ref_axis',(-1.,0.,0.));
#7373=DIRECTION('',(0.,-1.,0.));
#7374=DIRECTION('center_axis',(1.,0.,-1.13471021649775E-15));
#7375=DIRECTION('ref_axis',(1.13471021649775E-15,0.,1.));
#7376=DIRECTION('center_axis',(0.,-1.,0.));
#7377=DIRECTION('ref_axis',(-0.952320051384393,0.,-0.305100835349932));
#7378=DIRECTION('center_axis',(0.,-1.,0.));
#7379=DIRECTION('ref_axis',(1.,0.,0.));
#7380=DIRECTION('center_axis',(-1.,0.,0.));
#7381=DIRECTION('ref_axis',(0.,0.,-1.));
#7382=DIRECTION('center_axis',(0.,0.,-1.));
#7383=DIRECTION('ref_axis',(1.,0.,0.));
#7384=DIRECTION('center_axis',(0.,0.,1.));
#7385=DIRECTION('ref_axis',(-1.,0.,0.));
#7386=DIRECTION('',(1.,0.,0.));
#7387=DIRECTION('center_axis',(0.,0.,-1.));
#7388=DIRECTION('ref_axis',(1.,0.,0.));
#7389=DIRECTION('',(-1.,0.,0.));
#7390=DIRECTION('center_axis',(0.,1.,0.));
#7391=DIRECTION('ref_axis',(1.,0.,0.));
#7392=DIRECTION('',(0.,0.,1.));
#7393=DIRECTION('center_axis',(-2.89142491338006E-34,0.,1.));
#7394=DIRECTION('ref_axis',(-1.,0.,-2.89142491338006E-34));
#7395=DIRECTION('center_axis',(0.,0.,-1.));
#7396=DIRECTION('ref_axis',(-1.,0.,0.));
#7397=DIRECTION('center_axis',(0.,0.,1.));
#7398=DIRECTION('ref_axis',(-1.,0.,0.));
#7399=DIRECTION('',(0.,0.,1.));
#7400=DIRECTION('center_axis',(0.,0.,-1.));
#7401=DIRECTION('ref_axis',(-1.,0.,0.));
#7402=DIRECTION('center_axis',(0.,0.,1.));
#7403=DIRECTION('ref_axis',(-1.,0.,0.));
#7404=DIRECTION('center_axis',(0.,0.,1.));
#7405=DIRECTION('ref_axis',(-1.,0.,0.));
#7406=DIRECTION('center_axis',(0.,-1.,0.));
#7407=DIRECTION('ref_axis',(1.,0.,0.));
#7408=DIRECTION('center_axis',(0.,1.,0.));
#7409=DIRECTION('ref_axis',(1.,0.,0.));
#7410=DIRECTION('',(-0.707106781186547,-0.707106781186548,8.65956056235493E-17));
#7411=DIRECTION('center_axis',(0.,-1.,0.));
#7412=DIRECTION('ref_axis',(1.,0.,0.));
#7413=DIRECTION('center_axis',(0.,-1.,0.));
#7414=DIRECTION('ref_axis',(1.,0.,0.));
#7415=DIRECTION('center_axis',(0.,1.,0.));
#7416=DIRECTION('ref_axis',(0.,0.,1.));
#7417=DIRECTION('center_axis',(0.,-1.,0.));
#7418=DIRECTION('ref_axis',(1.,0.,0.));
#7419=DIRECTION('center_axis',(0.,-1.,0.));
#7420=DIRECTION('ref_axis',(1.,0.,0.));
#7421=DIRECTION('center_axis',(0.,1.,0.));
#7422=DIRECTION('ref_axis',(1.,0.,0.));
#7423=DIRECTION('',(0.,-1.,0.));
#7424=DIRECTION('center_axis',(0.,-1.,0.));
#7425=DIRECTION('ref_axis',(1.,0.,0.));
#7426=DIRECTION('center_axis',(0.,1.,0.));
#7427=DIRECTION('ref_axis',(1.,0.,0.));
#7428=DIRECTION('',(-0.707106781186547,-0.707106781186548,8.65956056235493E-17));
#7429=DIRECTION('center_axis',(0.,-1.,0.));
#7430=DIRECTION('ref_axis',(1.,0.,0.));
#7431=DIRECTION('center_axis',(0.,1.,0.));
#7432=DIRECTION('ref_axis',(0.,0.,1.));
#7433=DIRECTION('center_axis',(0.,-1.,0.));
#7434=DIRECTION('ref_axis',(1.,0.,0.));
#7435=DIRECTION('center_axis',(0.,-1.,0.));
#7436=DIRECTION('ref_axis',(1.,0.,0.));
#7437=DIRECTION('center_axis',(0.,1.,0.));
#7438=DIRECTION('ref_axis',(1.,0.,0.));
#7439=DIRECTION('',(0.,-1.,0.));
#7440=DIRECTION('center_axis',(0.,-1.,0.));
#7441=DIRECTION('ref_axis',(1.,0.,0.));
#7442=DIRECTION('center_axis',(0.,1.,0.));
#7443=DIRECTION('ref_axis',(1.,0.,0.));
#7444=DIRECTION('',(-0.707106781186547,-0.707106781186548,8.65956056235492E-17));
#7445=DIRECTION('center_axis',(0.,-1.,0.));
#7446=DIRECTION('ref_axis',(1.,0.,0.));
#7447=DIRECTION('center_axis',(0.,1.,0.));
#7448=DIRECTION('ref_axis',(0.,0.,1.));
#7449=DIRECTION('center_axis',(0.,-1.,0.));
#7450=DIRECTION('ref_axis',(1.,0.,0.));
#7451=DIRECTION('center_axis',(0.,-1.,0.));
#7452=DIRECTION('ref_axis',(1.,0.,0.));
#7453=DIRECTION('center_axis',(0.,1.,0.));
#7454=DIRECTION('ref_axis',(1.,0.,0.));
#7455=DIRECTION('',(0.,-1.,0.));
#7456=DIRECTION('center_axis',(0.,-1.,0.));
#7457=DIRECTION('ref_axis',(1.,0.,0.));
#7458=DIRECTION('center_axis',(0.,1.,0.));
#7459=DIRECTION('ref_axis',(1.,0.,0.));
#7460=DIRECTION('',(-0.707106781186547,-0.707106781186548,8.65956056235493E-17));
#7461=DIRECTION('center_axis',(0.,-1.,0.));
#7462=DIRECTION('ref_axis',(1.,0.,0.));
#7463=DIRECTION('center_axis',(0.,1.,0.));
#7464=DIRECTION('ref_axis',(0.,0.,1.));
#7465=DIRECTION('center_axis',(0.,-1.,0.));
#7466=DIRECTION('ref_axis',(1.,0.,0.));
#7467=DIRECTION('center_axis',(0.,-1.,0.));
#7468=DIRECTION('ref_axis',(1.,0.,0.));
#7469=DIRECTION('center_axis',(0.,1.,0.));
#7470=DIRECTION('ref_axis',(1.,0.,0.));
#7471=DIRECTION('',(0.,-1.,0.));
#7472=DIRECTION('center_axis',(1.,0.,0.));
#7473=DIRECTION('ref_axis',(0.,0.,-1.));
#7474=DIRECTION('',(0.,1.,0.));
#7475=DIRECTION('center_axis',(0.,0.,1.));
#7476=DIRECTION('ref_axis',(1.,0.,0.));
#7477=DIRECTION('',(0.,1.,0.));
#7478=DIRECTION('center_axis',(1.,0.,1.71277709416922E-10));
#7479=DIRECTION('ref_axis',(1.71277709416922E-10,0.,-1.));
#7480=DIRECTION('',(0.,1.,0.));
#7481=DIRECTION('center_axis',(0.,0.,-1.));
#7482=DIRECTION('ref_axis',(-1.,0.,0.));
#7483=DIRECTION('',(0.,1.,0.));
#7484=DIRECTION('center_axis',(1.,0.,0.));
#7485=DIRECTION('ref_axis',(0.,0.,-1.));
#7486=DIRECTION('',(0.,1.,0.));
#7487=DIRECTION('center_axis',(0.,0.,1.));
#7488=DIRECTION('ref_axis',(1.,0.,0.));
#7489=DIRECTION('',(0.,1.,0.));
#7490=DIRECTION('center_axis',(1.,0.,-8.27842291146792E-10));
#7491=DIRECTION('ref_axis',(-8.27842291146792E-10,0.,-1.));
#7492=DIRECTION('center_axis',(0.,-1.,0.));
#7493=DIRECTION('ref_axis',(1.,0.,0.));
#7494=DIRECTION('',(0.,-1.,0.));
#7495=DIRECTION('center_axis',(0.,-1.,0.));
#7496=DIRECTION('ref_axis',(-0.952320051384393,0.,-0.305100835349932));
#7497=DIRECTION('center_axis',(0.,-1.,0.));
#7498=DIRECTION('ref_axis',(1.,0.,0.));
#7499=DIRECTION('',(0.,-1.,0.));
#7500=DIRECTION('center_axis',(0.,-1.,0.));
#7501=DIRECTION('ref_axis',(1.,0.,0.));
#7502=DIRECTION('',(0.,-1.,0.));
#7503=DIRECTION('center_axis',(0.,-1.,0.));
#7504=DIRECTION('ref_axis',(1.,0.,0.));
#7505=DIRECTION('',(0.,-1.,0.));
#7506=DIRECTION('center_axis',(0.,-1.,0.));
#7507=DIRECTION('ref_axis',(1.,0.,0.));
#7508=DIRECTION('center_axis',(0.,1.,0.));
#7509=DIRECTION('ref_axis',(1.,0.,0.));
#7510=DIRECTION('center_axis',(0.,1.,0.));
#7511=DIRECTION('ref_axis',(1.,0.,0.));
#7512=DIRECTION('center_axis',(0.,-1.,0.));
#7513=DIRECTION('ref_axis',(1.,0.,0.));
#7514=DIRECTION('',(0.,-1.,0.));
#7515=DIRECTION('center_axis',(0.,-1.,0.));
#7516=DIRECTION('ref_axis',(1.,0.,0.));
#7517=DIRECTION('center_axis',(0.,1.,0.));
#7518=DIRECTION('ref_axis',(1.,0.,0.));
#7519=DIRECTION('center_axis',(0.,-1.,0.));
#7520=DIRECTION('ref_axis',(1.,0.,0.));
#7521=DIRECTION('',(0.,-1.,0.));
#7522=DIRECTION('center_axis',(0.,-1.,0.));
#7523=DIRECTION('ref_axis',(1.,0.,0.));
#7524=DIRECTION('center_axis',(0.,1.,0.));
#7525=DIRECTION('ref_axis',(1.,0.,0.));
#7526=DIRECTION('center_axis',(0.,0.,1.));
#7527=DIRECTION('ref_axis',(-1.,0.,0.));
#7528=DIRECTION('',(0.,-1.,0.));
#7529=DIRECTION('',(-1.,0.,0.));
#7530=DIRECTION('',(0.,-1.,0.));
#7531=DIRECTION('center_axis',(1.,0.,0.));
#7532=DIRECTION('ref_axis',(0.,0.,1.));
#7533=DIRECTION('',(0.,0.,1.));
#7534=DIRECTION('center_axis',(-1.,0.,0.));
#7535=DIRECTION('ref_axis',(0.,0.,-1.));
#7536=DIRECTION('',(0.,0.,-1.));
#7537=DIRECTION('center_axis',(0.,-1.,0.));
#7538=DIRECTION('ref_axis',(0.,0.,-1.));
#7539=CARTESIAN_POINT('',(0.,0.,0.));
#7540=CARTESIAN_POINT('Origin',(87.92125,-9.,-38.));
#7541=CARTESIAN_POINT('',(63.3953600752035,-8.,-38.));
#7542=CARTESIAN_POINT('',(64.1022867958686,-8.29271320413163,-38.7069267206649));
#7543=CARTESIAN_POINT('Origin',(63.3953600752035,-9.,-38.));
#7544=CARTESIAN_POINT('',(7.90418117325347,-8.,-38.));
#7545=CARTESIAN_POINT('',(87.92125,-8.,-38.));
#7546=CARTESIAN_POINT('',(7.90418117325347,-9.,-39.));
#7547=CARTESIAN_POINT('Origin',(7.90418117325347,-9.,-38.));
#7548=CARTESIAN_POINT('',(63.395,-9.,-39.));
#7549=CARTESIAN_POINT('',(87.92125,-9.,-39.));
#7550=CARTESIAN_POINT('Origin',(63.395,-9.,-38.));
#7551=CARTESIAN_POINT('Origin',(7.90418117325347,-9.,-40.));
#7552=CARTESIAN_POINT('',(6.90418117325347,-8.,-38.2679491924311));
#7553=CARTESIAN_POINT('',(6.90418117325347,-9.,-40.));
#7554=CARTESIAN_POINT('Ctrl Pts',(6.90418117325347,-8.,-38.2679491924311));
#7555=CARTESIAN_POINT('Ctrl Pts',(6.90418117325347,-8.,-38.5228266143067));
#7556=CARTESIAN_POINT('Ctrl Pts',(6.90418117325347,-8.08957199989777,-38.8152695268491));
#7557=CARTESIAN_POINT('Ctrl Pts',(6.90418117325347,-8.39608728381128,-39.384776727796));
#7558=CARTESIAN_POINT('Ctrl Pts',(6.90418117325347,-8.72290177791904,-39.722901777919));
#7559=CARTESIAN_POINT('Ctrl Pts',(6.90418117325347,-9.,-40.));
#7560=CARTESIAN_POINT('Origin',(7.90418117325347,-9.,-40.));
#7561=CARTESIAN_POINT('Origin',(7.90418117325347,-8.,-40.));
#7562=CARTESIAN_POINT('Origin',(57.9475,-8.,-29.));
#7563=CARTESIAN_POINT('',(63.3953600752035,-8.,-25.099999461323));
#7564=CARTESIAN_POINT('',(63.3953600752035,-8.,-29.));
#7565=CARTESIAN_POINT('',(60.6488916069035,-8.,-25.099999461323));
#7566=CARTESIAN_POINT('',(58.7981958034517,-8.,-25.099999461323));
#7567=CARTESIAN_POINT('',(58.6488916069035,-8.,-23.099999461323));
#7568=CARTESIAN_POINT('Origin',(60.6488916069035,-8.,-23.099999461323));
#7569=CARTESIAN_POINT('',(58.6488916069035,-8.,-1.));
#7570=CARTESIAN_POINT('',(58.6488916069035,-8.,-14.5));
#7571=CARTESIAN_POINT('',(-0.999999999999996,-8.,-1.));
#7572=CARTESIAN_POINT('',(87.92125,-8.,-1.));
#7573=CARTESIAN_POINT('',(-1.,-8.,-38.));
#7574=CARTESIAN_POINT('',(-1.,-8.,-14.5));
#7575=CARTESIAN_POINT('',(1.37518396579596,-8.,-38.));
#7576=CARTESIAN_POINT('',(87.92125,-8.,-38.));
#7577=CARTESIAN_POINT('',(2.37518396579597,-8.,-38.2679491924311));
#7578=CARTESIAN_POINT('Origin',(1.37518396579597,-8.,-40.));
#7579=CARTESIAN_POINT('',(2.37518396579597,-8.,-24.7665034168483));
#7580=CARTESIAN_POINT('',(2.37518396579597,-8.,-26.8832517084242));
#7581=CARTESIAN_POINT('',(6.90418117325347,-8.,-24.7665034168483));
#7582=CARTESIAN_POINT('',(32.4258405866267,-8.,-24.7665034168483));
#7583=CARTESIAN_POINT('',(6.90418117325347,-8.,-35.3185389296563));
#7584=CARTESIAN_POINT('',(15.5476010486243,-8.,-32.8743453646318));
#7585=CARTESIAN_POINT('',(8.51615058722179,-8.,-32.8743453646318));
#7586=CARTESIAN_POINT('',(33.2318252936109,-8.,-32.8743453646318));
#7587=CARTESIAN_POINT('',(8.51615058722179,-8.,-23.0901466460213));
#7588=CARTESIAN_POINT('',(8.51615058722179,-8.,-26.0450733230106));
#7589=CARTESIAN_POINT('',(15.5476010486243,-8.,-23.0901466460213));
#7590=CARTESIAN_POINT('',(36.7475505243122,-8.,-23.0901466460213));
#7591=CARTESIAN_POINT('',(15.5476010486243,-8.,-30.9371726823159));
#7592=CARTESIAN_POINT('',(27.55,-8.,-32.983004836));
#7593=CARTESIAN_POINT('Origin',(30.8,-8.,-32.983004836));
#7594=CARTESIAN_POINT('',(19.5,-8.,-9.));
#7595=CARTESIAN_POINT('Origin',(22.5,-8.,-9.));
#7596=CARTESIAN_POINT('',(51.,-8.,-9.5));
#7597=CARTESIAN_POINT('Origin',(54.,-8.,-9.5));
#7598=CARTESIAN_POINT('',(46.3948916069035,-8.,-16.1249999403954));
#7599=CARTESIAN_POINT('',(46.3948916069035,-8.,-18.125));
#7600=CARTESIAN_POINT('',(46.3948916069035,-8.,-22.5624999701977));
#7601=CARTESIAN_POINT('',(45.3948916069035,-8.,-19.125));
#7602=CARTESIAN_POINT('Origin',(45.3948916069035,-8.,-18.125));
#7603=CARTESIAN_POINT('',(31.3948916069035,-8.,-19.125));
#7604=CARTESIAN_POINT('',(51.6711958034517,-8.,-19.125));
#7605=CARTESIAN_POINT('',(30.3948916069035,-8.,-18.125));
#7606=CARTESIAN_POINT('Origin',(31.3948916069035,-8.,-18.125));
#7607=CARTESIAN_POINT('',(30.3948916069035,-8.,-16.1249999403954));
#7608=CARTESIAN_POINT('',(30.3948916069034,-8.,-23.5624999999999));
#7609=CARTESIAN_POINT('',(31.3948916069035,-8.,-15.1249999403954));
#7610=CARTESIAN_POINT('Origin',(31.3948916069035,-8.,-16.1249999403954));
#7611=CARTESIAN_POINT('',(45.3948916069035,-8.,-15.1249999403954));
#7612=CARTESIAN_POINT('',(44.6711958034517,-8.,-15.1249999403954));
#7613=CARTESIAN_POINT('Origin',(45.3948916069035,-8.,-16.1249999403954));
#7614=CARTESIAN_POINT('',(24.8948916069035,-8.,-24.9));
#7615=CARTESIAN_POINT('',(47.4961894066763,-8.,-24.9));
#7616=CARTESIAN_POINT('',(41.4211958034518,-8.,-24.9));
#7617=CARTESIAN_POINT('',(47.4961894066763,-8.,-23.5187180809789));
#7618=CARTESIAN_POINT('',(47.4961894066763,-8.,-26.2593590404895));
#7619=CARTESIAN_POINT('',(54.5276398680788,-8.,-23.5187180809789));
#7620=CARTESIAN_POINT('',(56.2375699340394,-8.,-23.5187180809789));
#7621=CARTESIAN_POINT('',(54.5276398680788,-8.,-33.3029167995894));
#7622=CARTESIAN_POINT('',(54.5276398680788,-8.,-31.1514583997947));
#7623=CARTESIAN_POINT('',(48.2842164948488,-8.,-33.3029167995894));
#7624=CARTESIAN_POINT('',(52.7218447033381,-8.,-33.3029167995894));
#7625=CARTESIAN_POINT('',(47.4961894066763,-8.,-30.8432250840945));
#7626=CARTESIAN_POINT('Origin',(45.05,-8.,-32.983004836));
#7627=CARTESIAN_POINT('',(47.4961894066763,-8.,-28.4));
#7628=CARTESIAN_POINT('',(47.4961894066763,-8.,-26.2593590404895));
#7629=CARTESIAN_POINT('',(24.8948916069035,-8.,-28.4));
#7630=CARTESIAN_POINT('',(52.7218447033381,-8.,-28.4));
#7631=CARTESIAN_POINT('',(24.3948916069035,-8.,-27.9));
#7632=CARTESIAN_POINT('Origin',(24.8948916069035,-8.,-27.9));
#7633=CARTESIAN_POINT('',(24.3948916069035,-8.,-25.4));
#7634=CARTESIAN_POINT('',(24.3948916069035,-8.,-28.4500000000001));
#7635=CARTESIAN_POINT('Origin',(24.8948916069035,-8.,-25.4));
#7636=CARTESIAN_POINT('Origin',(65.395,-21.5,-16.));
#7637=CARTESIAN_POINT('',(65.395,-21.5,-15.));
#7638=CARTESIAN_POINT('',(65.395,-22.5,-16.));
#7639=CARTESIAN_POINT('Origin',(65.395,-21.5,-16.));
#7640=CARTESIAN_POINT('',(64.395,-21.5,-16.));
#7641=CARTESIAN_POINT('Origin',(65.395,-21.5,-16.));
#7642=CARTESIAN_POINT('Origin',(65.395,-21.5,-16.));
#7643=CARTESIAN_POINT('Origin',(65.395,-19.5,-16.));
#7644=CARTESIAN_POINT('',(64.3953600752035,-19.5,-15.9731667975671));
#7645=CARTESIAN_POINT('',(64.395,-19.5,-16.));
#7646=CARTESIAN_POINT('Origin',(65.395,-19.5,-16.));
#7647=CARTESIAN_POINT('',(64.395,-19.5,-16.));
#7648=CARTESIAN_POINT('',(65.395,-19.4999999351729,-15.));
#7649=CARTESIAN_POINT('',(65.395,-19.5,-15.));
#7650=CARTESIAN_POINT('',(64.3953600752035,-18.5,-15.9731667975671));
#7651=CARTESIAN_POINT('Ctrl Pts',(64.3953600752035,-18.5,-15.9731667975671));
#7652=CARTESIAN_POINT('Ctrl Pts',(64.3953600752035,-18.5062722315278,-15.9731667975671));
#7653=CARTESIAN_POINT('Ctrl Pts',(64.3954100970228,-18.5108932080654,-15.9713152543166));
#7654=CARTESIAN_POINT('Ctrl Pts',(64.3955353567328,-18.5191287468612,-15.967190517806));
#7655=CARTESIAN_POINT('Ctrl Pts',(64.3956127131242,-18.5227419899204,-15.9649147557164));
#7656=CARTESIAN_POINT('Ctrl Pts',(64.3958854494896,-18.5331470510921,-15.9576502697239));
#7657=CARTESIAN_POINT('Ctrl Pts',(64.396114314244,-18.5393378815423,-15.9524971988676));
#7658=CARTESIAN_POINT('Ctrl Pts',(64.3969732980314,-18.5581469764663,-15.9362797212461));
#7659=CARTESIAN_POINT('Ctrl Pts',(64.3977564594113,-18.5703871570722,-15.9248591680833));
#7660=CARTESIAN_POINT('Ctrl Pts',(64.4009241949963,-18.6082932553502,-15.8885708369818));
#7661=CARTESIAN_POINT('Ctrl Pts',(64.4041530377277,-18.6353218012067,-15.8621419186425));
#7662=CARTESIAN_POINT('Ctrl Pts',(64.4180376378494,-18.719213292736,-15.7793765842012));
#7663=CARTESIAN_POINT('Ctrl Pts',(64.4335900661327,-18.7819528620042,-15.7168659706146));
#7664=CARTESIAN_POINT('Ctrl Pts',(64.5029963075139,-18.9708337934458,-15.528593579541));
#7665=CARTESIAN_POINT('Ctrl Pts',(64.5844641348299,-19.1080421926441,-15.3914992675529));
#7666=CARTESIAN_POINT('Ctrl Pts',(64.7843739344542,-19.2994770521666,-15.2002553286844));
#7667=CARTESIAN_POINT('Ctrl Pts',(64.890045544919,-19.3729888230957,-15.1268060836069));
#7668=CARTESIAN_POINT('Ctrl Pts',(65.0730718902387,-19.448943327725,-15.0509351998734));
#7669=CARTESIAN_POINT('Ctrl Pts',(65.1381237667408,-19.4687503884972,-15.0311544040296));
#7670=CARTESIAN_POINT('Ctrl Pts',(65.2674683351416,-19.4938238201856,-15.0061302051892));
#7671=CARTESIAN_POINT('Ctrl Pts',(65.3315278518857,-19.4999770804248,-15.));
#7672=CARTESIAN_POINT('Ctrl Pts',(65.395,-19.4999999351729,-15.));
#7673=CARTESIAN_POINT('',(64.3953600752035,-19.5,-15.9731667975671));
#7674=CARTESIAN_POINT('Origin',(116.895,-21.5,-16.));
#7675=CARTESIAN_POINT('',(117.895,-21.5,-16.));
#7676=CARTESIAN_POINT('',(116.895,-22.5,-16.));
#7677=CARTESIAN_POINT('Origin',(116.895,-21.5,-16.));
#7678=CARTESIAN_POINT('',(116.895,-21.5,-15.));
#7679=CARTESIAN_POINT('Origin',(116.895,-21.5,-16.));
#7680=CARTESIAN_POINT('Origin',(116.895,-21.5,-16.));
#7681=CARTESIAN_POINT('Origin',(116.895,-15.5,-16.));
#7682=CARTESIAN_POINT('',(117.895,-18.5,-16.));
#7683=CARTESIAN_POINT('',(116.895,-19.5,-15.));
#7684=CARTESIAN_POINT('Origin',(116.895,-18.5,-16.));
#7685=CARTESIAN_POINT('',(116.895,-15.5,-15.));
#7686=CARTESIAN_POINT('',(117.895,-15.5,-16.));
#7687=CARTESIAN_POINT('Origin',(77.77,-21.5,-16.));
#7688=CARTESIAN_POINT('',(77.77,-22.5,-16.));
#7689=CARTESIAN_POINT('',(77.77,-21.5,-15.));
#7690=CARTESIAN_POINT('Origin',(65.395,-21.5,-38.));
#7691=CARTESIAN_POINT('',(63.395,-21.5,-39.));
#7692=CARTESIAN_POINT('',(65.395,-23.5,-39.));
#7693=CARTESIAN_POINT('Origin',(65.395,-21.5,-39.));
#7694=CARTESIAN_POINT('',(65.395,-22.5,-38.));
#7695=CARTESIAN_POINT('Origin',(65.395,-23.5,-38.));
#7696=CARTESIAN_POINT('',(64.395,-21.5,-38.));
#7697=CARTESIAN_POINT('Origin',(65.395,-21.5,-38.));
#7698=CARTESIAN_POINT('Origin',(63.395,-21.5,-38.));
#7699=CARTESIAN_POINT('Origin',(116.895,-23.5,-38.));
#7700=CARTESIAN_POINT('',(116.895,-23.5,-39.));
#7701=CARTESIAN_POINT('',(116.895,-22.5,-38.));
#7702=CARTESIAN_POINT('Origin',(116.895,-23.5,-38.));
#7703=CARTESIAN_POINT('',(117.895,-23.5,-40.));
#7704=CARTESIAN_POINT('Origin',(116.895,-23.5,-40.));
#7705=CARTESIAN_POINT('',(117.895,-21.5,-38.));
#7706=CARTESIAN_POINT('Origin',(117.895,-23.5,-38.));
#7707=CARTESIAN_POINT('Origin',(116.895,-21.5,-38.));
#7708=CARTESIAN_POINT('Origin',(116.895,-40.5,-16.));
#7709=CARTESIAN_POINT('',(116.895,-39.5,-16.));
#7710=CARTESIAN_POINT('',(117.895,-40.5,-16.));
#7711=CARTESIAN_POINT('Origin',(116.895,-40.5,-16.));
#7712=CARTESIAN_POINT('',(116.895,-40.5,-15.));
#7713=CARTESIAN_POINT('Origin',(116.895,-40.5,-16.));
#7714=CARTESIAN_POINT('Origin',(116.895,-40.5,-16.));
#7715=CARTESIAN_POINT('Origin',(116.895,-43.5,-14.));
#7716=CARTESIAN_POINT('',(117.895,-43.5,-14.));
#7717=CARTESIAN_POINT('',(116.895,-43.5,-13.));
#7718=CARTESIAN_POINT('Origin',(116.895,-43.5,-14.));
#7719=CARTESIAN_POINT('',(116.895,-42.5,-14.));
#7720=CARTESIAN_POINT('Origin',(116.895,-43.5,-14.));
#7721=CARTESIAN_POINT('Origin',(116.895,-43.5,-14.));
#7722=CARTESIAN_POINT('Origin',(116.895,-43.5,-48.5));
#7723=CARTESIAN_POINT('',(116.895,-42.5,-15.));
#7724=CARTESIAN_POINT('',(116.895,-42.5,-48.5));
#7725=CARTESIAN_POINT('',(117.895,-43.5,-16.));
#7726=CARTESIAN_POINT('',(117.895,-43.5,-48.5));
#7727=CARTESIAN_POINT('Origin',(116.895,-43.5,-16.));
#7728=CARTESIAN_POINT('Origin',(65.395,-43.5,-14.));
#7729=CARTESIAN_POINT('',(65.395,-42.5,-14.));
#7730=CARTESIAN_POINT('',(65.395,-43.5,-13.));
#7731=CARTESIAN_POINT('Origin',(65.395,-43.5,-14.));
#7732=CARTESIAN_POINT('',(64.395,-43.5,-14.));
#7733=CARTESIAN_POINT('Origin',(65.395,-43.5,-14.));
#7734=CARTESIAN_POINT('Origin',(65.395,-43.5,-14.));
#7735=CARTESIAN_POINT('Origin',(65.395,-43.5,-39.));
#7736=CARTESIAN_POINT('',(64.395,-43.5,-16.));
#7737=CARTESIAN_POINT('',(64.395,-43.5,-39.));
#7738=CARTESIAN_POINT('',(65.395,-42.5,-15.));
#7739=CARTESIAN_POINT('',(65.395,-42.5,-39.));
#7740=CARTESIAN_POINT('Origin',(65.395,-43.5,-16.));
#7741=CARTESIAN_POINT('Origin',(65.395,-40.5,-16.));
#7742=CARTESIAN_POINT('',(65.395,-40.5,-15.));
#7743=CARTESIAN_POINT('',(64.395,-40.5,-16.));
#7744=CARTESIAN_POINT('Origin',(65.395,-40.5,-16.));
#7745=CARTESIAN_POINT('',(65.395,-39.5,-16.));
#7746=CARTESIAN_POINT('Origin',(65.395,-40.5,-16.));
#7747=CARTESIAN_POINT('Origin',(65.395,-40.5,-16.));
#7748=CARTESIAN_POINT('Origin',(104.52,-40.5,-16.));
#7749=CARTESIAN_POINT('',(104.52,-39.5,-16.));
#7750=CARTESIAN_POINT('',(104.52,-40.5,-15.));
#7751=CARTESIAN_POINT('Origin',(116.895,-38.5,-38.));
#7752=CARTESIAN_POINT('',(116.895,-39.5,-38.));
#7753=CARTESIAN_POINT('',(116.895,-38.5,-39.));
#7754=CARTESIAN_POINT('Origin',(116.895,-38.5,-38.));
#7755=CARTESIAN_POINT('',(117.895,-40.5,-38.));
#7756=CARTESIAN_POINT('Origin',(116.895,-40.5,-38.));
#7757=CARTESIAN_POINT('',(117.895,-38.5,-40.));
#7758=CARTESIAN_POINT('Origin',(117.895,-38.5,-38.));
#7759=CARTESIAN_POINT('Origin',(116.895,-38.5,-40.));
#7760=CARTESIAN_POINT('Origin',(116.895,-40.5,-48.5));
#7761=CARTESIAN_POINT('',(117.895,-40.5,-48.5));
#7762=CARTESIAN_POINT('',(116.895,-39.5,-48.5));
#7763=CARTESIAN_POINT('Origin',(116.895,-4.,-40.));
#7764=CARTESIAN_POINT('',(117.895,-4.,-40.));
#7765=CARTESIAN_POINT('',(116.895,-4.,-39.));
#7766=CARTESIAN_POINT('Origin',(112.895,-49.,-14.));
#7767=CARTESIAN_POINT('',(112.895,-54.,-14.));
#7768=CARTESIAN_POINT('',(112.895,-53.,-13.));
#7769=CARTESIAN_POINT('Origin',(112.895,-53.,-14.));
#7770=CARTESIAN_POINT('',(117.895,-49.,-14.));
#7771=CARTESIAN_POINT('Origin',(112.895,-49.,-14.));
#7772=CARTESIAN_POINT('',(116.895,-49.,-13.));
#7773=CARTESIAN_POINT('Origin',(116.895,-49.,-14.));
#7774=CARTESIAN_POINT('Origin',(112.895,-49.,-13.));
#7775=CARTESIAN_POINT('Origin',(65.395,-53.,-14.));
#7776=CARTESIAN_POINT('',(64.395,-53.,-14.));
#7777=CARTESIAN_POINT('',(65.395,-53.,-13.));
#7778=CARTESIAN_POINT('Origin',(65.395,-53.,-14.));
#7779=CARTESIAN_POINT('',(65.395,-54.,-14.));
#7780=CARTESIAN_POINT('Origin',(65.395,-53.,-14.));
#7781=CARTESIAN_POINT('Origin',(65.395,-53.,-14.));
#7782=CARTESIAN_POINT('Origin',(65.395,-40.5,-38.));
#7783=CARTESIAN_POINT('',(65.395,-38.5,-39.));
#7784=CARTESIAN_POINT('',(63.395,-40.5,-39.));
#7785=CARTESIAN_POINT('Origin',(65.395,-40.5,-39.));
#7786=CARTESIAN_POINT('',(64.395,-40.5,-38.));
#7787=CARTESIAN_POINT('Origin',(63.395,-40.5,-38.));
#7788=CARTESIAN_POINT('',(65.395,-39.5,-38.));
#7789=CARTESIAN_POINT('Origin',(65.395,-40.5,-38.));
#7790=CARTESIAN_POINT('Origin',(65.395,-38.5,-38.));
#7791=CARTESIAN_POINT('Origin',(-0.999999999999996,-7.,-1.));
#7792=CARTESIAN_POINT('',(-0.999999999999996,-7.,0.));
#7793=CARTESIAN_POINT('Origin',(-0.999999999999996,-7.,-1.));
#7794=CARTESIAN_POINT('',(-2.,-7.,-1.));
#7795=CARTESIAN_POINT('Origin',(-0.999999999999996,-7.,-1.));
#7796=CARTESIAN_POINT('Origin',(-1.,-7.,-1.));
#7797=CARTESIAN_POINT('Origin',(-0.999999999999996,0.,-1.));
#7798=CARTESIAN_POINT('',(-0.999999999999996,2.5,-2.56790659251632E-33));
#7799=CARTESIAN_POINT('',(-2.,2.5,-0.999999999999996));
#7800=CARTESIAN_POINT('Origin',(-0.999999999999996,2.5,-1.));
#7801=CARTESIAN_POINT('',(-2.,0.,-1.));
#7802=CARTESIAN_POINT('',(-0.999999999999996,0.,0.));
#7803=CARTESIAN_POINT('Origin',(112.895,-49.,-57.));
#7804=CARTESIAN_POINT('',(112.895,-53.,-58.));
#7805=CARTESIAN_POINT('',(116.895,-49.,-58.));
#7806=CARTESIAN_POINT('Origin',(112.895,-49.,-58.));
#7807=CARTESIAN_POINT('',(117.895,-49.,-57.));
#7808=CARTESIAN_POINT('Origin',(116.895,-49.,-57.));
#7809=CARTESIAN_POINT('',(112.895,-54.,-57.));
#7810=CARTESIAN_POINT('Origin',(112.895,-49.,-57.));
#7811=CARTESIAN_POINT('Origin',(112.895,-53.,-57.));
#7812=CARTESIAN_POINT('Origin',(116.895,0.,-57.));
#7813=CARTESIAN_POINT('',(116.895,-17.2599715980816,-58.));
#7814=CARTESIAN_POINT('',(116.895,-13.7400284019082,-58.));
#7815=CARTESIAN_POINT('Ctrl Pts',(116.895,-17.2599715980816,-58.));
#7816=CARTESIAN_POINT('Ctrl Pts',(116.896354899014,-17.2531585016187,-58.));
#7817=CARTESIAN_POINT('Ctrl Pts',(116.897702232774,-17.2463438850705,-57.9999972464434));
#7818=CARTESIAN_POINT('Ctrl Pts',(116.946511244203,-16.9980237653539,-57.9997999597037));
#7819=CARTESIAN_POINT('Ctrl Pts',(116.984465638774,-16.7546338480183,-57.9963881131643));
#7820=CARTESIAN_POINT('Ctrl Pts',(117.034921771975,-16.3122480708507,-57.9904213776554));
#7821=CARTESIAN_POINT('Ctrl Pts',(117.050892063282,-16.1144729191805,-57.9878193732507));
#7822=CARTESIAN_POINT('Ctrl Pts',(117.066737068169,-15.7774367880028,-57.9851649838409));
#7823=CARTESIAN_POINT('Ctrl Pts',(117.070000001534,-15.6387993823789,-57.9845684331032));
#7824=CARTESIAN_POINT('Ctrl Pts',(117.070000001534,-15.3612006176112,-57.9845684331032));
#7825=CARTESIAN_POINT('Ctrl Pts',(117.066737068169,-15.2225632119876,-57.9851649838409));
#7826=CARTESIAN_POINT('Ctrl Pts',(117.050892063282,-14.885527080809,-57.9878193732507));
#7827=CARTESIAN_POINT('Ctrl Pts',(117.034921771974,-14.6877519291383,-57.9904213776554));
#7828=CARTESIAN_POINT('Ctrl Pts',(116.984465638774,-14.2453661519737,-57.9963881131643));
#7829=CARTESIAN_POINT('Ctrl Pts',(116.946511244203,-14.001976234638,-57.9997999597037));
#7830=CARTESIAN_POINT('Ctrl Pts',(116.897702232774,-13.7536561149189,-57.9999972464434));
#7831=CARTESIAN_POINT('Ctrl Pts',(116.896354899014,-13.7468414983716,-58.));
#7832=CARTESIAN_POINT('Ctrl Pts',(116.895,-13.7400284019082,-58.));
#7833=CARTESIAN_POINT('',(116.895,-1.,-58.));
#7834=CARTESIAN_POINT('',(116.895,0.,-58.));
#7835=CARTESIAN_POINT('',(117.895,0.,-57.));
#7836=CARTESIAN_POINT('Origin',(116.895,-1.,-57.));
#7837=CARTESIAN_POINT('',(117.895,0.,-57.));
#7838=CARTESIAN_POINT('',(116.895,-48.2599706481428,-58.));
#7839=CARTESIAN_POINT('',(116.895,0.,-58.));
#7840=CARTESIAN_POINT('',(116.895,-44.7400274519693,-58.));
#7841=CARTESIAN_POINT('Ctrl Pts',(116.895,-48.2599706481428,-58.));
#7842=CARTESIAN_POINT('Ctrl Pts',(116.896354899014,-48.2531575516793,-58.));
#7843=CARTESIAN_POINT('Ctrl Pts',(116.897702232774,-48.2463429351323,-57.9999972464434));
#7844=CARTESIAN_POINT('Ctrl Pts',(116.946511244204,-47.9980228154088,-57.9997999597037));
#7845=CARTESIAN_POINT('Ctrl Pts',(116.984465638775,-47.7546328980732,-57.9963881131643));
#7846=CARTESIAN_POINT('Ctrl Pts',(117.034921771975,-47.3122471209119,-57.9904213776554));
#7847=CARTESIAN_POINT('Ctrl Pts',(117.050892063282,-47.1144719692416,-57.9878193732507));
#7848=CARTESIAN_POINT('Ctrl Pts',(117.066737068169,-46.777435838064,-57.9851649838409));
#7849=CARTESIAN_POINT('Ctrl Pts',(117.070000001534,-46.63879843244,-57.9845684331032));
#7850=CARTESIAN_POINT('Ctrl Pts',(117.070000001534,-46.3611996676724,-57.9845684331032));
#7851=CARTESIAN_POINT('Ctrl Pts',(117.066737068169,-46.2225622620487,-57.9851649838409));
#7852=CARTESIAN_POINT('Ctrl Pts',(117.050892063282,-45.8855261308701,-57.9878193732507));
#7853=CARTESIAN_POINT('Ctrl Pts',(117.034921771974,-45.6877509791995,-57.9904213776554));
#7854=CARTESIAN_POINT('Ctrl Pts',(116.984465638775,-45.2453652020392,-57.9963881131643));
#7855=CARTESIAN_POINT('Ctrl Pts',(116.946511244204,-45.0019752847035,-57.9997999597037));
#7856=CARTESIAN_POINT('Ctrl Pts',(116.897702232774,-44.7536551649795,-57.9999972464434));
#7857=CARTESIAN_POINT('Ctrl Pts',(116.896354899014,-44.7468405484332,-58.));
#7858=CARTESIAN_POINT('Ctrl Pts',(116.895,-44.7400274519693,-58.));
#7859=CARTESIAN_POINT('',(116.895,0.,-58.));
#7860=CARTESIAN_POINT('Origin',(112.895,-49.,-53.25));
#7861=CARTESIAN_POINT('',(112.895,-54.,-53.25));
#7862=CARTESIAN_POINT('',(117.895,-49.,-53.25));
#7863=CARTESIAN_POINT('Origin',(63.395,-53.,-38.));
#7864=CARTESIAN_POINT('',(63.395,-53.,-39.));
#7865=CARTESIAN_POINT('',(64.395,-53.,-38.));
#7866=CARTESIAN_POINT('Origin',(63.395,-53.,-38.));
#7867=CARTESIAN_POINT('',(63.395,-54.,-40.));
#7868=CARTESIAN_POINT('Origin',(63.395,-53.,-40.));
#7869=CARTESIAN_POINT('',(65.395,-54.,-38.));
#7870=CARTESIAN_POINT('Origin',(63.395,-54.,-38.));
#7871=CARTESIAN_POINT('Origin',(65.395,-53.,-38.));
#7872=CARTESIAN_POINT('Origin',(-0.999999999999996,-9.,-38.));
#7873=CARTESIAN_POINT('',(-0.999999999999996,-9.,-39.));
#7874=CARTESIAN_POINT('Origin',(-0.999999999999996,-9.,-38.));
#7875=CARTESIAN_POINT('',(-2.,-7.,-38.));
#7876=CARTESIAN_POINT('Origin',(-1.,-7.,-38.));
#7877=CARTESIAN_POINT('',(-2.,-9.,-40.));
#7878=CARTESIAN_POINT('Origin',(-2.,-9.,-38.));
#7879=CARTESIAN_POINT('Origin',(-0.999999999999996,-9.,-40.));
#7880=CARTESIAN_POINT('Origin',(-1.,-7.,-14.5));
#7881=CARTESIAN_POINT('',(-2.,-7.,-14.5));
#7882=CARTESIAN_POINT('Origin',(3.,-49.,-57.));
#7883=CARTESIAN_POINT('',(-2.,-49.,-57.));
#7884=CARTESIAN_POINT('',(3.,-54.,-57.));
#7885=CARTESIAN_POINT('Origin',(3.,-49.,-57.));
#7886=CARTESIAN_POINT('',(-1.,-49.,-58.));
#7887=CARTESIAN_POINT('Origin',(-1.,-49.,-57.));
#7888=CARTESIAN_POINT('',(3.,-53.,-58.));
#7889=CARTESIAN_POINT('Origin',(3.,-49.,-58.));
#7890=CARTESIAN_POINT('Origin',(3.,-53.,-57.));
#7891=CARTESIAN_POINT('Origin',(-1.,0.,-57.));
#7892=CARTESIAN_POINT('',(-2.,2.5,-57.));
#7893=CARTESIAN_POINT('',(-1.,1.5,-58.));
#7894=CARTESIAN_POINT('Origin',(-1.,1.5,-57.));
#7895=CARTESIAN_POINT('',(-1.,0.,-58.));
#7896=CARTESIAN_POINT('',(-2.,0.,-57.));
#7897=CARTESIAN_POINT('Origin',(27.97375,-53.,-57.));
#7898=CARTESIAN_POINT('',(27.97375,-54.,-57.));
#7899=CARTESIAN_POINT('',(27.97375,-53.,-58.));
#7900=CARTESIAN_POINT('Origin',(2.99999999999999,-49.,-40.));
#7901=CARTESIAN_POINT('',(2.99999999999999,-53.,-39.));
#7902=CARTESIAN_POINT('',(-0.999999999999997,-49.,-39.));
#7903=CARTESIAN_POINT('Origin',(2.99999999999999,-49.,-39.));
#7904=CARTESIAN_POINT('',(-2.,-49.,-40.));
#7905=CARTESIAN_POINT('Origin',(-0.999999999999996,-49.,-40.));
#7906=CARTESIAN_POINT('',(2.99999999999999,-54.,-40.));
#7907=CARTESIAN_POINT('Origin',(3.,-49.,-40.));
#7908=CARTESIAN_POINT('Origin',(2.99999999999999,-53.,-40.));
#7909=CARTESIAN_POINT('Origin',(-0.999999999999996,-4.,-40.));
#7910=CARTESIAN_POINT('',(-0.999999999999997,-4.,-39.));
#7911=CARTESIAN_POINT('',(-2.,-4.,-40.));
#7912=CARTESIAN_POINT('Origin',(3.,-49.,-24.25));
#7913=CARTESIAN_POINT('',(3.,-54.,-24.25));
#7914=CARTESIAN_POINT('',(-2.,-49.,-24.25));
#7915=CARTESIAN_POINT('Origin',(87.92125,-53.,-40.));
#7916=CARTESIAN_POINT('',(87.92125,-54.,-40.));
#7917=CARTESIAN_POINT('',(87.92125,-53.,-39.));
#7918=CARTESIAN_POINT('Origin',(87.92125,-9.,-38.));
#7919=CARTESIAN_POINT('',(1.37518396579597,-9.,-39.));
#7920=CARTESIAN_POINT('Origin',(1.37518396579596,-9.,-38.));
#7921=CARTESIAN_POINT('',(87.92125,-9.,-39.));
#7922=CARTESIAN_POINT('Origin',(1.37518396579597,-9.,-40.));
#7923=CARTESIAN_POINT('',(2.37518396579597,-9.,-40.));
#7924=CARTESIAN_POINT('Ctrl Pts',(2.37518396579597,-9.,-40.));
#7925=CARTESIAN_POINT('Ctrl Pts',(2.37518396579597,-8.72290177791904,-39.7229017779191));
#7926=CARTESIAN_POINT('Ctrl Pts',(2.37518396579597,-8.39608728381128,-39.384776727796));
#7927=CARTESIAN_POINT('Ctrl Pts',(2.37518396579597,-8.08957199989777,-38.8152695268491));
#7928=CARTESIAN_POINT('Ctrl Pts',(2.37518396579597,-8.,-38.5228266143067));
#7929=CARTESIAN_POINT('Ctrl Pts',(2.37518396579597,-8.,-38.2679491924311));
#7930=CARTESIAN_POINT('Origin',(1.37518396579597,-9.,-40.));
#7931=CARTESIAN_POINT('Origin',(65.395,-53.,-43.75));
#7932=CARTESIAN_POINT('',(64.395,-53.,-43.75));
#7933=CARTESIAN_POINT('',(65.395,-54.,-43.75));
#7934=CARTESIAN_POINT('Origin',(63.395,-25.25,-38.));
#7935=CARTESIAN_POINT('',(63.395,-25.25,-39.));
#7936=CARTESIAN_POINT('',(64.395,-25.25,-38.));
#7937=CARTESIAN_POINT('Origin',(58.6488916069035,-7.,-1.));
#7938=CARTESIAN_POINT('',(58.6488916069035,-7.,0.));
#7939=CARTESIAN_POINT('Origin',(58.6488916069035,-7.,-1.));
#7940=CARTESIAN_POINT('',(59.6488916069035,-7.,-1.));
#7941=CARTESIAN_POINT('Origin',(58.6488916069035,-7.,-1.));
#7942=CARTESIAN_POINT('Origin',(58.6488916069035,-7.,-1.));
#7943=CARTESIAN_POINT('Origin',(87.92125,-7.,-1.));
#7944=CARTESIAN_POINT('',(87.92125,-7.,0.));
#7945=CARTESIAN_POINT('Origin',(65.395,-40.5,-39.));
#7946=CARTESIAN_POINT('',(65.395,-39.5,-39.));
#7947=CARTESIAN_POINT('',(64.395,-40.5,-39.));
#7948=CARTESIAN_POINT('Origin',(117.895,-38.5,-38.));
#7949=CARTESIAN_POINT('',(117.895,-38.5,-39.));
#7950=CARTESIAN_POINT('',(117.895,-39.5,-38.));
#7951=CARTESIAN_POINT('Origin',(74.54625,-53.,-14.));
#7952=CARTESIAN_POINT('',(74.54625,-53.,-13.));
#7953=CARTESIAN_POINT('',(74.54625,-54.,-14.));
#7954=CARTESIAN_POINT('Origin',(65.395,-45.375,-14.));
#7955=CARTESIAN_POINT('',(65.395,-45.375,-13.));
#7956=CARTESIAN_POINT('',(64.395,-45.375,-14.));
#7957=CARTESIAN_POINT('Origin',(116.895,-24.125,-14.));
#7958=CARTESIAN_POINT('',(116.895,-24.125,-13.));
#7959=CARTESIAN_POINT('',(117.895,-24.125,-14.));
#7960=CARTESIAN_POINT('Origin',(65.395,-36.75,-16.));
#7961=CARTESIAN_POINT('',(65.395,-36.75,-15.));
#7962=CARTESIAN_POINT('',(64.395,-36.75,-16.));
#7963=CARTESIAN_POINT('Origin',(104.52,-43.5,-14.));
#7964=CARTESIAN_POINT('',(104.52,-43.5,-13.));
#7965=CARTESIAN_POINT('',(104.52,-42.5,-14.));
#7966=CARTESIAN_POINT('Origin',(116.895,-15.5,-16.));
#7967=CARTESIAN_POINT('',(117.895,-15.5,-16.));
#7968=CARTESIAN_POINT('',(116.895,-15.5,-15.));
#7969=CARTESIAN_POINT('Origin',(116.895,-21.5,-48.5));
#7970=CARTESIAN_POINT('',(116.895,-22.5,-48.5));
#7971=CARTESIAN_POINT('',(117.895,-21.5,-48.5));
#7972=CARTESIAN_POINT('Origin',(91.145,-23.5,-38.));
#7973=CARTESIAN_POINT('',(91.145,-23.5,-39.));
#7974=CARTESIAN_POINT('',(91.145,-22.5,-38.));
#7975=CARTESIAN_POINT('Origin',(65.395,-21.5,-39.));
#7976=CARTESIAN_POINT('',(64.395,-21.5,-39.));
#7977=CARTESIAN_POINT('',(65.395,-22.5,-39.));
#7978=CARTESIAN_POINT('Origin',(63.395,-8.,-38.));
#7979=CARTESIAN_POINT('',(63.395,-8.,-39.));
#7980=CARTESIAN_POINT('',(64.395,-8.97316679756674,-38.));
#7981=CARTESIAN_POINT('',(64.395,-8.,-38.));
#7982=CARTESIAN_POINT('Ctrl Pts',(64.1022867958686,-8.29271320413172,-38.7069267206648));
#7983=CARTESIAN_POINT('Ctrl Pts',(64.1042934442411,-8.29471883093227,-38.7049190502001));
#7984=CARTESIAN_POINT('Ctrl Pts',(64.1062848903126,-8.29672633430133,-38.7029094925506));
#7985=CARTESIAN_POINT('Ctrl Pts',(64.2185681872791,-8.41087279672377,-38.5886457018241));
#7986=CARTESIAN_POINT('Ctrl Pts',(64.294635045207,-8.54401541602757,-38.4553863765754));
#7987=CARTESIAN_POINT('Ctrl Pts',(64.3593159083715,-8.72624142668582,-38.2725333997772));
#7988=CARTESIAN_POINT('Ctrl Pts',(64.3738064802049,-8.78657392631192,-38.211964271078));
#7989=CARTESIAN_POINT('Ctrl Pts',(64.3867647206931,-8.86641910068317,-38.1309597812105));
#7990=CARTESIAN_POINT('Ctrl Pts',(64.3897784089743,-8.89187643057746,-38.1049051693637));
#7991=CARTESIAN_POINT('Ctrl Pts',(64.3927450164905,-8.92682739044658,-38.0682693320278));
#7992=CARTESIAN_POINT('Ctrl Pts',(64.3934794374834,-8.9378197664998,-38.0564502170283));
#7993=CARTESIAN_POINT('Ctrl Pts',(64.3942880040119,-8.95341695073782,-38.0382178318234));
#7994=CARTESIAN_POINT('Ctrl Pts',(64.3945040306087,-8.95837267072525,-38.0322080948736));
#7995=CARTESIAN_POINT('Ctrl Pts',(64.3947617719702,-8.96533462828667,-38.0220849808502));
#7996=CARTESIAN_POINT('Ctrl Pts',(64.3948350150368,-8.96751604027339,-38.0185653432077));
#7997=CARTESIAN_POINT('Ctrl Pts',(64.3949531952156,-8.97143150320626,-38.0105419683877));
#7998=CARTESIAN_POINT('Ctrl Pts',(64.395,-8.97316679756674,-38.0060388656843));
#7999=CARTESIAN_POINT('Ctrl Pts',(64.395,-8.97316679756674,-38.));
#8000=CARTESIAN_POINT('Origin',(91.145,-31.,-15.));
#8001=CARTESIAN_POINT('',(104.52,-42.5,-15.));
#8002=CARTESIAN_POINT('Origin',(-0.606899721031818,1.5,-57.));
#8003=CARTESIAN_POINT('',(3.57240111587271,2.5,-57.));
#8004=CARTESIAN_POINT('',(-0.606899721031818,2.5,-57.));
#8005=CARTESIAN_POINT('',(2.57240111587271,1.5,-58.));
#8006=CARTESIAN_POINT('Origin',(2.57240111587271,1.5,-57.));
#8007=CARTESIAN_POINT('',(-0.606899721031818,1.5,-58.));
#8008=CARTESIAN_POINT('Origin',(-2.,0.,0.));
#8009=CARTESIAN_POINT('',(-2.,2.5,-58.0000008642673));
#8010=CARTESIAN_POINT('Origin',(0.786200557936357,2.5,-29.));
#8011=CARTESIAN_POINT('',(-0.5,2.5,0.));
#8012=CARTESIAN_POINT('',(-2.,2.5,0.));
#8013=CARTESIAN_POINT('',(-0.500000008419653,2.5,-10.1706006896735));
#8014=CARTESIAN_POINT('',(-0.5,2.5,-3.85185988877447E-33));
#8015=CARTESIAN_POINT('',(2.74588342360387,2.5,-10.1706006896735));
#8016=CARTESIAN_POINT('',(2.74588342360387,2.5,-10.1706006896735));
#8017=CARTESIAN_POINT('',(2.74588342360387,2.5,-14.5000002160668));
#8018=CARTESIAN_POINT('',(2.74588342360387,2.5,-14.5000002160668));
#8019=CARTESIAN_POINT('',(-0.500000012003713,2.5,-14.5000002160668));
#8020=CARTESIAN_POINT('',(-0.500000012003713,2.5,-14.5000002160668));
#8021=CARTESIAN_POINT('',(-0.500000010386168,2.5,-23.9439935264681));
#8022=CARTESIAN_POINT('',(-0.500000012003713,2.5,-14.5000002160668));
#8023=CARTESIAN_POINT('',(3.57240111587271,2.5,-23.9439935264681));
#8024=CARTESIAN_POINT('',(3.57240111587271,2.5,-23.9439935264681));
#8025=CARTESIAN_POINT('',(3.57240111587271,2.5,-58.));
#8026=CARTESIAN_POINT('Origin',(117.895,0.,3.46667389989702E-32));
#8027=CARTESIAN_POINT('',(58.6488916069035,0.,1.75361716161088E-32));
#8028=CARTESIAN_POINT('',(58.6488916069035,0.,0.));
#8029=CARTESIAN_POINT('',(-0.5,0.,-3.85185988877447E-33));
#8030=CARTESIAN_POINT('',(-2.,0.,0.));
#8031=CARTESIAN_POINT('',(-0.5,0.,-3.85185988877447E-33));
#8032=CARTESIAN_POINT('Origin',(58.6488916069035,0.,-1.));
#8033=CARTESIAN_POINT('',(59.6488916069035,0.,-1.));
#8034=CARTESIAN_POINT('',(59.6488916069035,0.,-1.));
#8035=CARTESIAN_POINT('Origin',(58.6488916069035,0.,-1.));
#8036=CARTESIAN_POINT('Origin',(58.6488916069035,-7.,-14.5));
#8037=CARTESIAN_POINT('',(59.6488916069035,-7.,-23.099999461323));
#8038=CARTESIAN_POINT('Origin',(58.6488916069035,-7.,-23.099999461323));
#8039=CARTESIAN_POINT('',(59.6488916069035,-7.,-14.5));
#8040=CARTESIAN_POINT('Origin',(1.37518396579597,-4.,-40.));
#8041=CARTESIAN_POINT('',(1.37518396579597,-23.6,-39.));
#8042=CARTESIAN_POINT('',(1.37518396579597,-4.,-39.));
#8043=CARTESIAN_POINT('',(2.37518396579597,-22.6,-40.));
#8044=CARTESIAN_POINT('Origin',(1.37518396579597,-23.6,-40.));
#8045=CARTESIAN_POINT('',(2.37518396579597,-4.,-40.));
#8046=CARTESIAN_POINT('Origin',(117.895,-8.,-39.));
#8047=CARTESIAN_POINT('',(7.90418117325347,-22.1138502181797,-39.));
#8048=CARTESIAN_POINT('',(7.90418117325347,-4.,-39.));
#8049=CARTESIAN_POINT('',(8.4,-22.1138502181797,-39.));
#8050=CARTESIAN_POINT('',(63.6475,-22.1138502181797,-39.));
#8051=CARTESIAN_POINT('',(10.4,-24.1138502181797,-39.));
#8052=CARTESIAN_POINT('Origin',(8.4,-24.1138502181797,-39.));
#8053=CARTESIAN_POINT('',(10.4,-24.3638502181797,-39.));
#8054=CARTESIAN_POINT('',(10.4,-16.6819251090898,-39.));
#8055=CARTESIAN_POINT('',(11.55,-24.3638502181797,-39.));
#8056=CARTESIAN_POINT('',(65.2225,-24.3638502181797,-39.));
#8057=CARTESIAN_POINT('',(13.55,-26.3638502181797,-39.));
#8058=CARTESIAN_POINT('Origin',(11.55,-26.3638502181797,-39.));
#8059=CARTESIAN_POINT('',(13.55,-34.5638502181797,-39.));
#8060=CARTESIAN_POINT('',(13.55,-21.7819251090898,-39.));
#8061=CARTESIAN_POINT('',(11.55,-36.5638502181797,-39.));
#8062=CARTESIAN_POINT('Origin',(11.55,-34.5638502181797,-39.));
#8063=CARTESIAN_POINT('',(10.4,-36.5638502181797,-39.));
#8064=CARTESIAN_POINT('',(63.6475,-36.5638502181797,-39.));
#8065=CARTESIAN_POINT('',(10.4,-36.8138502181797,-39.));
#8066=CARTESIAN_POINT('',(10.4,-22.9069251090898,-39.));
#8067=CARTESIAN_POINT('',(8.4,-38.8138502181797,-39.));
#8068=CARTESIAN_POINT('Origin',(8.4,-36.8138502181797,-39.));
#8069=CARTESIAN_POINT('',(4.6,-38.8138502181797,-39.));
#8070=CARTESIAN_POINT('',(60.7475,-38.8138502181797,-39.));
#8071=CARTESIAN_POINT('',(2.6,-36.8138502181797,-39.));
#8072=CARTESIAN_POINT('Origin',(4.6,-36.8138502181797,-39.));
#8073=CARTESIAN_POINT('',(2.6,-24.1138502181797,-39.));
#8074=CARTESIAN_POINT('',(2.6,-15.5569251090898,-39.));
#8075=CARTESIAN_POINT('',(3.1517592611652,-23.5999999999999,-39.));
#8076=CARTESIAN_POINT('Ctrl Pts',(2.6,-24.1138502181797,-39.));
#8077=CARTESIAN_POINT('Ctrl Pts',(2.76640327700048,-23.9474469411792,-39.));
#8078=CARTESIAN_POINT('Ctrl Pts',(2.95272286123096,-23.7605315235684,-39.));
#8079=CARTESIAN_POINT('Ctrl Pts',(3.15175926116519,-23.5999999999999,-39.));
#8080=CARTESIAN_POINT('',(61.2673412847624,-23.6,-39.));
#8081=CARTESIAN_POINT('',(56.395,-30.,-39.));
#8082=CARTESIAN_POINT('Origin',(39.395,-30.,-39.));
#8083=CARTESIAN_POINT('',(103.748875387795,-37.8471452001,-39.));
#8084=CARTESIAN_POINT('',(103.748875387795,-24.1528538499459,-39.));
#8085=CARTESIAN_POINT('Origin',(103.748875387795,-30.999999525023,-39.));
#8086=CARTESIAN_POINT('',(75.4921458130721,-37.8471452001,-39.));
#8087=CARTESIAN_POINT('',(96.6935729065361,-37.8471452001,-39.));
#8088=CARTESIAN_POINT('',(75.4921456750771,-24.1528538499459,-39.));
#8089=CARTESIAN_POINT('Origin',(75.4921456750771,-30.999999525023,-39.));
#8090=CARTESIAN_POINT('',(110.821937693898,-24.1528538499459,-39.));
#8091=CARTESIAN_POINT('Origin',(64.395,-22.5,-39.));
#8092=CARTESIAN_POINT('Origin',(117.895,-39.5,-39.));
#8093=CARTESIAN_POINT('Origin',(91.145,-48.25,-13.));
#8094=CARTESIAN_POINT('',(80.6450975148695,-48.099999050051,-13.));
#8095=CARTESIAN_POINT('',(69.6450967673181,-48.099999048169,-13.));
#8096=CARTESIAN_POINT('',(69.6450967673183,-48.099999050051,-13.));
#8097=CARTESIAN_POINT('',(69.6455060933098,-44.8999991033426,-13.));
#8098=CARTESIAN_POINT('Origin',(69.645,-46.499999050051,-13.));
#8099=CARTESIAN_POINT('',(80.6449945420654,-44.8999990500603,-13.));
#8100=CARTESIAN_POINT('',(80.6449945420654,-44.899999050051,-13.));
#8101=CARTESIAN_POINT('Origin',(80.6450000015336,-46.499999050051,-13.));
#8102=CARTESIAN_POINT('',(112.644975495161,-44.8999990500511,-13.));
#8103=CARTESIAN_POINT('',(112.644903235749,-48.0999990481129,-13.));
#8104=CARTESIAN_POINT('Origin',(112.645000003067,-46.4999990500511,-13.));
#8105=CARTESIAN_POINT('',(101.644902488198,-48.0999990485653,-13.));
#8106=CARTESIAN_POINT('',(112.644903235749,-48.0999990500512,-13.));
#8107=CARTESIAN_POINT('',(101.645005461002,-44.8999990500511,-13.));
#8108=CARTESIAN_POINT('Origin',(101.645000001534,-46.4999990500511,-13.));
#8109=CARTESIAN_POINT('',(101.645005461002,-44.8999990500511,-13.));
#8110=CARTESIAN_POINT('Origin',(57.9475,-54.,-48.5));
#8111=CARTESIAN_POINT('Origin',(64.395,-42.5,-39.));
#8112=CARTESIAN_POINT('Origin',(39.395,-30.,-57.));
#8113=CARTESIAN_POINT('',(22.395,-30.,-58.));
#8114=CARTESIAN_POINT('Origin',(39.395,-30.,-58.));
#8115=CARTESIAN_POINT('',(23.395,-30.,-57.));
#8116=CARTESIAN_POINT('Origin',(22.395,-30.,-57.));
#8117=CARTESIAN_POINT('',(55.395,-30.,-57.));
#8118=CARTESIAN_POINT('Origin',(39.395,-30.,-57.));
#8119=CARTESIAN_POINT('Origin',(39.395,-30.,-57.));
#8120=CARTESIAN_POINT('Origin',(-1.99999999999999,0.,-58.));
#8121=CARTESIAN_POINT('',(2.57240111587271,-1.,-58.));
#8122=CARTESIAN_POINT('',(2.57240111587271,0.,-58.));
#8123=CARTESIAN_POINT('',(38.8148950172429,-1.,-58.));
#8124=CARTESIAN_POINT('',(27.97375,-1.,-58.));
#8125=CARTESIAN_POINT('',(38.8148950172429,-8.5,-58.));
#8126=CARTESIAN_POINT('',(38.8148950172429,0.,-58.));
#8127=CARTESIAN_POINT('',(53.0969747872871,-8.5,-58.));
#8128=CARTESIAN_POINT('',(21.9779674511325,-8.5,-58.));
#8129=CARTESIAN_POINT('',(53.0969747872871,-1.,-58.));
#8130=CARTESIAN_POINT('',(53.0969747872871,0.,-58.));
#8131=CARTESIAN_POINT('',(27.97375,-1.,-58.));
#8132=CARTESIAN_POINT('',(112.645000003067,-10.8999999999949,-58.));
#8133=CARTESIAN_POINT('Origin',(112.645000003067,-15.4999999999949,-58.));
#8134=CARTESIAN_POINT('',(101.645000001533,-10.9,-58.));
#8135=CARTESIAN_POINT('',(49.8225000007691,-10.900000000024,-58.));
#8136=CARTESIAN_POINT('',(101.645000001534,-20.1,-58.));
#8137=CARTESIAN_POINT('Origin',(101.645000001534,-15.5,-58.));
#8138=CARTESIAN_POINT('',(112.645000003067,-20.0999999999949,-58.));
#8139=CARTESIAN_POINT('',(55.3225000015385,-20.1000000000215,-58.));
#8140=CARTESIAN_POINT('Origin',(112.645000003067,-15.4999999999949,-58.));
#8141=CARTESIAN_POINT('',(112.64500000307,-41.8999990500561,-58.));
#8142=CARTESIAN_POINT('Origin',(112.645000003067,-46.4999990500561,-58.));
#8143=CARTESIAN_POINT('',(101.645000001534,-41.899999050051,-58.));
#8144=CARTESIAN_POINT('',(49.8225000007574,-41.899999050027,-58.));
#8145=CARTESIAN_POINT('',(101.645000001534,-51.099999050051,-58.));
#8146=CARTESIAN_POINT('Origin',(101.645000001534,-46.499999050051,-58.));
#8147=CARTESIAN_POINT('',(112.645000003067,-51.0999990500561,-58.));
#8148=CARTESIAN_POINT('',(55.3225000015216,-51.0999990500295,-58.));
#8149=CARTESIAN_POINT('Origin',(112.645000003067,-46.4999990500561,-58.));
#8150=CARTESIAN_POINT('',(80.6450000015336,-41.899999050051,-58.));
#8151=CARTESIAN_POINT('',(80.6450000015337,-51.099999050051,-58.));
#8152=CARTESIAN_POINT('Origin',(80.6450000015336,-46.499999050051,-58.));
#8153=CARTESIAN_POINT('',(69.6449999999972,-41.8999990500561,-58.));
#8154=CARTESIAN_POINT('',(33.8225000000083,-41.8999990500727,-58.));
#8155=CARTESIAN_POINT('',(69.645,-51.0999990500561,-58.));
#8156=CARTESIAN_POINT('Origin',(69.645,-46.4999990500561,-58.));
#8157=CARTESIAN_POINT('',(39.3225000007789,-51.0999990500701,-58.));
#8158=CARTESIAN_POINT('',(103.748875387795,-24.1528538499459,-58.));
#8159=CARTESIAN_POINT('',(103.748875387795,-37.8471452001,-58.));
#8160=CARTESIAN_POINT('Origin',(103.748875387795,-30.999999525023,-58.));
#8161=CARTESIAN_POINT('',(75.4921456750771,-24.1528538499459,-58.));
#8162=CARTESIAN_POINT('',(50.8744376938976,-24.1528538499459,-58.));
#8163=CARTESIAN_POINT('',(75.4921458366725,-37.8471452001,-58.));
#8164=CARTESIAN_POINT('Origin',(75.4921456750771,-30.999999525023,-58.));
#8165=CARTESIAN_POINT('',(36.7460729065361,-37.8471452001,-58.));
#8166=CARTESIAN_POINT('',(69.644999999997,-20.0999999999949,-58.));
#8167=CARTESIAN_POINT('',(69.645,-10.8999999999949,-58.));
#8168=CARTESIAN_POINT('Origin',(69.645,-15.4999999999949,-58.));
#8169=CARTESIAN_POINT('',(80.6450000015331,-20.1,-58.));
#8170=CARTESIAN_POINT('',(39.3225000007619,-20.0999999999808,-58.));
#8171=CARTESIAN_POINT('',(80.6450000015337,-10.9,-58.));
#8172=CARTESIAN_POINT('Origin',(80.6450000015336,-15.5,-58.));
#8173=CARTESIAN_POINT('',(33.8224999999977,-10.8999999999783,-58.));
#8174=CARTESIAN_POINT('Origin',(39.395,-30.,-39.));
#8175=CARTESIAN_POINT('',(55.395,-30.,-51.));
#8176=CARTESIAN_POINT('Origin',(39.395,-30.,-51.));
#8177=CARTESIAN_POINT('',(55.395,-30.,-39.));
#8178=CARTESIAN_POINT('Origin',(112.645000003067,-46.4999990500561,-57.));
#8179=CARTESIAN_POINT('',(112.645000003067,-50.0999990500561,-57.));
#8180=CARTESIAN_POINT('Origin',(112.645000003067,-51.0999990500561,-57.));
#8181=CARTESIAN_POINT('',(112.64500000307,-42.8999990500561,-57.));
#8182=CARTESIAN_POINT('Origin',(112.645000003067,-46.4999990500561,-57.));
#8183=CARTESIAN_POINT('Origin',(112.64500000307,-41.8999990500561,-57.));
#8184=CARTESIAN_POINT('Origin',(49.8225000007574,-41.899999050027,-57.));
#8185=CARTESIAN_POINT('',(101.645000001534,-42.899999050051,-57.));
#8186=CARTESIAN_POINT('Origin',(101.645000001534,-41.899999050051,-57.));
#8187=CARTESIAN_POINT('',(49.8225000007569,-42.899999050027,-57.));
#8188=CARTESIAN_POINT('Origin',(101.645000001534,-46.499999050051,-57.));
#8189=CARTESIAN_POINT('',(101.645000001534,-50.099999050051,-57.));
#8190=CARTESIAN_POINT('Origin',(101.645000001534,-51.099999050051,-57.));
#8191=CARTESIAN_POINT('Origin',(101.645000001534,-46.499999050051,-57.));
#8192=CARTESIAN_POINT('Origin',(55.3225000015216,-51.0999990500295,-57.));
#8193=CARTESIAN_POINT('',(55.322500001522,-50.0999990500295,-57.));
#8194=CARTESIAN_POINT('Origin',(101.645000001534,-42.899999050051,-16.));
#8195=CARTESIAN_POINT('',(112.64500000307,-42.8999990500561,-16.));
#8196=CARTESIAN_POINT('',(112.64500000307,-42.8999990500561,-16.));
#8197=CARTESIAN_POINT('',(101.645000001534,-42.899999050051,-16.));
#8198=CARTESIAN_POINT('',(101.895000002299,-42.8999990500511,-16.));
#8199=CARTESIAN_POINT('',(101.645000001534,-42.899999050051,-16.));
#8200=CARTESIAN_POINT('Origin',(112.645000003067,-46.4999990500561,-16.));
#8201=CARTESIAN_POINT('',(112.645000003067,-50.0999990500561,-16.));
#8202=CARTESIAN_POINT('',(112.645000003067,-50.0999990500561,-16.));
#8203=CARTESIAN_POINT('Origin',(112.645000003067,-46.4999990500561,-16.));
#8204=CARTESIAN_POINT('Origin',(112.645000003067,-15.4999999999949,-57.));
#8205=CARTESIAN_POINT('',(112.645000003067,-19.0999999999949,-57.));
#8206=CARTESIAN_POINT('Origin',(112.645000003067,-20.0999999999949,-57.));
#8207=CARTESIAN_POINT('',(112.645000003067,-11.8999999999949,-57.));
#8208=CARTESIAN_POINT('Origin',(112.645000003067,-15.4999999999949,-57.));
#8209=CARTESIAN_POINT('Origin',(112.645000003067,-10.8999999999949,-57.));
#8210=CARTESIAN_POINT('Origin',(49.8225000007691,-10.900000000024,-57.));
#8211=CARTESIAN_POINT('',(101.645000001534,-11.9,-57.));
#8212=CARTESIAN_POINT('Origin',(101.645000001533,-10.9,-57.));
#8213=CARTESIAN_POINT('',(49.8225000007696,-11.900000000024,-57.));
#8214=CARTESIAN_POINT('Origin',(101.645000001534,-15.5,-57.));
#8215=CARTESIAN_POINT('',(101.645000001534,-19.1,-57.));
#8216=CARTESIAN_POINT('Origin',(101.645000001534,-20.1,-57.));
#8217=CARTESIAN_POINT('Origin',(101.645000001534,-15.5,-57.));
#8218=CARTESIAN_POINT('Origin',(55.3225000015385,-20.1000000000215,-57.));
#8219=CARTESIAN_POINT('',(55.3225000015381,-19.1000000000215,-57.));
#8220=CARTESIAN_POINT('Origin',(101.645000001534,-11.9,-16.));
#8221=CARTESIAN_POINT('',(112.645000003067,-11.8999999999949,-16.));
#8222=CARTESIAN_POINT('',(112.645000003067,-11.8999999999949,-16.));
#8223=CARTESIAN_POINT('',(101.645000001534,-11.9,-16.));
#8224=CARTESIAN_POINT('',(101.895000002296,-11.8999999999999,-16.));
#8225=CARTESIAN_POINT('',(101.645000001534,-11.9,-16.));
#8226=CARTESIAN_POINT('Origin',(112.645000003067,-15.4999999999949,-16.));
#8227=CARTESIAN_POINT('',(112.645000003067,-19.0999999999949,-16.));
#8228=CARTESIAN_POINT('',(112.645000003067,-19.0999999999949,-16.));
#8229=CARTESIAN_POINT('Origin',(112.645000003067,-15.4999999999949,-16.));
#8230=CARTESIAN_POINT('Origin',(80.6450000015336,-46.499999050051,-57.));
#8231=CARTESIAN_POINT('',(80.6450000015337,-50.099999050051,-57.));
#8232=CARTESIAN_POINT('Origin',(80.6450000015337,-51.099999050051,-57.));
#8233=CARTESIAN_POINT('',(80.6450000015336,-42.899999050051,-57.));
#8234=CARTESIAN_POINT('Origin',(80.6450000015336,-46.499999050051,-57.));
#8235=CARTESIAN_POINT('Origin',(80.6450000015336,-41.899999050051,-57.));
#8236=CARTESIAN_POINT('Origin',(33.8225000000083,-41.8999990500727,-57.));
#8237=CARTESIAN_POINT('',(69.6449999999977,-42.8999990500561,-57.));
#8238=CARTESIAN_POINT('Origin',(69.6449999999972,-41.8999990500561,-57.));
#8239=CARTESIAN_POINT('',(33.8225000000088,-42.8999990500727,-57.));
#8240=CARTESIAN_POINT('Origin',(69.645,-46.4999990500561,-57.));
#8241=CARTESIAN_POINT('',(69.645,-50.0999990500561,-57.));
#8242=CARTESIAN_POINT('Origin',(69.645,-51.0999990500561,-57.));
#8243=CARTESIAN_POINT('Origin',(69.645,-46.4999990500561,-57.));
#8244=CARTESIAN_POINT('Origin',(39.3225000007789,-51.0999990500701,-57.));
#8245=CARTESIAN_POINT('',(39.3225000007784,-50.0999990500701,-57.));
#8246=CARTESIAN_POINT('Origin',(69.6449999999977,-42.8999990500561,-16.));
#8247=CARTESIAN_POINT('',(80.6450000015336,-42.899999050051,-16.));
#8248=CARTESIAN_POINT('',(80.6450000015336,-42.899999050051,-16.));
#8249=CARTESIAN_POINT('',(69.6449999999977,-42.8999990500561,-16.));
#8250=CARTESIAN_POINT('',(85.8950000015364,-42.8999990500485,-16.));
#8251=CARTESIAN_POINT('',(69.6449999999977,-42.8999990500561,-16.));
#8252=CARTESIAN_POINT('Origin',(80.6450000015336,-46.499999050051,-16.));
#8253=CARTESIAN_POINT('',(80.6450000015337,-50.099999050051,-16.));
#8254=CARTESIAN_POINT('',(80.6450000015337,-50.099999050051,-16.));
#8255=CARTESIAN_POINT('Origin',(80.6450000015336,-46.499999050051,-16.));
#8256=CARTESIAN_POINT('Origin',(69.645,-15.4999999999949,-57.));
#8257=CARTESIAN_POINT('',(69.645,-11.8999999999949,-57.));
#8258=CARTESIAN_POINT('Origin',(69.645,-10.8999999999949,-57.));
#8259=CARTESIAN_POINT('',(69.6449999999977,-19.0999999999949,-57.));
#8260=CARTESIAN_POINT('Origin',(69.645,-15.4999999999949,-57.));
#8261=CARTESIAN_POINT('Origin',(69.644999999997,-20.0999999999949,-57.));
#8262=CARTESIAN_POINT('Origin',(39.3225000007619,-20.0999999999808,-57.));
#8263=CARTESIAN_POINT('',(80.6450000015336,-19.1,-57.));
#8264=CARTESIAN_POINT('Origin',(80.6450000015331,-20.1,-57.));
#8265=CARTESIAN_POINT('',(39.3225000007624,-19.0999999999808,-57.));
#8266=CARTESIAN_POINT('Origin',(80.6450000015336,-15.5,-57.));
#8267=CARTESIAN_POINT('',(80.6450000015336,-11.9,-57.));
#8268=CARTESIAN_POINT('Origin',(80.6450000015337,-10.9,-57.));
#8269=CARTESIAN_POINT('Origin',(80.6450000015336,-15.5,-57.));
#8270=CARTESIAN_POINT('Origin',(33.8224999999977,-10.8999999999783,-57.));
#8271=CARTESIAN_POINT('',(33.8224999999973,-11.8999999999783,-57.));
#8272=CARTESIAN_POINT('Origin',(80.6450000015336,-19.1,-16.));
#8273=CARTESIAN_POINT('',(69.6449999999977,-19.0999999999949,-16.));
#8274=CARTESIAN_POINT('',(69.6449999999977,-19.0999999999949,-16.));
#8275=CARTESIAN_POINT('',(80.6450000015336,-19.1,-16.));
#8276=CARTESIAN_POINT('',(80.3950000007684,-19.0999999999999,-16.));
#8277=CARTESIAN_POINT('',(80.6450000015336,-19.1,-16.));
#8278=CARTESIAN_POINT('Origin',(69.645,-15.4999999999949,-16.));
#8279=CARTESIAN_POINT('',(69.645,-11.8999999999949,-16.));
#8280=CARTESIAN_POINT('',(69.645,-11.8999999999949,-16.));
#8281=CARTESIAN_POINT('Origin',(69.645,-15.4999999999949,-16.));
#8282=CARTESIAN_POINT('Origin',(103.748875387795,-30.999999525023,-57.));
#8283=CARTESIAN_POINT('',(103.748875387795,-36.8471452001,-57.));
#8284=CARTESIAN_POINT('Origin',(103.748875387795,-37.8471452001,-57.));
#8285=CARTESIAN_POINT('',(103.748875387795,-25.1528538499459,-57.));
#8286=CARTESIAN_POINT('Origin',(103.748875387795,-30.999999525023,-57.));
#8287=CARTESIAN_POINT('Origin',(103.748875387795,-24.1528538499459,-57.));
#8288=CARTESIAN_POINT('Origin',(50.8744376938976,-24.1528538499459,-57.));
#8289=CARTESIAN_POINT('',(75.4921456750771,-25.1528538499459,-57.));
#8290=CARTESIAN_POINT('Origin',(75.4921456750771,-24.1528538499459,-57.));
#8291=CARTESIAN_POINT('',(50.8744376938976,-25.1528538499459,-57.));
#8292=CARTESIAN_POINT('Origin',(75.4921456750771,-30.999999525023,-57.));
#8293=CARTESIAN_POINT('',(75.4921458130721,-36.8471452001,-57.));
#8294=CARTESIAN_POINT('Origin',(75.4921458366725,-37.8471452001,-57.));
#8295=CARTESIAN_POINT('Origin',(75.4921456750771,-30.999999525023,-57.));
#8296=CARTESIAN_POINT('Origin',(36.7460729065361,-37.8471452001,-57.));
#8297=CARTESIAN_POINT('',(36.7460729065361,-36.8471452001,-57.));
#8298=CARTESIAN_POINT('Origin',(103.748875387795,-25.1528538499459,-58.));
#8299=CARTESIAN_POINT('',(103.748875387795,-25.1528538499459,-40.));
#8300=CARTESIAN_POINT('',(103.748875387795,-25.1528538499459,-58.));
#8301=CARTESIAN_POINT('',(75.4921456750771,-25.1528538499459,-40.));
#8302=CARTESIAN_POINT('',(110.821937693898,-25.1528538499459,-40.));
#8303=CARTESIAN_POINT('',(75.4921456750771,-25.1528538499459,-58.));
#8304=CARTESIAN_POINT('Origin',(103.748875387795,-30.999999525023,-58.));
#8305=CARTESIAN_POINT('',(103.748875387795,-36.8471452001,-40.));
#8306=CARTESIAN_POINT('',(103.748875387795,-36.8471452001,-58.));
#8307=CARTESIAN_POINT('Origin',(103.748875387795,-30.999999525023,-40.));
#8308=CARTESIAN_POINT('Origin',(63.3953600752035,0.,-23.099999461323));
#8309=CARTESIAN_POINT('',(63.3953600752035,-7.,-24.099999461323));
#8310=CARTESIAN_POINT('',(64.3953600752035,-7.,-23.099999461323));
#8311=CARTESIAN_POINT('Origin',(63.3953600752035,-7.,-23.099999461323));
#8312=CARTESIAN_POINT('',(64.3953600752035,0.,-23.099999461323));
#8313=CARTESIAN_POINT('',(64.3953600752035,0.,-23.099999461323));
#8314=CARTESIAN_POINT('',(63.3953600752035,0.,-24.099999461323));
#8315=CARTESIAN_POINT('Origin',(63.3953600752035,0.,-23.099999461323));
#8316=CARTESIAN_POINT('',(63.3953600752035,0.,-24.099999461323));
#8317=CARTESIAN_POINT('Origin',(63.3953600752035,-7.,-25.099999461323));
#8318=CARTESIAN_POINT('',(64.3953600752035,-8.73205080756887,-24.099999461323));
#8319=CARTESIAN_POINT('',(64.395,-8.70099594679697,-24.099999461323));
#8320=CARTESIAN_POINT('Ctrl Pts',(64.3953600752035,-8.73205080756888,-24.099999461323));
#8321=CARTESIAN_POINT('Ctrl Pts',(64.3953600752035,-8.72175880846525,-24.099999461323));
#8322=CARTESIAN_POINT('Ctrl Pts',(64.395240861464,-8.71140470519757,-24.099999461323));
#8323=CARTESIAN_POINT('Ctrl Pts',(64.395,-8.70099594679697,-24.099999461323));
#8324=CARTESIAN_POINT('Origin',(64.3953600752035,-7.,-25.099999461323));
#8325=CARTESIAN_POINT('Origin',(63.3953600752035,-7.,-25.099999461323));
#8326=CARTESIAN_POINT('',(64.395,-8.97316679756674,-25.099999461323));
#8327=CARTESIAN_POINT('Origin',(63.3953600752035,-9.,-25.099999461323));
#8328=CARTESIAN_POINT('Origin',(64.395,-7.,-25.099999461323));
#8329=CARTESIAN_POINT('Origin',(63.3953600752035,-9.,-29.));
#8330=CARTESIAN_POINT('',(64.395,-8.97316679756674,-29.));
#8331=CARTESIAN_POINT('Origin',(64.3953600752035,0.,-24.099999461323));
#8332=CARTESIAN_POINT('',(64.3953600752035,-18.5,-14.));
#8333=CARTESIAN_POINT('',(64.3953600752035,-18.5,-31.5499997306615));
#8334=CARTESIAN_POINT('',(64.3953600752035,-9.,-14.));
#8335=CARTESIAN_POINT('',(64.3953600752035,-6.875,-14.));
#8336=CARTESIAN_POINT('',(64.3953600752035,-7.,-12.));
#8337=CARTESIAN_POINT('Origin',(64.3953600752035,-9.,-12.));
#8338=CARTESIAN_POINT('',(64.3953600752035,-7.,-1.));
#8339=CARTESIAN_POINT('',(64.3953600752035,-7.,-26.5499997306615));
#8340=CARTESIAN_POINT('',(64.3953600752035,0.,-1.));
#8341=CARTESIAN_POINT('',(64.3953600752035,0.,-1.));
#8342=CARTESIAN_POINT('',(64.3953600752035,0.,-26.5499997306615));
#8343=CARTESIAN_POINT('',(64.3951800376017,-19.5,-24.099999461323));
#8344=CARTESIAN_POINT('',(64.3953600752035,0.,-24.099999461323));
#8345=CARTESIAN_POINT('',(64.395,-19.5,-39.));
#8346=CARTESIAN_POINT('Origin',(64.395,-8.,-39.));
#8347=CARTESIAN_POINT('Origin',(39.395,-30.,-40.));
#8348=CARTESIAN_POINT('',(55.395,-30.,-40.));
#8349=CARTESIAN_POINT('Origin',(56.395,-30.,-40.));
#8350=CARTESIAN_POINT('Origin',(39.395,-30.,-40.));
#8351=CARTESIAN_POINT('Origin',(39.395,-30.,-39.));
#8352=CARTESIAN_POINT('',(55.395,-30.,-46.));
#8353=CARTESIAN_POINT('',(55.395,-30.,-39.));
#8354=CARTESIAN_POINT('Origin',(39.395,-30.,-46.));
#8355=CARTESIAN_POINT('Origin',(4.6,-24.1138502181797,-35.));
#8356=CARTESIAN_POINT('',(4.6,-23.1138502181797,-35.));
#8357=CARTESIAN_POINT('',(3.6,-24.1138502181797,-35.));
#8358=CARTESIAN_POINT('Origin',(4.6,-24.1138502181797,-35.));
#8359=CARTESIAN_POINT('',(4.6,-24.1138502181797,-34.));
#8360=CARTESIAN_POINT('Origin',(4.6,-24.1138502181797,-35.));
#8361=CARTESIAN_POINT('Origin',(4.6,-24.1138502181797,-35.));
#8362=CARTESIAN_POINT('Origin',(4.6,-24.1138502181797,-39.));
#8363=CARTESIAN_POINT('',(4.6,-23.1138502181797,-38.));
#8364=CARTESIAN_POINT('',(3.6,-24.1138502181797,-38.));
#8365=CARTESIAN_POINT('Origin',(4.6,-24.1138502181797,-38.));
#8366=CARTESIAN_POINT('',(3.6,-24.1138502181797,-39.));
#8367=CARTESIAN_POINT('',(4.6,-23.1138502181797,-39.));
#8368=CARTESIAN_POINT('Origin',(2.6,-24.1138502181797,-38.));
#8369=CARTESIAN_POINT('Origin',(2.6,-24.1138502181797,-38.));
#8370=CARTESIAN_POINT('',(4.25282897199763,-23.1138502181797,-39.1261244999223));
#8371=CARTESIAN_POINT('Origin',(2.6,-23.1138502181797,-38.));
#8372=CARTESIAN_POINT('Ctrl Pts',(3.15175926116503,-23.6000000000001,-39.));
#8373=CARTESIAN_POINT('Ctrl Pts',(3.18702335711814,-23.5715579710421,-39.));
#8374=CARTESIAN_POINT('Ctrl Pts',(3.22336814007506,-23.5415594272709,-39.0012207716137));
#8375=CARTESIAN_POINT('Ctrl Pts',(3.43400888476186,-23.371464759153,-39.0165131732348));
#8376=CARTESIAN_POINT('Ctrl Pts',(3.58617563538726,-23.2684988803442,-39.0535583228268));
#8377=CARTESIAN_POINT('Ctrl Pts',(3.92510880925586,-23.1415608543037,-39.1090162455758));
#8378=CARTESIAN_POINT('Ctrl Pts',(4.08624768234655,-23.1138502181797,-39.1261244999223));
#8379=CARTESIAN_POINT('Ctrl Pts',(4.25282897199726,-23.1138502181797,-39.1261244999223));
#8380=CARTESIAN_POINT('Origin',(9.4,-23.1138502181797,-39.));
#8381=CARTESIAN_POINT('',(8.4,-23.1138502181797,-35.));
#8382=CARTESIAN_POINT('',(8.7375,-23.1138502181797,-35.));
#8383=CARTESIAN_POINT('',(8.4,-23.1138502181797,-38.));
#8384=CARTESIAN_POINT('',(8.4,-23.1138502181797,-39.));
#8385=CARTESIAN_POINT('',(7.90418117325347,-23.1138502181797,-38.));
#8386=CARTESIAN_POINT('',(63.6475,-23.1138502181797,-38.));
#8387=CARTESIAN_POINT('',(6.10519767962047,-23.1138502181797,-39.1261244999223));
#8388=CARTESIAN_POINT('Origin',(7.90418117325347,-23.1138502181797,-40.));
#8389=CARTESIAN_POINT('',(61.2673412847624,-23.1138502181797,-39.1261244999223));
#8390=CARTESIAN_POINT('Origin',(8.7375,-24.1138502181797,-35.));
#8391=CARTESIAN_POINT('',(8.4,-24.1138502181797,-34.));
#8392=CARTESIAN_POINT('',(8.7375,-24.1138502181797,-34.));
#8393=CARTESIAN_POINT('Origin',(8.4,-24.1138502181797,-35.));
#8394=CARTESIAN_POINT('Origin',(4.6,-26.7888502181797,-35.));
#8395=CARTESIAN_POINT('',(3.6,-36.8138502181797,-35.));
#8396=CARTESIAN_POINT('',(3.6,-26.7888502181797,-35.));
#8397=CARTESIAN_POINT('',(4.6,-36.8138502181797,-34.));
#8398=CARTESIAN_POINT('Origin',(4.6,-36.8138502181797,-35.));
#8399=CARTESIAN_POINT('',(4.6,-26.7888502181797,-34.));
#8400=CARTESIAN_POINT('Origin',(11.55,-26.3638502181797,-35.));
#8401=CARTESIAN_POINT('',(12.55,-26.3638502181797,-35.));
#8402=CARTESIAN_POINT('',(11.55,-26.3638502181797,-34.));
#8403=CARTESIAN_POINT('Origin',(11.55,-26.3638502181797,-35.));
#8404=CARTESIAN_POINT('',(11.55,-25.3638502181797,-35.));
#8405=CARTESIAN_POINT('Origin',(11.55,-26.3638502181797,-35.));
#8406=CARTESIAN_POINT('Origin',(11.55,-26.3638502181797,-35.));
#8407=CARTESIAN_POINT('Origin',(10.4,-24.3638502181797,-38.));
#8408=CARTESIAN_POINT('',(10.4,-25.3638502181797,-38.));
#8409=CARTESIAN_POINT('Origin',(10.4,-24.3638502181797,-38.));
#8410=CARTESIAN_POINT('',(9.4,-24.3638502181797,-38.));
#8411=CARTESIAN_POINT('Origin',(10.4,-24.3638502181797,-38.));
#8412=CARTESIAN_POINT('Origin',(10.4,-24.3638502181797,-38.));
#8413=CARTESIAN_POINT('Origin',(10.4,-24.3638502181797,-35.));
#8414=CARTESIAN_POINT('',(10.4,-25.3638502181797,-35.));
#8415=CARTESIAN_POINT('',(10.4,-26.3638502181797,-34.));
#8416=CARTESIAN_POINT('Origin',(10.4,-26.3638502181797,-35.));
#8417=CARTESIAN_POINT('',(9.4,-24.3638502181797,-35.));
#8418=CARTESIAN_POINT('Origin',(10.4,-24.3638502181797,-35.));
#8419=CARTESIAN_POINT('',(8.4,-24.3638502181797,-34.));
#8420=CARTESIAN_POINT('Origin',(8.4,-24.3638502181797,-35.));
#8421=CARTESIAN_POINT('Origin',(10.4,-24.3638502181797,-34.));
#8422=CARTESIAN_POINT('Origin',(10.4,-24.3638502181797,-39.));
#8423=CARTESIAN_POINT('',(10.4,-25.3638502181797,-39.));
#8424=CARTESIAN_POINT('',(9.4,-24.3638502181797,-39.));
#8425=CARTESIAN_POINT('Origin',(8.4,-24.1138502181797,-38.));
#8426=CARTESIAN_POINT('Origin',(8.4,-22.1138502181797,-38.));
#8427=CARTESIAN_POINT('',(9.4,-24.1138502181797,-38.));
#8428=CARTESIAN_POINT('Origin',(8.4,-24.1138502181797,-38.));
#8429=CARTESIAN_POINT('Origin',(10.4,-24.1138502181797,-38.));
#8430=CARTESIAN_POINT('Origin',(63.6475,-22.1138502181797,-38.));
#8431=CARTESIAN_POINT('Origin',(7.90418117325347,-22.1138502181797,-38.));
#8432=CARTESIAN_POINT('Origin',(7.90418117325347,-22.1138502181797,-40.));
#8433=CARTESIAN_POINT('',(6.77805667333115,-22.6,-40.));
#8434=CARTESIAN_POINT('Ctrl Pts',(6.10519767962047,-23.1138502181797,-39.1261244999223));
#8435=CARTESIAN_POINT('Ctrl Pts',(6.21782131276026,-23.1138502181797,-39.1261244999223));
#8436=CARTESIAN_POINT('Ctrl Pts',(6.32360498313494,-23.0982873438943,-39.1344150982923));
#8437=CARTESIAN_POINT('Ctrl Pts',(6.49672614255936,-23.0488564360089,-39.1651419420632));
#8438=CARTESIAN_POINT('Ctrl Pts',(6.5695319429498,-23.0166513230565,-39.1862803205264));
#8439=CARTESIAN_POINT('Ctrl Pts',(6.66545045279328,-22.9538522057705,-39.2361644089529));
#8440=CARTESIAN_POINT('Ctrl Pts',(6.6973698590297,-22.9269034360817,-39.2593217738137));
#8441=CARTESIAN_POINT('Ctrl Pts',(6.74471991003404,-22.8731174922822,-39.3123593079345));
#8442=CARTESIAN_POINT('Ctrl Pts',(6.76088349577833,-22.848047552806,-39.3396072117435));
#8443=CARTESIAN_POINT('Ctrl Pts',(6.78966979665526,-22.7862099882925,-39.4158737688955));
#8444=CARTESIAN_POINT('Ctrl Pts',(6.79574204118312,-22.7519815913588,-39.4664869571351));
#8445=CARTESIAN_POINT('Ctrl Pts',(6.79942915311776,-22.6672269946266,-39.6215450087814));
#8446=CARTESIAN_POINT('Ctrl Pts',(6.78490915908247,-22.621495354251,-39.746911572189));
#8447=CARTESIAN_POINT('Ctrl Pts',(6.77870920149906,-22.6019238892563,-39.9283951359123));
#8448=CARTESIAN_POINT('Ctrl Pts',(6.77805667333115,-22.6,-39.9641511342268));
#8449=CARTESIAN_POINT('Ctrl Pts',(6.77805667333115,-22.6,-40.));
#8450=CARTESIAN_POINT('',(6.90418117325347,-22.1138502181797,-40.));
#8451=CARTESIAN_POINT('Origin',(7.90418117325347,-22.1138502181797,-40.));
#8452=CARTESIAN_POINT('',(6.90418117325347,-22.6,-40.5178381883613));
#8453=CARTESIAN_POINT('Ctrl Pts',(6.90418117325347,-22.6,-40.5178381883613));
#8454=CARTESIAN_POINT('Ctrl Pts',(6.90418117325347,-22.4459680350717,-40.3314906245134));
#8455=CARTESIAN_POINT('Ctrl Pts',(6.90418117325347,-22.2707730957938,-40.1569228776142));
#8456=CARTESIAN_POINT('Ctrl Pts',(6.90418117325347,-22.1138502181797,-40.));
#8457=CARTESIAN_POINT('Origin',(7.90418117325347,-22.6,-40.));
#8458=CARTESIAN_POINT('Origin',(11.55,-34.5638502181797,-35.));
#8459=CARTESIAN_POINT('',(11.55,-35.5638502181797,-35.));
#8460=CARTESIAN_POINT('',(11.55,-34.5638502181797,-34.));
#8461=CARTESIAN_POINT('Origin',(11.55,-34.5638502181797,-35.));
#8462=CARTESIAN_POINT('',(12.55,-34.5638502181797,-35.));
#8463=CARTESIAN_POINT('Origin',(11.55,-34.5638502181797,-35.));
#8464=CARTESIAN_POINT('Origin',(11.55,-34.5638502181797,-35.));
#8465=CARTESIAN_POINT('Origin',(11.55,-26.3638502181797,-38.));
#8466=CARTESIAN_POINT('',(11.55,-25.3638502181797,-38.));
#8467=CARTESIAN_POINT('Origin',(11.55,-24.3638502181797,-38.));
#8468=CARTESIAN_POINT('',(12.55,-26.3638502181797,-38.));
#8469=CARTESIAN_POINT('Origin',(11.55,-26.3638502181797,-38.));
#8470=CARTESIAN_POINT('Origin',(13.55,-26.3638502181797,-38.));
#8471=CARTESIAN_POINT('Origin',(65.2225,-24.3638502181797,-38.));
#8472=CARTESIAN_POINT('',(65.2225,-25.3638502181797,-38.));
#8473=CARTESIAN_POINT('Origin',(11.55,-26.3638502181797,-39.));
#8474=CARTESIAN_POINT('',(12.55,-26.3638502181797,-39.));
#8475=CARTESIAN_POINT('',(11.55,-25.3638502181797,-39.));
#8476=CARTESIAN_POINT('Origin',(8.4,-24.1138502181797,-35.));
#8477=CARTESIAN_POINT('',(9.4,-24.1138502181797,-35.));
#8478=CARTESIAN_POINT('Origin',(8.4,-24.1138502181797,-35.));
#8479=CARTESIAN_POINT('Origin',(8.4,-24.1138502181797,-35.));
#8480=CARTESIAN_POINT('Origin',(8.4,-24.1138502181797,-39.));
#8481=CARTESIAN_POINT('',(9.4,-24.1138502181797,-39.));
#8482=CARTESIAN_POINT('Origin',(10.4,-36.5638502181797,-35.));
#8483=CARTESIAN_POINT('',(9.4,-36.5638502181797,-35.));
#8484=CARTESIAN_POINT('',(8.4,-36.5638502181797,-34.));
#8485=CARTESIAN_POINT('Origin',(8.4,-36.5638502181797,-35.));
#8486=CARTESIAN_POINT('',(10.4,-35.5638502181797,-35.));
#8487=CARTESIAN_POINT('Origin',(10.4,-36.5638502181797,-35.));
#8488=CARTESIAN_POINT('',(10.4,-34.5638502181797,-34.));
#8489=CARTESIAN_POINT('Origin',(10.4,-34.5638502181797,-35.));
#8490=CARTESIAN_POINT('Origin',(10.4,-36.5638502181797,-34.));
#8491=CARTESIAN_POINT('Origin',(11.55,-34.5638502181797,-38.));
#8492=CARTESIAN_POINT('',(12.55,-34.5638502181797,-38.));
#8493=CARTESIAN_POINT('Origin',(13.55,-34.5638502181797,-38.));
#8494=CARTESIAN_POINT('',(11.55,-35.5638502181797,-38.));
#8495=CARTESIAN_POINT('Origin',(11.55,-34.5638502181797,-38.));
#8496=CARTESIAN_POINT('Origin',(11.55,-36.5638502181797,-38.));
#8497=CARTESIAN_POINT('Origin',(13.55,-21.7819251090898,-38.));
#8498=CARTESIAN_POINT('',(12.55,-21.7819251090898,-38.));
#8499=CARTESIAN_POINT('Origin',(11.55,-34.5638502181797,-39.));
#8500=CARTESIAN_POINT('',(11.55,-35.5638502181797,-39.));
#8501=CARTESIAN_POINT('',(12.55,-34.5638502181797,-39.));
#8502=CARTESIAN_POINT('Origin',(8.4,-36.8138502181797,-35.));
#8503=CARTESIAN_POINT('',(8.4,-37.8138502181797,-35.));
#8504=CARTESIAN_POINT('',(8.4,-36.8138502181797,-34.));
#8505=CARTESIAN_POINT('Origin',(8.4,-36.8138502181797,-35.));
#8506=CARTESIAN_POINT('',(9.4,-36.8138502181797,-35.));
#8507=CARTESIAN_POINT('Origin',(8.4,-36.8138502181797,-35.));
#8508=CARTESIAN_POINT('Origin',(8.4,-36.8138502181797,-35.));
#8509=CARTESIAN_POINT('Origin',(10.4,-36.5638502181797,-38.));
#8510=CARTESIAN_POINT('',(9.4,-36.5638502181797,-38.));
#8511=CARTESIAN_POINT('',(10.4,-35.5638502181797,-38.));
#8512=CARTESIAN_POINT('Origin',(10.4,-36.5638502181797,-38.));
#8513=CARTESIAN_POINT('Origin',(10.4,-36.5638502181797,-38.));
#8514=CARTESIAN_POINT('Origin',(10.4,-36.5638502181797,-38.));
#8515=CARTESIAN_POINT('Origin',(4.6,-36.8138502181797,-35.));
#8516=CARTESIAN_POINT('',(4.6,-37.8138502181797,-35.));
#8517=CARTESIAN_POINT('Origin',(4.6,-36.8138502181797,-35.));
#8518=CARTESIAN_POINT('Origin',(4.6,-36.8138502181797,-35.));
#8519=CARTESIAN_POINT('Origin',(8.4,-36.8138502181797,-38.));
#8520=CARTESIAN_POINT('',(9.4,-36.8138502181797,-38.));
#8521=CARTESIAN_POINT('Origin',(10.4,-36.8138502181797,-38.));
#8522=CARTESIAN_POINT('',(8.4,-37.8138502181797,-38.));
#8523=CARTESIAN_POINT('Origin',(8.4,-36.8138502181797,-38.));
#8524=CARTESIAN_POINT('Origin',(8.4,-38.8138502181797,-38.));
#8525=CARTESIAN_POINT('Origin',(10.4,-22.9069251090898,-38.));
#8526=CARTESIAN_POINT('',(9.4,-22.9069251090898,-38.));
#8527=CARTESIAN_POINT('Origin',(8.4,-36.8138502181797,-39.));
#8528=CARTESIAN_POINT('',(8.4,-37.8138502181797,-39.));
#8529=CARTESIAN_POINT('',(9.4,-36.8138502181797,-39.));
#8530=CARTESIAN_POINT('Origin',(4.6,-36.8138502181797,-38.));
#8531=CARTESIAN_POINT('',(4.6,-37.8138502181797,-38.));
#8532=CARTESIAN_POINT('Origin',(4.6,-38.8138502181797,-38.));
#8533=CARTESIAN_POINT('',(3.6,-36.8138502181797,-38.));
#8534=CARTESIAN_POINT('Origin',(4.6,-36.8138502181797,-38.));
#8535=CARTESIAN_POINT('Origin',(2.6,-36.8138502181797,-38.));
#8536=CARTESIAN_POINT('Origin',(60.7475,-38.8138502181797,-38.));
#8537=CARTESIAN_POINT('',(60.7475,-37.8138502181797,-38.));
#8538=CARTESIAN_POINT('Origin',(4.6,-36.8138502181797,-39.));
#8539=CARTESIAN_POINT('',(3.6,-36.8138502181797,-39.));
#8540=CARTESIAN_POINT('',(4.6,-37.8138502181797,-39.));
#8541=CARTESIAN_POINT('Origin',(2.6,-15.5569251090898,-38.));
#8542=CARTESIAN_POINT('',(3.6,-15.5569251090898,-38.));
#8543=CARTESIAN_POINT('Origin',(5.8375,-36.8138502181797,-35.));
#8544=CARTESIAN_POINT('',(5.8375,-36.8138502181797,-34.));
#8545=CARTESIAN_POINT('',(5.8375,-37.8138502181797,-35.));
#8546=CARTESIAN_POINT('Origin',(63.6475,-36.5638502181797,-38.));
#8547=CARTESIAN_POINT('',(63.6475,-35.5638502181797,-38.));
#8548=CARTESIAN_POINT('Origin',(10.4,-36.5638502181797,-39.));
#8549=CARTESIAN_POINT('',(9.4,-36.5638502181797,-39.));
#8550=CARTESIAN_POINT('',(10.4,-35.5638502181797,-39.));
#8551=CARTESIAN_POINT('Origin',(8.4,-34.1388502181797,-35.));
#8552=CARTESIAN_POINT('',(8.4,-34.1388502181797,-34.));
#8553=CARTESIAN_POINT('',(9.4,-34.1388502181797,-35.));
#8554=CARTESIAN_POINT('Origin',(8.7375,-34.5638502181797,-35.));
#8555=CARTESIAN_POINT('',(8.7375,-34.5638502181797,-34.));
#8556=CARTESIAN_POINT('',(8.7375,-35.5638502181797,-35.));
#8557=CARTESIAN_POINT('Origin',(8.4,-27.9138502181797,-35.));
#8558=CARTESIAN_POINT('',(8.4,-27.9138502181797,-34.));
#8559=CARTESIAN_POINT('',(9.4,-27.9138502181797,-35.));
#8560=CARTESIAN_POINT('Origin',(11.55,-33.0138502181797,-35.));
#8561=CARTESIAN_POINT('',(11.55,-33.0138502181797,-34.));
#8562=CARTESIAN_POINT('',(12.55,-33.0138502181797,-35.));
#8563=CARTESIAN_POINT('Origin',(10.4,-16.6819251090898,-38.));
#8564=CARTESIAN_POINT('',(9.4,-16.6819251090898,-38.));
#8565=CARTESIAN_POINT('Origin',(10.3125,-26.3638502181797,-35.));
#8566=CARTESIAN_POINT('',(10.3125,-26.3638502181797,-34.));
#8567=CARTESIAN_POINT('',(10.3125,-25.3638502181797,-35.));
#8568=CARTESIAN_POINT('Origin',(12.55,-25.3638502181797,-39.));
#8569=CARTESIAN_POINT('Origin',(12.55,-35.5638502181797,-39.));
#8570=CARTESIAN_POINT('Origin',(9.4,-25.3638502181797,-39.));
#8571=CARTESIAN_POINT('Origin',(9.4,-35.5638502181797,-39.));
#8572=CARTESIAN_POINT('Origin',(9.4,-37.8138502181797,-39.));
#8573=CARTESIAN_POINT('Origin',(3.6,-37.8138502181797,-39.));
#8574=CARTESIAN_POINT('Origin',(8.075,-30.4638502181797,-34.));
#8575=CARTESIAN_POINT('',(10.55,-27.3638502181797,-34.));
#8576=CARTESIAN_POINT('',(10.55,-33.5638502181797,-34.));
#8577=CARTESIAN_POINT('',(10.55,-33.5638502181797,-34.));
#8578=CARTESIAN_POINT('',(7.4,-33.5638502181797,-34.));
#8579=CARTESIAN_POINT('',(7.4,-33.5638502181797,-34.));
#8580=CARTESIAN_POINT('',(7.4,-35.8138502181797,-34.));
#8581=CARTESIAN_POINT('',(7.4,-33.5638502181797,-34.));
#8582=CARTESIAN_POINT('',(5.6,-35.8138502181797,-34.));
#8583=CARTESIAN_POINT('',(7.4,-35.8138502181797,-34.));
#8584=CARTESIAN_POINT('',(5.6,-25.1138502181797,-34.));
#8585=CARTESIAN_POINT('',(5.6,-35.8138502181797,-34.));
#8586=CARTESIAN_POINT('',(7.4,-25.1138502181797,-34.));
#8587=CARTESIAN_POINT('',(5.6,-25.1138502181797,-34.));
#8588=CARTESIAN_POINT('',(7.4,-27.3638502181797,-34.));
#8589=CARTESIAN_POINT('',(7.4,-25.1138502181797,-34.));
#8590=CARTESIAN_POINT('',(10.55,-27.3638502181797,-34.));
#8591=CARTESIAN_POINT('Origin',(103.748875387795,-30.999999525023,-40.));
#8592=CARTESIAN_POINT('Origin',(103.748875387795,-24.1528538499459,-40.));
#8593=CARTESIAN_POINT('Origin',(103.748875387795,-37.8471452001,-40.));
#8594=CARTESIAN_POINT('Origin',(96.6935729065361,-37.8471452001,-40.));
#8595=CARTESIAN_POINT('',(75.4921458130721,-36.8471452001,-40.));
#8596=CARTESIAN_POINT('Origin',(75.4921458130721,-37.8471452001,-40.));
#8597=CARTESIAN_POINT('',(96.6935729065361,-36.8471452001,-40.));
#8598=CARTESIAN_POINT('Origin',(75.4921456750771,-30.999999525023,-40.));
#8599=CARTESIAN_POINT('Origin',(75.4921456750771,-24.1528538499459,-40.));
#8600=CARTESIAN_POINT('Origin',(75.4921456750771,-30.999999525023,-40.));
#8601=CARTESIAN_POINT('Origin',(110.821937693898,-24.1528538499459,-40.));
#8602=CARTESIAN_POINT('Origin',(75.4921458130721,-36.8471452001,-58.));
#8603=CARTESIAN_POINT('',(75.4921458130721,-36.8471452001,-58.));
#8604=CARTESIAN_POINT('Origin',(27.97375,-1.,-57.));
#8605=CARTESIAN_POINT('',(3.57240111587271,0.,-57.));
#8606=CARTESIAN_POINT('',(39.8148950172429,0.,-57.));
#8607=CARTESIAN_POINT('',(27.97375,0.,-57.));
#8608=CARTESIAN_POINT('Origin',(38.8148950172429,-1.,-57.));
#8609=CARTESIAN_POINT('Origin',(2.57240111587271,-1.,-57.));
#8610=CARTESIAN_POINT('Origin',(38.8148950172429,0.,-57.));
#8611=CARTESIAN_POINT('',(39.8148950172429,-7.5,-57.));
#8612=CARTESIAN_POINT('',(39.8148950172429,0.,-57.));
#8613=CARTESIAN_POINT('Origin',(38.8148950172429,-8.5,-57.));
#8614=CARTESIAN_POINT('Origin',(53.0969747872871,0.,-57.));
#8615=CARTESIAN_POINT('',(52.0969747872871,-7.5,-57.));
#8616=CARTESIAN_POINT('Origin',(53.0969747872871,-8.5,-57.));
#8617=CARTESIAN_POINT('',(52.0969747872871,0.,-57.));
#8618=CARTESIAN_POINT('',(52.0969747872871,0.,-57.));
#8619=CARTESIAN_POINT('Origin',(53.0969747872871,-1.,-57.));
#8620=CARTESIAN_POINT('Origin',(21.9779674511325,-8.5,-57.));
#8621=CARTESIAN_POINT('',(21.9779674511325,-7.5,-57.));
#8622=CARTESIAN_POINT('Origin',(27.97375,-1.,-57.));
#8623=CARTESIAN_POINT('',(27.97375,0.,-57.));
#8624=CARTESIAN_POINT('Origin',(2.57240111587271,0.,-57.));
#8625=CARTESIAN_POINT('',(3.57240111587271,0.,-57.));
#8626=CARTESIAN_POINT('Origin',(117.895,0.,-58.));
#8627=CARTESIAN_POINT('',(117.895,0.,-1.));
#8628=CARTESIAN_POINT('',(117.895,0.,3.46667389989702E-32));
#8629=CARTESIAN_POINT('',(117.895,-7.,-1.));
#8630=CARTESIAN_POINT('',(117.895,0.,-1.));
#8631=CARTESIAN_POINT('',(117.895,-7.,-12.));
#8632=CARTESIAN_POINT('',(117.895,-7.,-43.5));
#8633=CARTESIAN_POINT('',(117.895,-9.,-14.));
#8634=CARTESIAN_POINT('Origin',(117.895,-9.,-12.));
#8635=CARTESIAN_POINT('',(117.895,-18.5,-14.));
#8636=CARTESIAN_POINT('',(117.895,-6.875,-14.));
#8637=CARTESIAN_POINT('',(117.895,-18.5,-48.5));
#8638=CARTESIAN_POINT('Origin',(116.895,-18.5,-14.));
#8639=CARTESIAN_POINT('',(116.895,-19.5,-14.));
#8640=CARTESIAN_POINT('',(116.895,-18.5,-13.));
#8641=CARTESIAN_POINT('Origin',(116.895,-18.5,-14.));
#8642=CARTESIAN_POINT('Origin',(116.895,-18.5,-14.));
#8643=CARTESIAN_POINT('Origin',(116.895,-18.5,-14.));
#8644=CARTESIAN_POINT('Origin',(116.895,-18.5,-48.5));
#8645=CARTESIAN_POINT('',(116.895,-19.5,-48.5));
#8646=CARTESIAN_POINT('Origin',(65.3953600752035,-18.5,-14.));
#8647=CARTESIAN_POINT('',(65.3953600752035,-19.5,-14.));
#8648=CARTESIAN_POINT('Origin',(65.3953600752035,-18.5,-14.));
#8649=CARTESIAN_POINT('',(65.3953600752035,-18.5,-13.));
#8650=CARTESIAN_POINT('Origin',(65.3953600752035,-18.5,-14.));
#8651=CARTESIAN_POINT('Origin',(65.3953600752035,-18.5,-14.));
#8652=CARTESIAN_POINT('Origin',(77.77,-18.5,-14.));
#8653=CARTESIAN_POINT('',(77.77,-18.5,-13.));
#8654=CARTESIAN_POINT('',(77.77,-19.5,-14.));
#8655=CARTESIAN_POINT('Origin',(116.895,-9.,-12.));
#8656=CARTESIAN_POINT('',(116.895,-8.,-12.));
#8657=CARTESIAN_POINT('Origin',(116.895,-7.,-12.));
#8658=CARTESIAN_POINT('',(116.895,-9.,-13.));
#8659=CARTESIAN_POINT('Origin',(116.895,-9.,-12.));
#8660=CARTESIAN_POINT('Origin',(116.895,-9.,-14.));
#8661=CARTESIAN_POINT('Origin',(116.895,-7.,-1.));
#8662=CARTESIAN_POINT('',(116.895,-8.,-1.00000000000001));
#8663=CARTESIAN_POINT('Origin',(116.895,-7.,-1.00000000000001));
#8664=CARTESIAN_POINT('',(116.895,-7.,8.37754225840455E-33));
#8665=CARTESIAN_POINT('Origin',(116.895,-7.,-1.));
#8666=CARTESIAN_POINT('Origin',(116.895,-7.,-1.));
#8667=CARTESIAN_POINT('Origin',(116.895,0.,-1.));
#8668=CARTESIAN_POINT('',(116.895,0.,3.43775965076322E-32));
#8669=CARTESIAN_POINT('Origin',(116.895,0.,-1.));
#8670=CARTESIAN_POINT('',(116.895,0.,0.));
#8671=CARTESIAN_POINT('Origin',(65.3953600752035,-9.,-12.));
#8672=CARTESIAN_POINT('',(65.3953600752035,-9.,-13.));
#8673=CARTESIAN_POINT('Origin',(65.3953600752035,-9.,-14.));
#8674=CARTESIAN_POINT('',(65.3953600752035,-8.,-12.));
#8675=CARTESIAN_POINT('Origin',(65.3953600752035,-9.,-12.));
#8676=CARTESIAN_POINT('Origin',(65.3953600752035,-7.,-12.));
#8677=CARTESIAN_POINT('Origin',(74.54625,-9.,-12.));
#8678=CARTESIAN_POINT('',(74.54625,-8.,-12.));
#8679=CARTESIAN_POINT('',(74.54625,-9.,-13.));
#8680=CARTESIAN_POINT('Origin',(65.3953600752035,-7.,-1.));
#8681=CARTESIAN_POINT('',(65.3953600752035,-7.,0.));
#8682=CARTESIAN_POINT('Origin',(65.3953600752035,-7.,-1.));
#8683=CARTESIAN_POINT('',(65.3953600752035,-8.,-1.));
#8684=CARTESIAN_POINT('Origin',(65.3953600752035,-7.,-1.));
#8685=CARTESIAN_POINT('Origin',(65.3953600752035,-7.,-1.));
#8686=CARTESIAN_POINT('Origin',(65.3953600752035,-7.,-26.5499997306615));
#8687=CARTESIAN_POINT('',(65.3953600752035,-8.,-26.5499997306615));
#8688=CARTESIAN_POINT('Origin',(87.92125,-7.,-1.));
#8689=CARTESIAN_POINT('',(87.92125,-8.,-1.));
#8690=CARTESIAN_POINT('',(87.92125,-7.,0.));
#8691=CARTESIAN_POINT('Origin',(65.3953600752035,0.,-1.));
#8692=CARTESIAN_POINT('',(65.3953600752035,0.,1.94868623167663E-32));
#8693=CARTESIAN_POINT('Origin',(65.3953600752035,0.,-1.));
#8694=CARTESIAN_POINT('',(65.3953600752035,0.,0.));
#8695=CARTESIAN_POINT('Origin',(65.3953600752035,-6.875,-14.));
#8696=CARTESIAN_POINT('',(65.3953600752035,-6.875,-13.));
#8697=CARTESIAN_POINT('Origin',(116.895,-7.,-43.5));
#8698=CARTESIAN_POINT('',(116.895,-8.,-43.5));
#8699=CARTESIAN_POINT('Origin',(116.895,-6.875,-14.));
#8700=CARTESIAN_POINT('',(116.895,-6.875,-13.));
#8701=CARTESIAN_POINT('Origin',(65.3953600752035,-18.5,-31.5499997306615));
#8702=CARTESIAN_POINT('',(65.3953600752035,-19.5,-15.));
#8703=CARTESIAN_POINT('Origin',(65.3953600752035,-18.5,-15.));
#8704=CARTESIAN_POINT('',(65.3953600752035,-19.5,-31.5499997306615));
#8705=CARTESIAN_POINT('Origin',(64.395,-19.5,-39.));
#8706=CARTESIAN_POINT('',(77.77,-19.5,-15.));
#8707=CARTESIAN_POINT('Origin',(91.145,-13.75,-13.));
#8708=CARTESIAN_POINT('',(112.644903235749,-13.9000000018255,-13.));
#8709=CARTESIAN_POINT('',(112.644493909757,-17.0999999467082,-13.));
#8710=CARTESIAN_POINT('Origin',(112.645000003067,-15.4999999999998,-13.));
#8711=CARTESIAN_POINT('',(101.645005461002,-17.0999999999906,-13.));
#8712=CARTESIAN_POINT('',(101.645005461002,-17.0999999999999,-13.));
#8713=CARTESIAN_POINT('',(101.644902488198,-13.8999999999999,-13.));
#8714=CARTESIAN_POINT('Origin',(101.645000001534,-15.4999999999999,-13.));
#8715=CARTESIAN_POINT('',(112.644903235749,-13.8999999999998,-13.));
#8716=CARTESIAN_POINT('',(80.6450975148694,-13.9000000014857,-13.));
#8717=CARTESIAN_POINT('',(80.6449945420654,-17.1,-13.));
#8718=CARTESIAN_POINT('Origin',(80.6450000015336,-15.5,-13.));
#8719=CARTESIAN_POINT('',(69.6450245079064,-17.1,-13.));
#8720=CARTESIAN_POINT('',(80.6449945420654,-17.1,-13.));
#8721=CARTESIAN_POINT('',(69.6450967673183,-13.9000000019382,-13.));
#8722=CARTESIAN_POINT('Origin',(69.645,-15.5,-13.));
#8723=CARTESIAN_POINT('',(69.6450967673183,-13.9,-13.));
#8724=CARTESIAN_POINT('Origin',(57.9475,-8.,-29.));
#8725=CARTESIAN_POINT('Origin',(60.6488916069035,-7.,-23.099999461323));
#8726=CARTESIAN_POINT('',(60.6488916069035,-7.,-24.099999461323));
#8727=CARTESIAN_POINT('Origin',(60.6488916069035,-7.,-25.099999461323));
#8728=CARTESIAN_POINT('Origin',(60.6488916069035,-7.,-23.099999461323));
#8729=CARTESIAN_POINT('Origin',(58.7981958034517,-7.,-25.099999461323));
#8730=CARTESIAN_POINT('',(58.7981958034517,-7.,-24.099999461323));
#8731=CARTESIAN_POINT('Origin',(60.6488916069035,0.,-23.099999461323));
#8732=CARTESIAN_POINT('',(60.6488916069035,0.,-24.099999461323));
#8733=CARTESIAN_POINT('',(59.6488916069035,0.,-23.099999461323));
#8734=CARTESIAN_POINT('Origin',(60.6488916069035,0.,-23.099999461323));
#8735=CARTESIAN_POINT('',(59.6488916069035,0.,-23.099999461323));
#8736=CARTESIAN_POINT('',(60.6488916069035,0.,-24.099999461323));
#8737=CARTESIAN_POINT('Origin',(57.9475,0.,-29.));
#8738=CARTESIAN_POINT('',(3.57240111587271,0.,-41.6370778593127));
#8739=CARTESIAN_POINT('',(3.57240111587271,0.,-26.471996763234));
#8740=CARTESIAN_POINT('',(6.90418117325347,0.,-41.6370778593127));
#8741=CARTESIAN_POINT('',(30.161341982898,0.,-41.6370778593127));
#8742=CARTESIAN_POINT('',(6.90418117325347,0.,-24.7665034168483));
#8743=CARTESIAN_POINT('',(6.90418117325347,0.,-35.3185389296563));
#8744=CARTESIAN_POINT('',(3.57240111587271,0.,-24.7665034168483));
#8745=CARTESIAN_POINT('',(32.4258405866267,0.,-24.7665034168483));
#8746=CARTESIAN_POINT('',(3.57240111587271,0.,-23.9439935264681));
#8747=CARTESIAN_POINT('',(3.57240111587271,0.,-26.471996763234));
#8748=CARTESIAN_POINT('',(-0.500000010386168,0.,-23.9439935264681));
#8749=CARTESIAN_POINT('',(28.7237499948069,0.,-23.9439935264681));
#8750=CARTESIAN_POINT('',(-0.500000012003713,0.,-14.5000002160668));
#8751=CARTESIAN_POINT('',(-0.50000001076195,0.,-21.7500001130388));
#8752=CARTESIAN_POINT('',(2.74588342360387,0.,-14.5000002160668));
#8753=CARTESIAN_POINT('',(30.3466917118019,0.,-14.5000002160668));
#8754=CARTESIAN_POINT('',(2.74588342360387,0.,-10.1706006896735));
#8755=CARTESIAN_POINT('',(2.74588342360388,0.,-19.5853003448368));
#8756=CARTESIAN_POINT('',(-0.500000008419653,0.,-10.1706006896735));
#8757=CARTESIAN_POINT('',(28.7237499957902,0.,-10.1706006896735));
#8758=CARTESIAN_POINT('',(-0.500000012003712,0.,-14.4999999758073));
#8759=CARTESIAN_POINT('',(59.6488916069035,0.,-14.5));
#8760=CARTESIAN_POINT('',(58.7981958034517,0.,-24.099999461323));
#8761=CARTESIAN_POINT('',(-2.,0.,0.));
#8762=CARTESIAN_POINT('',(52.0969747872871,0.,-52.3767578103685));
#8763=CARTESIAN_POINT('',(52.0969747872871,0.,-43.8701663908425));
#8764=CARTESIAN_POINT('',(39.8148950172429,0.,-52.3767578103685));
#8765=CARTESIAN_POINT('',(55.0222373936435,0.,-52.3767578103685));
#8766=CARTESIAN_POINT('',(39.8148950172429,0.,-40.6883789051843));
#8767=CARTESIAN_POINT('',(8.51615058722179,0.,-32.8743453646318));
#8768=CARTESIAN_POINT('',(15.5476010486243,0.,-32.8743453646318));
#8769=CARTESIAN_POINT('',(33.2318252936109,0.,-32.8743453646318));
#8770=CARTESIAN_POINT('',(15.5476010486243,0.,-23.0901466460213));
#8771=CARTESIAN_POINT('',(15.5476010486243,0.,-30.9371726823159));
#8772=CARTESIAN_POINT('',(8.51615058722179,0.,-23.0901466460213));
#8773=CARTESIAN_POINT('',(36.7475505243122,0.,-23.0901466460213));
#8774=CARTESIAN_POINT('',(8.51615058722179,0.,-26.0450733230106));
#8775=CARTESIAN_POINT('',(19.5,0.,-9.));
#8776=CARTESIAN_POINT('Origin',(22.5,0.,-9.));
#8777=CARTESIAN_POINT('',(51.,0.,-9.5));
#8778=CARTESIAN_POINT('Origin',(54.,0.,-9.5));
#8779=CARTESIAN_POINT('',(48.2842164948488,0.,-33.3029167995894));
#8780=CARTESIAN_POINT('',(54.5276398680788,0.,-33.3029167995894));
#8781=CARTESIAN_POINT('',(52.7218447033381,0.,-33.3029167995894));
#8782=CARTESIAN_POINT('',(54.5276398680788,0.,-23.5187180809789));
#8783=CARTESIAN_POINT('',(54.5276398680788,0.,-31.1514583997947));
#8784=CARTESIAN_POINT('',(47.4961894066763,0.,-23.5187180809789));
#8785=CARTESIAN_POINT('',(56.2375699340394,0.,-23.5187180809789));
#8786=CARTESIAN_POINT('',(47.4961894066763,0.,-30.8432250840945));
#8787=CARTESIAN_POINT('',(47.4961894066763,0.,-26.2593590404895));
#8788=CARTESIAN_POINT('Origin',(45.05,0.,-32.983004836));
#8789=CARTESIAN_POINT('',(27.55,0.,-32.983004836));
#8790=CARTESIAN_POINT('Origin',(30.8,0.,-32.983004836));
#8791=CARTESIAN_POINT('',(24.3,0.,-49.));
#8792=CARTESIAN_POINT('Origin',(29.8,0.,-49.));
#8793=CARTESIAN_POINT('',(8.,0.,-9.00000010058285));
#8794=CARTESIAN_POINT('Origin',(13.5,0.,-9.00000010058285));
#8795=CARTESIAN_POINT('',(39.5,0.,-9.50000000000001));
#8796=CARTESIAN_POINT('Origin',(45.,0.,-9.50000000000001));
#8797=CARTESIAN_POINT('Origin',(7.90418117325347,-4.,-40.));
#8798=CARTESIAN_POINT('',(6.90418117325347,-4.,-40.));
#8799=CARTESIAN_POINT('Origin',(61.2673412847624,-23.6,-40.));
#8800=CARTESIAN_POINT('',(61.2673412847624,-22.6,-40.));
#8801=CARTESIAN_POINT('Origin',(2.37518396579597,0.,-24.7665034168483));
#8802=CARTESIAN_POINT('',(2.37518396579597,-22.6,-41.6370778593127));
#8803=CARTESIAN_POINT('',(2.37518396579597,-22.6,-41.6370778593127));
#8804=CARTESIAN_POINT('',(2.37518396579597,0.,-41.6370778593127));
#8805=CARTESIAN_POINT('',(2.37518396579597,0.,-41.6370778593127));
#8806=CARTESIAN_POINT('',(2.37518396579597,0.,-24.7665034168483));
#8807=CARTESIAN_POINT('',(2.37518396579597,0.,-41.6370778593127));
#8808=CARTESIAN_POINT('',(2.37518396579597,0.,-24.7665034168483));
#8809=CARTESIAN_POINT('Origin',(4.63968256952472,-22.6,-33.2017906380805));
#8810=CARTESIAN_POINT('',(6.90418117325347,-22.6,-41.6370778593127));
#8811=CARTESIAN_POINT('',(6.90418117325347,-22.6,-24.7665034168483));
#8812=CARTESIAN_POINT('',(6.90418117325347,-22.6,-41.6370778593127));
#8813=CARTESIAN_POINT('Origin',(6.90418117325347,0.,-41.6370778593127));
#8814=CARTESIAN_POINT('',(6.90418117325347,0.,-24.7665034168483));
#8815=CARTESIAN_POINT('',(6.90418117325347,0.,-41.6370778593127));
#8816=CARTESIAN_POINT('Origin',(75.4921456750771,-30.999999525023,-58.));
#8817=CARTESIAN_POINT('Origin',(80.6450000015336,-15.5,-16.));
#8818=CARTESIAN_POINT('',(80.6450000015336,-11.9,-16.));
#8819=CARTESIAN_POINT('Origin',(80.6450000015336,-15.5,-16.));
#8820=CARTESIAN_POINT('',(80.6450000015336,-11.9,-16.));
#8821=CARTESIAN_POINT('Origin',(69.645,-11.8999999999949,-16.));
#8822=CARTESIAN_POINT('',(85.8950000015381,-11.9000000000024,-16.));
#8823=CARTESIAN_POINT('Origin',(69.645,-46.4999990500561,-16.));
#8824=CARTESIAN_POINT('',(69.645,-50.0999990500561,-16.));
#8825=CARTESIAN_POINT('Origin',(69.645,-46.4999990500561,-16.));
#8826=CARTESIAN_POINT('',(69.645,-50.0999990500561,-16.));
#8827=CARTESIAN_POINT('Origin',(80.6450000015337,-50.099999050051,-16.));
#8828=CARTESIAN_POINT('',(80.3950000007713,-50.0999990500511,-16.));
#8829=CARTESIAN_POINT('Origin',(101.645000001534,-15.5,-16.));
#8830=CARTESIAN_POINT('',(101.645000001534,-19.1,-16.));
#8831=CARTESIAN_POINT('Origin',(101.645000001534,-15.5,-16.));
#8832=CARTESIAN_POINT('',(101.645000001534,-19.1,-16.));
#8833=CARTESIAN_POINT('Origin',(112.645000003067,-19.0999999999949,-16.));
#8834=CARTESIAN_POINT('',(96.3950000015309,-19.1000000000024,-16.));
#8835=CARTESIAN_POINT('Origin',(101.645000001534,-46.499999050051,-16.));
#8836=CARTESIAN_POINT('',(101.645000001534,-50.099999050051,-16.));
#8837=CARTESIAN_POINT('Origin',(101.645000001534,-46.499999050051,-16.));
#8838=CARTESIAN_POINT('',(101.645000001534,-50.099999050051,-16.));
#8839=CARTESIAN_POINT('Origin',(112.645000003067,-50.0999990500561,-16.));
#8840=CARTESIAN_POINT('',(96.3950000015292,-50.0999990500485,-16.));
#8841=CARTESIAN_POINT('Origin',(91.145,-31.,-15.));
#8842=CARTESIAN_POINT('Origin',(117.895,-42.5,-39.));
#8843=CARTESIAN_POINT('Origin',(45.,0.,-9.50000000000001));
#8844=CARTESIAN_POINT('',(39.5,-2.,-9.50000000000001));
#8845=CARTESIAN_POINT('',(39.5,0.,-9.50000000000001));
#8846=CARTESIAN_POINT('Origin',(45.,-2.,-9.50000000000001));
#8847=CARTESIAN_POINT('Origin',(45.,-2.,-9.50000000000001));
#8848=CARTESIAN_POINT('Origin',(13.5,0.,-9.00000010058285));
#8849=CARTESIAN_POINT('',(8.,-2.,-9.00000010058285));
#8850=CARTESIAN_POINT('',(8.,0.,-9.00000010058285));
#8851=CARTESIAN_POINT('Origin',(13.5,-2.,-9.00000010058285));
#8852=CARTESIAN_POINT('Origin',(13.5,-2.,-9.00000010058285));
#8853=CARTESIAN_POINT('Origin',(29.8,0.,-49.));
#8854=CARTESIAN_POINT('',(24.3,-2.,-49.));
#8855=CARTESIAN_POINT('',(24.3,0.,-49.));
#8856=CARTESIAN_POINT('Origin',(29.8,-2.,-49.));
#8857=CARTESIAN_POINT('Origin',(29.8,-2.,-49.));
#8858=CARTESIAN_POINT('Origin',(117.895,-8.,-40.));
#8859=CARTESIAN_POINT('',(7.4,-27.3638502181797,-40.));
#8860=CARTESIAN_POINT('',(10.55,-27.3638502181797,-40.));
#8861=CARTESIAN_POINT('',(62.6475,-27.3638502181797,-40.));
#8862=CARTESIAN_POINT('',(7.4,-25.1138502181797,-40.));
#8863=CARTESIAN_POINT('',(7.4,-16.5569251090898,-40.));
#8864=CARTESIAN_POINT('',(5.6,-25.1138502181797,-40.));
#8865=CARTESIAN_POINT('',(61.7475,-25.1138502181797,-40.));
#8866=CARTESIAN_POINT('',(5.6,-35.8138502181797,-40.));
#8867=CARTESIAN_POINT('',(5.6,-21.9069251090898,-40.));
#8868=CARTESIAN_POINT('',(7.4,-35.8138502181797,-40.));
#8869=CARTESIAN_POINT('',(62.6475,-35.8138502181797,-40.));
#8870=CARTESIAN_POINT('',(7.4,-33.5638502181797,-40.));
#8871=CARTESIAN_POINT('',(7.4,-20.7819251090898,-40.));
#8872=CARTESIAN_POINT('',(10.55,-33.5638502181797,-40.));
#8873=CARTESIAN_POINT('',(64.2225,-33.5638502181797,-40.));
#8874=CARTESIAN_POINT('',(10.55,-17.6819251090898,-40.));
#8875=CARTESIAN_POINT('Origin',(7.4,-27.3638502181797,-39.));
#8876=CARTESIAN_POINT('',(10.55,-27.3638502181797,-39.));
#8877=CARTESIAN_POINT('',(7.4,-27.3638502181797,-39.));
#8878=CARTESIAN_POINT('Origin',(7.4,-25.1138502181797,-39.));
#8879=CARTESIAN_POINT('',(7.4,-25.1138502181797,-39.));
#8880=CARTESIAN_POINT('Origin',(5.6,-25.1138502181797,-39.));
#8881=CARTESIAN_POINT('',(5.6,-25.1138502181797,-39.));
#8882=CARTESIAN_POINT('Origin',(5.6,-35.8138502181797,-39.));
#8883=CARTESIAN_POINT('',(5.6,-35.8138502181797,-39.));
#8884=CARTESIAN_POINT('Origin',(7.4,-35.8138502181797,-39.));
#8885=CARTESIAN_POINT('',(7.4,-35.8138502181797,-39.));
#8886=CARTESIAN_POINT('Origin',(7.4,-33.5638502181797,-39.));
#8887=CARTESIAN_POINT('',(7.4,-33.5638502181797,-39.));
#8888=CARTESIAN_POINT('Origin',(10.55,-33.5638502181797,-39.));
#8889=CARTESIAN_POINT('',(10.55,-33.5638502181797,-39.));
#8890=CARTESIAN_POINT('Origin',(10.55,-27.3638502181797,-39.));
#8891=CARTESIAN_POINT('Origin',(3.6,-23.1138502181797,-39.));
#8892=CARTESIAN_POINT('Origin',(24.3948916069035,-8.,-27.9));
#8893=CARTESIAN_POINT('',(24.3948916069035,-4.,-27.9));
#8894=CARTESIAN_POINT('',(24.3948916069035,-8.,-27.9));
#8895=CARTESIAN_POINT('',(24.3948916069035,-4.,-25.4));
#8896=CARTESIAN_POINT('',(24.3948916069035,-4.,-27.9));
#8897=CARTESIAN_POINT('',(24.3948916069035,-8.,-25.4));
#8898=CARTESIAN_POINT('Origin',(24.8948916069035,-8.,-27.9));
#8899=CARTESIAN_POINT('',(24.8948916069035,-4.,-28.4));
#8900=CARTESIAN_POINT('',(24.8948916069035,-8.,-28.4));
#8901=CARTESIAN_POINT('Origin',(24.8948916069035,-4.,-27.9));
#8902=CARTESIAN_POINT('Origin',(47.4961894066763,-8.,-28.4));
#8903=CARTESIAN_POINT('',(47.4961894066763,-4.,-28.4));
#8904=CARTESIAN_POINT('',(47.4961894066763,-4.,-28.4));
#8905=CARTESIAN_POINT('',(51.8948916069035,-4.,-28.4));
#8906=CARTESIAN_POINT('Origin',(24.8948916069035,-8.,-24.9));
#8907=CARTESIAN_POINT('',(24.8948916069035,-4.,-24.9));
#8908=CARTESIAN_POINT('',(24.8948916069035,-8.,-24.9));
#8909=CARTESIAN_POINT('',(47.4961894066763,-4.,-24.9));
#8910=CARTESIAN_POINT('',(24.8948916069035,-4.,-24.9));
#8911=CARTESIAN_POINT('',(47.4961894066763,-4.,-24.9));
#8912=CARTESIAN_POINT('Origin',(24.8948916069035,-8.,-25.4));
#8913=CARTESIAN_POINT('Origin',(24.8948916069035,-4.,-25.4));
#8914=CARTESIAN_POINT('Origin',(35.9455405067899,-4.,-26.65));
#8915=CARTESIAN_POINT('',(47.4961894066763,-4.,-25.0843590404895));
#8916=CARTESIAN_POINT('Origin',(47.4961894066763,0.,-23.5187180809789));
#8917=CARTESIAN_POINT('',(47.4961894066763,-7.2,-30.8432250840945));
#8918=CARTESIAN_POINT('',(47.4961894066763,-7.2,-30.8432250840945));
#8919=CARTESIAN_POINT('',(47.4961894066763,-7.2,-32.2340456807787));
#8920=CARTESIAN_POINT('',(47.4961894066763,-7.2,-28.2508614584895));
#8921=CARTESIAN_POINT('',(47.4961894066763,-7.10874247712914,-33.3029167995894));
#8922=CARTESIAN_POINT('Ctrl Pts',(47.4961894066763,-7.10874247712914,-33.3029167995894));
#8923=CARTESIAN_POINT('Ctrl Pts',(47.4961894066763,-7.04069781000781,-32.7781863910894));
#8924=CARTESIAN_POINT('Ctrl Pts',(47.4961894066763,-7.2,-32.2340456807788));
#8925=CARTESIAN_POINT('',(47.4961894066763,-6.2,-33.3029167995894));
#8926=CARTESIAN_POINT('',(47.4961894066763,0.,-33.3029167995894));
#8927=CARTESIAN_POINT('',(47.4961894066763,-6.2,-30.8432250840945));
#8928=CARTESIAN_POINT('',(47.4961894066763,-6.2,-28.2508614584895));
#8929=CARTESIAN_POINT('',(47.4961894066763,0.,-30.8432250840945));
#8930=CARTESIAN_POINT('',(47.4961894066763,0.,-23.5187180809789));
#8931=CARTESIAN_POINT('Origin',(46.3948916069035,-8.,-16.1249999403954));
#8932=CARTESIAN_POINT('',(46.3948916069035,-3.,-16.1249999403954));
#8933=CARTESIAN_POINT('',(46.3948916069035,-8.,-16.1249999403954));
#8934=CARTESIAN_POINT('',(46.3948916069035,-3.,-18.125));
#8935=CARTESIAN_POINT('',(46.3948916069035,-3.,-16.1249999403954));
#8936=CARTESIAN_POINT('',(46.3948916069035,-8.,-18.125));
#8937=CARTESIAN_POINT('Origin',(45.3948916069035,-8.,-16.1249999403954));
#8938=CARTESIAN_POINT('',(45.3948916069035,-3.,-15.1249999403954));
#8939=CARTESIAN_POINT('',(45.3948916069035,-8.,-15.1249999403954));
#8940=CARTESIAN_POINT('Origin',(45.3948916069035,-3.,-16.1249999403954));
#8941=CARTESIAN_POINT('Origin',(31.3948916069035,-8.,-15.1249999403954));
#8942=CARTESIAN_POINT('',(31.3948916069035,-3.,-15.1249999403954));
#8943=CARTESIAN_POINT('',(31.3948916069035,-8.,-15.1249999403954));
#8944=CARTESIAN_POINT('',(31.3948916069035,-3.,-15.1249999403954));
#8945=CARTESIAN_POINT('Origin',(31.3948916069035,-8.,-16.1249999403954));
#8946=CARTESIAN_POINT('',(30.3948916069035,-3.,-16.1249999403954));
#8947=CARTESIAN_POINT('',(30.3948916069035,-8.,-16.1249999403954));
#8948=CARTESIAN_POINT('Origin',(31.3948916069035,-3.,-16.1249999403954));
#8949=CARTESIAN_POINT('Origin',(30.3948916069035,-8.,-18.125));
#8950=CARTESIAN_POINT('',(30.3948916069035,-3.,-18.125));
#8951=CARTESIAN_POINT('',(30.3948916069035,-8.,-18.125));
#8952=CARTESIAN_POINT('',(30.3948916069035,-3.,-18.125));
#8953=CARTESIAN_POINT('Origin',(31.3948916069035,-8.,-18.125));
#8954=CARTESIAN_POINT('',(31.3948916069035,-3.,-19.125));
#8955=CARTESIAN_POINT('',(31.3948916069035,-8.,-19.125));
#8956=CARTESIAN_POINT('Origin',(31.3948916069035,-3.,-18.125));
#8957=CARTESIAN_POINT('Origin',(45.3948916069035,-8.,-19.125));
#8958=CARTESIAN_POINT('',(45.3948916069035,-3.,-19.125));
#8959=CARTESIAN_POINT('',(45.3948916069035,-8.,-19.125));
#8960=CARTESIAN_POINT('',(45.3948916069035,-3.,-19.125));
#8961=CARTESIAN_POINT('Origin',(45.3948916069035,-8.,-18.125));
#8962=CARTESIAN_POINT('Origin',(45.3948916069035,-3.,-18.125));
#8963=CARTESIAN_POINT('Origin',(38.3948916069035,-3.,-17.1249999701977));
#8964=CARTESIAN_POINT('Origin',(101.644902488198,-48.0999990500511,-13.));
#8965=CARTESIAN_POINT('',(112.644903235749,-48.0999990481129,-16.));
#8966=CARTESIAN_POINT('',(112.644903235749,-48.0999990481129,-13.));
#8967=CARTESIAN_POINT('',(101.644902488198,-48.0999990485653,-16.));
#8968=CARTESIAN_POINT('',(112.644903235749,-48.0999990500512,-16.));
#8969=CARTESIAN_POINT('',(101.644902488198,-48.0999990485653,-13.));
#8970=CARTESIAN_POINT('Origin',(101.645000001534,-46.4999990500511,-13.));
#8971=CARTESIAN_POINT('',(101.645005461002,-44.8999990500511,-16.));
#8972=CARTESIAN_POINT('Origin',(101.645000001534,-46.4999990500511,-16.));
#8973=CARTESIAN_POINT('',(101.645005461002,-44.8999990500511,-13.));
#8974=CARTESIAN_POINT('Origin',(112.644975495161,-44.8999990500511,-13.));
#8975=CARTESIAN_POINT('',(112.644975495161,-44.8999990500511,-16.));
#8976=CARTESIAN_POINT('',(101.645005461002,-44.8999990500511,-16.));
#8977=CARTESIAN_POINT('',(112.644975495161,-44.8999990500511,-13.));
#8978=CARTESIAN_POINT('Origin',(112.645000003067,-46.4999990500511,-13.));
#8979=CARTESIAN_POINT('Origin',(112.645000003067,-46.4999990500511,-16.));
#8980=CARTESIAN_POINT('Origin',(107.145000002305,-46.499999050051,-16.));
#8981=CARTESIAN_POINT('Origin',(69.6450245079064,-17.1,-13.));
#8982=CARTESIAN_POINT('',(80.6449945420654,-17.1,-16.));
#8983=CARTESIAN_POINT('',(80.6449945420654,-17.1,-13.));
#8984=CARTESIAN_POINT('',(69.6450245079064,-17.1,-16.));
#8985=CARTESIAN_POINT('',(80.6449945420654,-17.1,-16.));
#8986=CARTESIAN_POINT('',(69.6450245079064,-17.1,-13.));
#8987=CARTESIAN_POINT('Origin',(69.645,-15.5,-13.));
#8988=CARTESIAN_POINT('',(69.6450967673183,-13.9000000019382,-16.));
#8989=CARTESIAN_POINT('Origin',(69.645,-15.5,-16.));
#8990=CARTESIAN_POINT('',(69.6450967673183,-13.9000000019382,-13.));
#8991=CARTESIAN_POINT('Origin',(80.6450975148694,-13.9,-13.));
#8992=CARTESIAN_POINT('',(80.6450975148694,-13.9000000014857,-16.));
#8993=CARTESIAN_POINT('',(69.6450967673183,-13.9,-16.));
#8994=CARTESIAN_POINT('',(80.6450975148694,-13.9000000014857,-13.));
#8995=CARTESIAN_POINT('Origin',(80.6450000015336,-15.5,-13.));
#8996=CARTESIAN_POINT('Origin',(80.6450000015336,-15.5,-16.));
#8997=CARTESIAN_POINT('Origin',(75.1450000007675,-15.4999999999993,-16.));
#8998=CARTESIAN_POINT('Origin',(69.645,-46.499999050051,-13.));
#8999=CARTESIAN_POINT('',(69.6450967673181,-48.099999048169,-16.));
#9000=CARTESIAN_POINT('',(69.6450967673181,-48.099999048169,-13.));
#9001=CARTESIAN_POINT('',(69.6455060933098,-44.8999991033426,-16.));
#9002=CARTESIAN_POINT('Origin',(69.645,-46.499999050051,-16.));
#9003=CARTESIAN_POINT('',(69.6455060933098,-44.8999991033426,-13.));
#9004=CARTESIAN_POINT('Origin',(80.6449945420654,-44.899999050051,-13.));
#9005=CARTESIAN_POINT('',(80.6449945420654,-44.8999990500603,-16.));
#9006=CARTESIAN_POINT('',(80.6449945420654,-44.899999050051,-16.));
#9007=CARTESIAN_POINT('',(80.6449945420654,-44.8999990500603,-13.));
#9008=CARTESIAN_POINT('Origin',(80.6450000015336,-46.499999050051,-13.));
#9009=CARTESIAN_POINT('',(80.6450975148695,-48.099999050051,-16.));
#9010=CARTESIAN_POINT('Origin',(80.6450000015336,-46.499999050051,-16.));
#9011=CARTESIAN_POINT('',(80.6450975148695,-48.099999050051,-13.));
#9012=CARTESIAN_POINT('Origin',(69.6450967673181,-48.099999050051,-13.));
#9013=CARTESIAN_POINT('',(69.6450967673183,-48.099999050051,-16.));
#9014=CARTESIAN_POINT('Origin',(75.1450000007455,-46.4999990500503,-16.));
#9015=CARTESIAN_POINT('Origin',(101.645005461002,-17.0999999999999,-13.));
#9016=CARTESIAN_POINT('',(112.644493909757,-17.0999999467082,-16.));
#9017=CARTESIAN_POINT('',(112.644493909757,-17.0999999467082,-13.));
#9018=CARTESIAN_POINT('',(101.645005461002,-17.0999999999906,-16.));
#9019=CARTESIAN_POINT('',(101.645005461002,-17.0999999999999,-16.));
#9020=CARTESIAN_POINT('',(101.645005461002,-17.0999999999906,-13.));
#9021=CARTESIAN_POINT('Origin',(101.645000001534,-15.4999999999999,-13.));
#9022=CARTESIAN_POINT('',(101.644902488198,-13.8999999999999,-16.));
#9023=CARTESIAN_POINT('Origin',(101.645000001534,-15.4999999999999,-16.));
#9024=CARTESIAN_POINT('',(101.644902488198,-13.8999999999999,-13.));
#9025=CARTESIAN_POINT('Origin',(112.644903235749,-13.8999999999998,-13.));
#9026=CARTESIAN_POINT('',(112.644903235749,-13.9000000018255,-16.));
#9027=CARTESIAN_POINT('',(112.644903235749,-13.8999999999998,-16.));
#9028=CARTESIAN_POINT('',(112.644903235749,-13.9000000018255,-13.));
#9029=CARTESIAN_POINT('Origin',(112.645000003067,-15.4999999999998,-13.));
#9030=CARTESIAN_POINT('Origin',(112.645000003067,-15.4999999999998,-16.));
#9031=CARTESIAN_POINT('Origin',(107.145000002292,-15.4999999999922,-16.));
#9032=CARTESIAN_POINT('Origin',(47.4961894066763,0.,-33.3029167995894));
#9033=CARTESIAN_POINT('',(48.2842164948488,-6.2,-33.3029167995894));
#9034=CARTESIAN_POINT('',(46.2730947033381,-6.2,-33.3029167995894));
#9035=CARTESIAN_POINT('',(47.5881959666419,-7.2,-33.3029167995894));
#9036=CARTESIAN_POINT('Ctrl Pts',(47.5881959666419,-7.2,-33.3029167995894));
#9037=CARTESIAN_POINT('Ctrl Pts',(47.5413572842116,-7.15352897917641,-33.3029167995894));
#9038=CARTESIAN_POINT('Ctrl Pts',(47.4961894066763,-7.10874247712914,-33.3029167995894));
#9039=CARTESIAN_POINT('',(48.2842164948488,-7.2,-33.3029167995894));
#9040=CARTESIAN_POINT('',(42.7105947033381,-7.2,-33.3029167995894));
#9041=CARTESIAN_POINT('',(48.2842164948488,-7.2,-33.3029167995894));
#9042=CARTESIAN_POINT('',(54.5276398680788,0.,-33.3029167995894));
#9043=CARTESIAN_POINT('',(48.2842164948488,0.,-33.3029167995894));
#9044=CARTESIAN_POINT('Origin',(54.5276398680788,0.,-33.3029167995894));
#9045=CARTESIAN_POINT('',(54.5276398680788,0.,-23.5187180809789));
#9046=CARTESIAN_POINT('Origin',(54.5276398680788,0.,-23.5187180809789));
#9047=CARTESIAN_POINT('Origin',(8.51615058722179,0.,-32.8743453646318));
#9048=CARTESIAN_POINT('',(15.5476010486243,0.,-32.8743453646318));
#9049=CARTESIAN_POINT('',(8.51615058722179,0.,-32.8743453646318));
#9050=CARTESIAN_POINT('Origin',(8.51615058722179,0.,-23.0901466460213));
#9051=CARTESIAN_POINT('',(8.51615058722179,0.,-23.0901466460213));
#9052=CARTESIAN_POINT('Origin',(15.5476010486243,0.,-23.0901466460213));
#9053=CARTESIAN_POINT('',(15.5476010486243,0.,-23.0901466460213));
#9054=CARTESIAN_POINT('Origin',(15.5476010486243,0.,-32.8743453646318));
#9055=CARTESIAN_POINT('Origin',(45.05,0.,-32.983004836));
#9056=CARTESIAN_POINT('Origin',(45.05,-6.2,-32.983004836));
#9057=CARTESIAN_POINT('Origin',(59.6488916069035,0.,0.));
#9058=CARTESIAN_POINT('Origin',(59.6488916069035,0.,-24.099999461323));
#9059=CARTESIAN_POINT('Origin',(6.90418117325347,0.,-24.7665034168483));
#9060=CARTESIAN_POINT('',(2.37518396579597,0.,-24.7665034168483));
#9061=CARTESIAN_POINT('Origin',(2.37518396579597,0.,-41.6370778593127));
#9062=CARTESIAN_POINT('',(6.90418117325347,0.,-41.6370778593127));
#9063=CARTESIAN_POINT('Origin',(4.63968256952472,0.,-33.2017906380805));
#9064=CARTESIAN_POINT('',(3.57240111587271,0.,-26.471996763234));
#9065=CARTESIAN_POINT('Origin',(117.895,0.,3.46667389989702E-32));
#9066=CARTESIAN_POINT('Origin',(39.395,-30.,-46.));
#9067=CARTESIAN_POINT('',(54.145,-30.,-51.));
#9068=CARTESIAN_POINT('Origin',(39.395,-30.,-51.));
#9069=CARTESIAN_POINT('',(54.145,-30.,-46.));
#9070=CARTESIAN_POINT('',(54.145,-30.,-46.));
#9071=CARTESIAN_POINT('Origin',(39.395,-30.,-46.));
#9072=CARTESIAN_POINT('Origin',(39.395,-30.,-46.));
#9073=CARTESIAN_POINT('Origin',(39.395,-30.,-51.));
#9074=CARTESIAN_POINT('Origin',(45.05,-6.75,-32.983004836));
#9075=CARTESIAN_POINT('',(43.3917227614027,-6.3,-32.983004836));
#9076=CARTESIAN_POINT('Origin',(45.05,-6.3,-32.983004836));
#9077=CARTESIAN_POINT('',(42.4917227614027,-7.2,-32.983004836));
#9078=CARTESIAN_POINT('',(42.9417227614027,-6.75,-32.983004836));
#9079=CARTESIAN_POINT('Origin',(45.05,-7.2,-32.983004836));
#9080=CARTESIAN_POINT('Origin',(45.05,-7.2,-32.983004836));
#9081=CARTESIAN_POINT('Origin',(37.925,-7.2,-32.983004836));
#9082=CARTESIAN_POINT('Origin',(45.05,-7.2,-32.983004836));
#9083=CARTESIAN_POINT('Origin',(45.05,0.,-32.983004836));
#9084=CARTESIAN_POINT('',(43.3917227614027,-6.2,-32.983004836));
#9085=CARTESIAN_POINT('Origin',(45.05,-6.2,-32.983004836));
#9086=CARTESIAN_POINT('',(43.3917227614027,0.,-32.983004836));
#9087=CARTESIAN_POINT('Origin',(30.8,-6.75,-32.983004836));
#9088=CARTESIAN_POINT('',(29.1417227614027,-6.3,-32.983004836));
#9089=CARTESIAN_POINT('Origin',(30.8,-6.3,-32.983004836));
#9090=CARTESIAN_POINT('',(28.2417227614027,-7.2,-32.983004836));
#9091=CARTESIAN_POINT('',(28.6917227614027,-6.75,-32.983004836));
#9092=CARTESIAN_POINT('Origin',(30.8,-7.2,-32.983004836));
#9093=CARTESIAN_POINT('Origin',(37.925,-7.2,-32.983004836));
#9094=CARTESIAN_POINT('',(27.55,-7.2,-32.983004836));
#9095=CARTESIAN_POINT('Origin',(30.8,-7.2,-32.983004836));
#9096=CARTESIAN_POINT('Origin',(30.8,0.,-32.983004836));
#9097=CARTESIAN_POINT('',(29.1417227614027,-6.2,-32.983004836));
#9098=CARTESIAN_POINT('Origin',(30.8,-6.2,-32.983004836));
#9099=CARTESIAN_POINT('',(29.1417227614027,0.,-32.983004836));
#9100=CARTESIAN_POINT('Origin',(54.,-1.55,-9.5));
#9101=CARTESIAN_POINT('',(52.6131628756811,-1.1,-9.5));
#9102=CARTESIAN_POINT('Origin',(54.,-1.1,-9.5));
#9103=CARTESIAN_POINT('',(51.7131628756811,-2.,-9.5));
#9104=CARTESIAN_POINT('',(52.1631628756811,-1.55,-9.5));
#9105=CARTESIAN_POINT('Origin',(54.,-2.,-9.5));
#9106=CARTESIAN_POINT('Origin',(38.25,-2.,-9.25));
#9107=CARTESIAN_POINT('',(51.,-2.,-9.5));
#9108=CARTESIAN_POINT('Origin',(54.,-2.,-9.5));
#9109=CARTESIAN_POINT('Origin',(54.,0.,-9.5));
#9110=CARTESIAN_POINT('',(52.6131628756811,-1.,-9.5));
#9111=CARTESIAN_POINT('Origin',(54.,-1.,-9.5));
#9112=CARTESIAN_POINT('',(52.6131628756811,0.,-9.5));
#9113=CARTESIAN_POINT('Origin',(22.5,-1.55,-9.));
#9114=CARTESIAN_POINT('',(21.1131628756811,-1.1,-9.));
#9115=CARTESIAN_POINT('Origin',(22.5,-1.1,-9.));
#9116=CARTESIAN_POINT('',(20.2131628756811,-2.,-9.));
#9117=CARTESIAN_POINT('',(20.6631628756811,-1.55,-9.));
#9118=CARTESIAN_POINT('Origin',(22.5,-2.,-9.));
#9119=CARTESIAN_POINT('Origin',(38.25,-2.,-9.25));
#9120=CARTESIAN_POINT('',(19.5,-2.,-9.));
#9121=CARTESIAN_POINT('Origin',(22.5,-2.,-9.));
#9122=CARTESIAN_POINT('Origin',(22.5,0.,-9.));
#9123=CARTESIAN_POINT('',(21.1131628756811,-1.,-9.));
#9124=CARTESIAN_POINT('Origin',(22.5,-1.,-9.));
#9125=CARTESIAN_POINT('',(21.1131628756811,0.,-9.));
#9126=CARTESIAN_POINT('Origin',(3.57240111587271,0.,-23.9439935264681));
#9127=CARTESIAN_POINT('',(3.57240111587271,0.,-23.9439935264681));
#9128=CARTESIAN_POINT('Origin',(-0.500000010386168,0.,-23.9439935264681));
#9129=CARTESIAN_POINT('',(-0.500000010386168,0.,-23.9439935264681));
#9130=CARTESIAN_POINT('Origin',(-0.500000012003713,0.,-14.5000002160668));
#9131=CARTESIAN_POINT('',(-0.500000012003713,0.,-14.5000002160668));
#9132=CARTESIAN_POINT('Origin',(2.74588342360387,0.,-14.5000002160668));
#9133=CARTESIAN_POINT('',(2.74588342360387,0.,-14.5000002160668));
#9134=CARTESIAN_POINT('Origin',(2.74588342360387,0.,-10.1706006896735));
#9135=CARTESIAN_POINT('',(2.74588342360387,0.,-10.1706006896735));
#9136=CARTESIAN_POINT('Origin',(-0.500000008419653,0.,-10.1706006896735));
#9137=CARTESIAN_POINT('',(-0.500000008419653,0.,-10.1706006896735));
#9138=CARTESIAN_POINT('Origin',(-0.5,0.,-3.85185988877447E-33));
#9139=CARTESIAN_POINT('Origin',(30.8,-7.2,-32.983004836));
#9140=CARTESIAN_POINT('',(27.55,-7.2,-32.983004836));
#9141=CARTESIAN_POINT('Origin',(45.05,-7.2,-32.983004836));
#9142=CARTESIAN_POINT('Origin',(22.5,-2.,-9.));
#9143=CARTESIAN_POINT('',(19.5,-2.,-9.));
#9144=CARTESIAN_POINT('Origin',(54.,-2.,-9.5));
#9145=CARTESIAN_POINT('',(51.,-2.,-9.5));
#9146=CARTESIAN_POINT('Origin',(30.8,0.,-32.983004836));
#9147=CARTESIAN_POINT('',(27.55,-6.2,-32.983004836));
#9148=CARTESIAN_POINT('',(27.55,0.,-32.983004836));
#9149=CARTESIAN_POINT('Origin',(30.8,-6.2,-32.983004836));
#9150=CARTESIAN_POINT('Origin',(30.8,-6.2,-32.983004836));
#9151=CARTESIAN_POINT('Origin',(45.05,-6.2,-32.983004836));
#9152=CARTESIAN_POINT('Origin',(54.,0.,-9.5));
#9153=CARTESIAN_POINT('',(51.,-1.,-9.5));
#9154=CARTESIAN_POINT('',(51.,0.,-9.5));
#9155=CARTESIAN_POINT('Origin',(54.,-1.,-9.5));
#9156=CARTESIAN_POINT('Origin',(54.,-1.,-9.5));
#9157=CARTESIAN_POINT('Origin',(22.5,0.,-9.));
#9158=CARTESIAN_POINT('',(19.5,-1.,-9.));
#9159=CARTESIAN_POINT('',(19.5,0.,-9.));
#9160=CARTESIAN_POINT('Origin',(22.5,-1.,-9.));
#9161=CARTESIAN_POINT('Origin',(22.5,-1.,-9.));
#9162=CARTESIAN_POINT('Origin',(52.0969747872871,0.,-52.3767578103685));
#9163=CARTESIAN_POINT('',(52.0969747872871,-7.5,-52.3767578103685));
#9164=CARTESIAN_POINT('',(52.0969747872871,0.,-52.3767578103685));
#9165=CARTESIAN_POINT('',(39.8148950172429,-7.5,-52.3767578103685));
#9166=CARTESIAN_POINT('',(39.8148950172429,-7.5,-52.3767578103685));
#9167=CARTESIAN_POINT('',(39.8148950172429,0.,-52.3767578103685));
#9168=CARTESIAN_POINT('Origin',(52.0969747872871,0.,-58.740332781685));
#9169=CARTESIAN_POINT('',(52.0969747872871,-7.5,-52.3767578103685));
#9170=CARTESIAN_POINT('Origin',(39.8148950172429,0.,-52.3767578103685));
#9171=CARTESIAN_POINT('',(39.8148950172429,-7.5,-58.740332781685));
#9172=CARTESIAN_POINT('Origin',(45.955934902265,-7.5,-55.5585452960268));
#9173=UNCERTAINTY_MEASURE_WITH_UNIT(LENGTH_MEASURE(0.01),#9177,
'DISTANCE_ACCURACY_VALUE',
'Maximum model space distance between geometric entities at asserted c
onnectivities');
#9174=UNCERTAINTY_MEASURE_WITH_UNIT(LENGTH_MEASURE(0.01),#9177,
'DISTANCE_ACCURACY_VALUE',
'Maximum model space distance between geometric entities at asserted c
onnectivities');
#9175=(
GEOMETRIC_REPRESENTATION_CONTEXT(3)
GLOBAL_UNCERTAINTY_ASSIGNED_CONTEXT((#9173))
GLOBAL_UNIT_ASSIGNED_CONTEXT((#9177,#9178,#9179))
REPRESENTATION_CONTEXT('','3D')
);
#9176=(
GEOMETRIC_REPRESENTATION_CONTEXT(3)
GLOBAL_UNCERTAINTY_ASSIGNED_CONTEXT((#9174))
GLOBAL_UNIT_ASSIGNED_CONTEXT((#9177,#9178,#9179))
REPRESENTATION_CONTEXT('','3D')
);
#9177=(
LENGTH_UNIT()
NAMED_UNIT(*)
SI_UNIT(.MILLI.,.METRE.)
);
#9178=(
NAMED_UNIT(*)
PLANE_ANGLE_UNIT()
SI_UNIT($,.RADIAN.)
);
#9179=(
NAMED_UNIT(*)
SI_UNIT($,.STERADIAN.)
SOLID_ANGLE_UNIT()
);
#9180=SHAPE_DEFINITION_REPRESENTATION(#9181,#9182);
#9181=PRODUCT_DEFINITION_SHAPE('',$,#9184);
#9182=SHAPE_REPRESENTATION('',(#5226),#9175);
#9183=PRODUCT_DEFINITION_CONTEXT('part definition',#9188,'design');
#9184=PRODUCT_DEFINITION('Ender v3se - carriage mount v1.1.1',
'Ender v3se - carriage mount v1.1.1 v2',#9185,#9183);
#9185=PRODUCT_DEFINITION_FORMATION('',$,#9190);
#9186=PRODUCT_RELATED_PRODUCT_CATEGORY(
'Ender v3se - carriage mount v1.1.1 v2',
'Ender v3se - carriage mount v1.1.1 v2',(#9190));
#9187=APPLICATION_PROTOCOL_DEFINITION('international standard',
'automotive_design',2009,#9188);
#9188=APPLICATION_CONTEXT(
'Core Data for Automotive Mechanical Design Process');
#9189=PRODUCT_CONTEXT('part definition',#9188,'mechanical');
#9190=PRODUCT('Ender v3se - carriage mount v1.1.1',
'Ender v3se - carriage mount v1.1.1 v2',$,(#9189));
#9191=PRESENTATION_STYLE_ASSIGNMENT((#9192));
#9192=SURFACE_STYLE_USAGE(.BOTH.,#9193);
#9193=SURFACE_SIDE_STYLE('',(#9194));
#9194=SURFACE_STYLE_FILL_AREA(#9195);
#9195=FILL_AREA_STYLE('Steel - Satin',(#9196));
#9196=FILL_AREA_STYLE_COLOUR('Steel - Satin',#9197);
#9197=COLOUR_RGB('Steel - Satin',0.627450980392157,0.627450980392157,0.627450980392157);
ENDSEC;
END-ISO-10303-21;
